2025-12-16 11:17:07,707 ERROR org.springframework.boot.SpringApplication [restartedMain] Application run failed
java.lang.IllegalStateException: java.lang.IllegalStateException: Logback configuration error detected: 
ERROR in ch.qos.logback.classic.pattern.ClassOfCallerConverter@2e32b18d - failed to parse integer string [1.] java.lang.NumberFormatException: For input string: "1."
ERROR in ch.qos.logback.classic.pattern.ClassOfCallerConverter@4201e3f2 - failed to parse integer string [1.] java.lang.NumberFormatException: For input string: "1."
	at org.springframework.boot.context.logging.LoggingApplicationListener.initializeSystem(LoggingApplicationListener.java:347)
	at org.springframework.boot.context.logging.LoggingApplicationListener.initialize(LoggingApplicationListener.java:298)
	at org.springframework.boot.context.logging.LoggingApplicationListener.onApplicationEnvironmentPreparedEvent(LoggingApplicationListener.java:246)
	at org.springframework.boot.context.logging.LoggingApplicationListener.onApplicationEvent(LoggingApplicationListener.java:223)
	at org.springframework.context.event.SimpleApplicationEventMulticaster.doInvokeListener(SimpleApplicationEventMulticaster.java:185)
	at org.springframework.context.event.SimpleApplicationEventMulticaster.invokeListener(SimpleApplicationEventMulticaster.java:178)
	at org.springframework.context.event.SimpleApplicationEventMulticaster.multicastEvent(SimpleApplicationEventMulticaster.java:156)
	at org.springframework.context.event.SimpleApplicationEventMulticaster.multicastEvent(SimpleApplicationEventMulticaster.java:138)
	at org.springframework.boot.context.event.EventPublishingRunListener.multicastInitialEvent(EventPublishingRunListener.java:136)
	at org.springframework.boot.context.event.EventPublishingRunListener.environmentPrepared(EventPublishingRunListener.java:81)
	at org.springframework.boot.SpringApplicationRunListeners.lambda$environmentPrepared$2(SpringApplicationRunListeners.java:64)
	at java.base/java.lang.Iterable.forEach(Iterable.java:75)
	at org.springframework.boot.SpringApplicationRunListeners.doWithListeners(SpringApplicationRunListeners.java:118)
	at org.springframework.boot.SpringApplicationRunListeners.doWithListeners(SpringApplicationRunListeners.java:112)
	at org.springframework.boot.SpringApplicationRunListeners.environmentPrepared(SpringApplicationRunListeners.java:63)
	at org.springframework.boot.SpringApplication.prepareEnvironment(SpringApplication.java:353)
	at org.springframework.boot.SpringApplication.run(SpringApplication.java:313)
	at org.springframework.boot.SpringApplication.run(SpringApplication.java:1361)
	at org.springframework.boot.SpringApplication.run(SpringApplication.java:1350)
	at com.example.advanced.AdvancedApplication.main(AdvancedApplication.java:10)
	at java.base/jdk.internal.reflect.DirectMethodHandleAccessor.invoke(DirectMethodHandleAccessor.java:103)
	at java.base/java.lang.reflect.Method.invoke(Method.java:580)
	at org.springframework.boot.devtools.restart.RestartLauncher.run(RestartLauncher.java:50)
Caused by: java.lang.IllegalStateException: Logback configuration error detected: 
ERROR in ch.qos.logback.classic.pattern.ClassOfCallerConverter@2e32b18d - failed to parse integer string [1.] java.lang.NumberFormatException: For input string: "1."
ERROR in ch.qos.logback.classic.pattern.ClassOfCallerConverter@4201e3f2 - failed to parse integer string [1.] java.lang.NumberFormatException: For input string: "1."
	at org.springframework.boot.logging.logback.LogbackLoggingSystem.reportConfigurationErrorsIfNecessary(LogbackLoggingSystem.java:289)
	at org.springframework.boot.logging.logback.LogbackLoggingSystem.loadConfiguration(LogbackLoggingSystem.java:267)
	at org.springframework.boot.logging.AbstractLoggingSystem.initializeWithConventions(AbstractLoggingSystem.java:81)
	at org.springframework.boot.logging.AbstractLoggingSystem.initialize(AbstractLoggingSystem.java:61)
	at org.springframework.boot.logging.logback.LogbackLoggingSystem.initialize(LogbackLoggingSystem.java:195)
	at org.springframework.boot.context.logging.LoggingApplicationListener.initializeSystem(LoggingApplicationListener.java:332)
	... 22 common frames omitted
	Suppressed: java.lang.NumberFormatException: For input string: "1."
		at java.base/java.lang.NumberFormatException.forInputString(NumberFormatException.java:67)
		at java.base/java.lang.Integer.parseInt(Integer.java:662)
		at java.base/java.lang.Integer.parseInt(Integer.java:778)
		at ch.qos.logback.classic.pattern.NamedConverter.start(NamedConverter.java:92)
		at ch.qos.logback.core.pattern.ConverterUtil.startConverters(ConverterUtil.java:37)
		at ch.qos.logback.core.pattern.ConverterUtil.startConverters(ConverterUtil.java:33)
		at ch.qos.logback.core.pattern.PatternLayoutBase.start(PatternLayoutBase.java:148)
		at ch.qos.logback.core.model.processor.ImplicitModelHandler.postHandleComplex(ImplicitModelHandler.java:207)
		at ch.qos.logback.core.model.processor.ImplicitModelHandler.postHandle(ImplicitModelHandler.java:186)
		at ch.qos.logback.core.model.processor.DefaultProcessor.secondPhaseTraverse(DefaultProcessor.java:257)
		at ch.qos.logback.core.model.processor.DefaultProcessor.secondPhaseTraverse(DefaultProcessor.java:253)
		at ch.qos.logback.core.model.processor.DefaultProcessor.secondPhaseTraverse(DefaultProcessor.java:253)
		at ch.qos.logback.core.model.processor.DefaultProcessor.traversalLoop(DefaultProcessor.java:90)
		at ch.qos.logback.core.model.processor.DefaultProcessor.process(DefaultProcessor.java:106)
		at ch.qos.logback.core.joran.GenericXMLConfigurator.processModel(GenericXMLConfigurator.java:222)
		at org.springframework.boot.logging.logback.SpringBootJoranConfigurator.processModel(SpringBootJoranConfigurator.java:136)
		at ch.qos.logback.core.joran.GenericXMLConfigurator.doConfigure(GenericXMLConfigurator.java:178)
		at ch.qos.logback.core.joran.GenericXMLConfigurator.doConfigure(GenericXMLConfigurator.java:123)
		at ch.qos.logback.core.joran.GenericXMLConfigurator.doConfigure(GenericXMLConfigurator.java:66)
		at org.springframework.boot.logging.logback.LogbackLoggingSystem.configureByResourceUrl(LogbackLoggingSystem.java:298)
		at org.springframework.boot.logging.logback.LogbackLoggingSystem.lambda$loadConfiguration$2(LogbackLoggingSystem.java:260)
		at org.springframework.boot.logging.logback.LogbackLoggingSystem.withLoggingSuppressed(LogbackLoggingSystem.java:481)
		at org.springframework.boot.logging.logback.LogbackLoggingSystem.loadConfiguration(LogbackLoggingSystem.java:252)
		... 26 common frames omitted
	Suppressed: java.lang.NumberFormatException: For input string: "1."
		at java.base/java.lang.NumberFormatException.forInputString(NumberFormatException.java:67)
		at java.base/java.lang.Integer.parseInt(Integer.java:662)
		at java.base/java.lang.Integer.parseInt(Integer.java:778)
		at ch.qos.logback.classic.pattern.NamedConverter.start(NamedConverter.java:92)
		at ch.qos.logback.core.pattern.ConverterUtil.startConverters(ConverterUtil.java:37)
		at ch.qos.logback.core.pattern.PatternLayoutBase.start(PatternLayoutBase.java:148)
		at ch.qos.logback.classic.encoder.PatternLayoutEncoder.start(PatternLayoutEncoder.java:28)
		at ch.qos.logback.core.model.processor.ImplicitModelHandler.postHandleComplex(ImplicitModelHandler.java:207)
		at ch.qos.logback.core.model.processor.ImplicitModelHandler.postHandle(ImplicitModelHandler.java:186)
		at ch.qos.logback.core.model.processor.DefaultProcessor.secondPhaseTraverse(DefaultProcessor.java:257)
		at ch.qos.logback.core.model.processor.DefaultProcessor.secondPhaseTraverse(DefaultProcessor.java:253)
		at ch.qos.logback.core.model.processor.DefaultProcessor.secondPhaseTraverse(DefaultProcessor.java:253)
		at ch.qos.logback.core.model.processor.DefaultProcessor.traversalLoop(DefaultProcessor.java:90)
		at ch.qos.logback.core.model.processor.DefaultProcessor.process(DefaultProcessor.java:106)
		at ch.qos.logback.core.joran.GenericXMLConfigurator.processModel(GenericXMLConfigurator.java:222)
		at org.springframework.boot.logging.logback.SpringBootJoranConfigurator.processModel(SpringBootJoranConfigurator.java:136)
		at ch.qos.logback.core.joran.GenericXMLConfigurator.doConfigure(GenericXMLConfigurator.java:178)
		at ch.qos.logback.core.joran.GenericXMLConfigurator.doConfigure(GenericXMLConfigurator.java:123)
		at ch.qos.logback.core.joran.GenericXMLConfigurator.doConfigure(GenericXMLConfigurator.java:66)
		at org.springframework.boot.logging.logback.LogbackLoggingSystem.configureByResourceUrl(LogbackLoggingSystem.java:298)
		at org.springframework.boot.logging.logback.LogbackLoggingSystem.lambda$loadConfiguration$2(LogbackLoggingSystem.java:260)
		at org.springframework.boot.logging.logback.LogbackLoggingSystem.withLoggingSuppressed(LogbackLoggingSystem.java:481)
		at org.springframework.boot.logging.logback.LogbackLoggingSystem.loadConfiguration(LogbackLoggingSystem.java:252)
		... 26 common frames omitted
2025-12-16 11:17:27,805 ERROR org.springframework.boot.SpringApplication [restartedMain] Application run failed
java.lang.IllegalStateException: java.lang.IllegalStateException: Logback configuration error detected: 
ERROR in ch.qos.logback.classic.pattern.ClassOfCallerConverter@626d1616 - failed to parse integer string [1.] java.lang.NumberFormatException: For input string: "1."
ERROR in ch.qos.logback.classic.pattern.ClassOfCallerConverter@1398b7c7 - failed to parse integer string [1.] java.lang.NumberFormatException: For input string: "1."
	at org.springframework.boot.context.logging.LoggingApplicationListener.initializeSystem(LoggingApplicationListener.java:347)
	at org.springframework.boot.context.logging.LoggingApplicationListener.initialize(LoggingApplicationListener.java:298)
	at org.springframework.boot.context.logging.LoggingApplicationListener.onApplicationEnvironmentPreparedEvent(LoggingApplicationListener.java:246)
	at org.springframework.boot.context.logging.LoggingApplicationListener.onApplicationEvent(LoggingApplicationListener.java:223)
	at org.springframework.context.event.SimpleApplicationEventMulticaster.doInvokeListener(SimpleApplicationEventMulticaster.java:185)
	at org.springframework.context.event.SimpleApplicationEventMulticaster.invokeListener(SimpleApplicationEventMulticaster.java:178)
	at org.springframework.context.event.SimpleApplicationEventMulticaster.multicastEvent(SimpleApplicationEventMulticaster.java:156)
	at org.springframework.context.event.SimpleApplicationEventMulticaster.multicastEvent(SimpleApplicationEventMulticaster.java:138)
	at org.springframework.boot.context.event.EventPublishingRunListener.multicastInitialEvent(EventPublishingRunListener.java:136)
	at org.springframework.boot.context.event.EventPublishingRunListener.environmentPrepared(EventPublishingRunListener.java:81)
	at org.springframework.boot.SpringApplicationRunListeners.lambda$environmentPrepared$2(SpringApplicationRunListeners.java:64)
	at java.base/java.lang.Iterable.forEach(Iterable.java:75)
	at org.springframework.boot.SpringApplicationRunListeners.doWithListeners(SpringApplicationRunListeners.java:118)
	at org.springframework.boot.SpringApplicationRunListeners.doWithListeners(SpringApplicationRunListeners.java:112)
	at org.springframework.boot.SpringApplicationRunListeners.environmentPrepared(SpringApplicationRunListeners.java:63)
	at org.springframework.boot.SpringApplication.prepareEnvironment(SpringApplication.java:353)
	at org.springframework.boot.SpringApplication.run(SpringApplication.java:313)
	at org.springframework.boot.SpringApplication.run(SpringApplication.java:1361)
	at org.springframework.boot.SpringApplication.run(SpringApplication.java:1350)
	at com.example.advanced.AdvancedApplication.main(AdvancedApplication.java:10)
	at java.base/jdk.internal.reflect.DirectMethodHandleAccessor.invoke(DirectMethodHandleAccessor.java:103)
	at java.base/java.lang.reflect.Method.invoke(Method.java:580)
	at org.springframework.boot.devtools.restart.RestartLauncher.run(RestartLauncher.java:50)
Caused by: java.lang.IllegalStateException: Logback configuration error detected: 
ERROR in ch.qos.logback.classic.pattern.ClassOfCallerConverter@626d1616 - failed to parse integer string [1.] java.lang.NumberFormatException: For input string: "1."
ERROR in ch.qos.logback.classic.pattern.ClassOfCallerConverter@1398b7c7 - failed to parse integer string [1.] java.lang.NumberFormatException: For input string: "1."
	at org.springframework.boot.logging.logback.LogbackLoggingSystem.reportConfigurationErrorsIfNecessary(LogbackLoggingSystem.java:289)
	at org.springframework.boot.logging.logback.LogbackLoggingSystem.loadConfiguration(LogbackLoggingSystem.java:267)
	at org.springframework.boot.logging.AbstractLoggingSystem.initializeWithConventions(AbstractLoggingSystem.java:81)
	at org.springframework.boot.logging.AbstractLoggingSystem.initialize(AbstractLoggingSystem.java:61)
	at org.springframework.boot.logging.logback.LogbackLoggingSystem.initialize(LogbackLoggingSystem.java:195)
	at org.springframework.boot.context.logging.LoggingApplicationListener.initializeSystem(LoggingApplicationListener.java:332)
	... 22 common frames omitted
	Suppressed: java.lang.NumberFormatException: For input string: "1."
		at java.base/java.lang.NumberFormatException.forInputString(NumberFormatException.java:67)
		at java.base/java.lang.Integer.parseInt(Integer.java:662)
		at java.base/java.lang.Integer.parseInt(Integer.java:778)
		at ch.qos.logback.classic.pattern.NamedConverter.start(NamedConverter.java:92)
		at ch.qos.logback.core.pattern.ConverterUtil.startConverters(ConverterUtil.java:37)
		at ch.qos.logback.core.pattern.ConverterUtil.startConverters(ConverterUtil.java:33)
		at ch.qos.logback.core.pattern.PatternLayoutBase.start(PatternLayoutBase.java:148)
		at ch.qos.logback.core.model.processor.ImplicitModelHandler.postHandleComplex(ImplicitModelHandler.java:207)
		at ch.qos.logback.core.model.processor.ImplicitModelHandler.postHandle(ImplicitModelHandler.java:186)
		at ch.qos.logback.core.model.processor.DefaultProcessor.secondPhaseTraverse(DefaultProcessor.java:257)
		at ch.qos.logback.core.model.processor.DefaultProcessor.secondPhaseTraverse(DefaultProcessor.java:253)
		at ch.qos.logback.core.model.processor.DefaultProcessor.secondPhaseTraverse(DefaultProcessor.java:253)
		at ch.qos.logback.core.model.processor.DefaultProcessor.traversalLoop(DefaultProcessor.java:90)
		at ch.qos.logback.core.model.processor.DefaultProcessor.process(DefaultProcessor.java:106)
		at ch.qos.logback.core.joran.GenericXMLConfigurator.processModel(GenericXMLConfigurator.java:222)
		at org.springframework.boot.logging.logback.SpringBootJoranConfigurator.processModel(SpringBootJoranConfigurator.java:136)
		at ch.qos.logback.core.joran.GenericXMLConfigurator.doConfigure(GenericXMLConfigurator.java:178)
		at ch.qos.logback.core.joran.GenericXMLConfigurator.doConfigure(GenericXMLConfigurator.java:123)
		at ch.qos.logback.core.joran.GenericXMLConfigurator.doConfigure(GenericXMLConfigurator.java:66)
		at org.springframework.boot.logging.logback.LogbackLoggingSystem.configureByResourceUrl(LogbackLoggingSystem.java:298)
		at org.springframework.boot.logging.logback.LogbackLoggingSystem.lambda$loadConfiguration$2(LogbackLoggingSystem.java:260)
		at org.springframework.boot.logging.logback.LogbackLoggingSystem.withLoggingSuppressed(LogbackLoggingSystem.java:481)
		at org.springframework.boot.logging.logback.LogbackLoggingSystem.loadConfiguration(LogbackLoggingSystem.java:252)
		... 26 common frames omitted
	Suppressed: java.lang.NumberFormatException: For input string: "1."
		at java.base/java.lang.NumberFormatException.forInputString(NumberFormatException.java:67)
		at java.base/java.lang.Integer.parseInt(Integer.java:662)
		at java.base/java.lang.Integer.parseInt(Integer.java:778)
		at ch.qos.logback.classic.pattern.NamedConverter.start(NamedConverter.java:92)
		at ch.qos.logback.core.pattern.ConverterUtil.startConverters(ConverterUtil.java:37)
		at ch.qos.logback.core.pattern.PatternLayoutBase.start(PatternLayoutBase.java:148)
		at ch.qos.logback.classic.encoder.PatternLayoutEncoder.start(PatternLayoutEncoder.java:28)
		at ch.qos.logback.core.model.processor.ImplicitModelHandler.postHandleComplex(ImplicitModelHandler.java:207)
		at ch.qos.logback.core.model.processor.ImplicitModelHandler.postHandle(ImplicitModelHandler.java:186)
		at ch.qos.logback.core.model.processor.DefaultProcessor.secondPhaseTraverse(DefaultProcessor.java:257)
		at ch.qos.logback.core.model.processor.DefaultProcessor.secondPhaseTraverse(DefaultProcessor.java:253)
		at ch.qos.logback.core.model.processor.DefaultProcessor.secondPhaseTraverse(DefaultProcessor.java:253)
		at ch.qos.logback.core.model.processor.DefaultProcessor.traversalLoop(DefaultProcessor.java:90)
		at ch.qos.logback.core.model.processor.DefaultProcessor.process(DefaultProcessor.java:106)
		at ch.qos.logback.core.joran.GenericXMLConfigurator.processModel(GenericXMLConfigurator.java:222)
		at org.springframework.boot.logging.logback.SpringBootJoranConfigurator.processModel(SpringBootJoranConfigurator.java:136)
		at ch.qos.logback.core.joran.GenericXMLConfigurator.doConfigure(GenericXMLConfigurator.java:178)
		at ch.qos.logback.core.joran.GenericXMLConfigurator.doConfigure(GenericXMLConfigurator.java:123)
		at ch.qos.logback.core.joran.GenericXMLConfigurator.doConfigure(GenericXMLConfigurator.java:66)
		at org.springframework.boot.logging.logback.LogbackLoggingSystem.configureByResourceUrl(LogbackLoggingSystem.java:298)
		at org.springframework.boot.logging.logback.LogbackLoggingSystem.lambda$loadConfiguration$2(LogbackLoggingSystem.java:260)
		at org.springframework.boot.logging.logback.LogbackLoggingSystem.withLoggingSuppressed(LogbackLoggingSystem.java:481)
		at org.springframework.boot.logging.logback.LogbackLoggingSystem.loadConfiguration(LogbackLoggingSystem.java:252)
		... 26 common frames omitted
2025-12-16 13:53:49,277 INFO o.s.b.StartupInfoLogger [restartedMain] Starting AdvancedApplication using Java 21.0.8 with PID 98554 (/home/cao.thanh.sang@sun-asterisk.com/Downloads/advanced/target/classes started by cao.thanh.sang@sun-asterisk.com in /home/cao.thanh.sang@sun-asterisk.com/Downloads/advanced)
2025-12-16 13:53:49,279 DEBUG o.s.b.StartupInfoLogger [restartedMain] Running with Spring Boot v3.5.8, Spring v6.2.14
2025-12-16 13:53:49,280 INFO o.s.b.SpringApplication [restartedMain] No active profile set, falling back to 1 default profile: "default"
2025-12-16 13:53:49,311 INFO o.s.b.l.LogLevel [restartedMain] Devtools property defaults active! Set 'spring.devtools.add-properties' to 'false' to disable
2025-12-16 13:53:49,312 INFO o.s.b.l.LogLevel [restartedMain] For additional web related logging consider setting the 'logging.level.web' property to 'DEBUG'
2025-12-16 13:53:49,763 INFO o.s.d.r.c.RepositoryConfigurationDelegate [restartedMain] Bootstrapping Spring Data JPA repositories in DEFAULT mode.
2025-12-16 13:53:49,787 INFO o.s.d.r.c.RepositoryConfigurationDelegate [restartedMain] Finished Spring Data repository scanning in 18 ms. Found 1 JPA repository interface.
2025-12-16 13:53:49,789 INFO o.s.d.r.c.RepositoryConfigurationDelegate [restartedMain] Bootstrapping Spring Data JPA repositories in DEFAULT mode.
2025-12-16 13:53:49,792 INFO o.s.d.r.c.RepositoryConfigurationDelegate [restartedMain] Finished Spring Data repository scanning in 2 ms. Found 1 JPA repository interface.
2025-12-16 13:53:50,584 INFO o.s.b.w.e.t.TomcatWebServer [restartedMain] Tomcat initialized with port 8090 (http)
2025-12-16 13:53:50,594 INFO o.a.j.l.DirectJDKLog [restartedMain] Initializing ProtocolHandler ["http-nio-8090"]
2025-12-16 13:53:50,596 INFO o.a.j.l.DirectJDKLog [restartedMain] Starting service [Tomcat]
2025-12-16 13:53:50,596 INFO o.a.j.l.DirectJDKLog [restartedMain] Starting Servlet engine: [Apache Tomcat/10.1.49]
2025-12-16 13:53:50,629 INFO o.a.j.l.DirectJDKLog [restartedMain] Initializing Spring embedded WebApplicationContext
2025-12-16 13:53:50,629 INFO o.s.b.w.s.c.ServletWebServerApplicationContext [restartedMain] Root WebApplicationContext: initialization completed in 1316 ms
2025-12-16 13:53:50,774 INFO c.z.h.HikariDataSource [restartedMain] HikariPool-1 - Starting...
2025-12-16 13:53:50,888 INFO c.z.h.p.HikariPool [restartedMain] HikariPool-1 - Added connection com.mysql.cj.jdbc.ConnectionImpl@4fe6dd69
2025-12-16 13:53:50,889 INFO c.z.h.HikariDataSource [restartedMain] HikariPool-1 - Start completed.
2025-12-16 13:53:50,914 INFO o.h.j.i.u.LogHelper [restartedMain] HHH000204: Processing PersistenceUnitInfo [name: mysqlPU]
2025-12-16 13:53:50,940 INFO o.h.Version [restartedMain] HHH000412: Hibernate ORM core version 6.6.36.Final
2025-12-16 13:53:50,959 INFO o.h.c.i.RegionFactoryInitiator [restartedMain] HHH000026: Second-level cache disabled
2025-12-16 13:53:51,131 INFO o.s.o.j.p.SpringPersistenceUnitInfo [restartedMain] No LoadTimeWeaver setup: ignoring JPA class transformer
2025-12-16 13:53:51,214 WARN o.h.e.j.d.i.DialectFactoryImpl [restartedMain] HHH90000025: MySQLDialect does not need to be specified explicitly using 'hibernate.dialect' (remove the property setting and it will be selected by default)
2025-12-16 13:53:51,225 INFO o.h.e.j.e.i.JdbcEnvironmentInitiator [restartedMain] HHH10001005: Database info:
	Database JDBC URL [Connecting through datasource 'HikariDataSource (HikariPool-1)']
	Database driver: undefined/unknown
	Database version: 8.0.44
	Autocommit mode: undefined/unknown
	Isolation level: undefined/unknown
	Minimum pool size: undefined/unknown
	Maximum pool size: undefined/unknown
2025-12-16 13:53:51,638 INFO o.h.e.t.j.p.i.JtaPlatformInitiator [restartedMain] HHH000489: No JTA platform available (set 'hibernate.transaction.jta.platform' to enable JTA platform integration)
2025-12-16 13:53:51,670 INFO o.s.o.j.AbstractEntityManagerFactoryBean [restartedMain] Initialized JPA EntityManagerFactory for persistence unit 'mysqlPU'
2025-12-16 13:53:51,689 INFO c.z.h.HikariDataSource [restartedMain] HikariPool-2 - Starting...
2025-12-16 13:53:51,915 INFO c.z.h.p.HikariPool [restartedMain] HikariPool-2 - Added connection org.postgresql.jdbc.PgConnection@75c8b675
2025-12-16 13:53:51,916 INFO c.z.h.HikariDataSource [restartedMain] HikariPool-2 - Start completed.
2025-12-16 13:53:51,919 INFO o.h.j.i.u.LogHelper [restartedMain] HHH000204: Processing PersistenceUnitInfo [name: postgresPU]
2025-12-16 13:53:51,921 INFO o.h.c.i.RegionFactoryInitiator [restartedMain] HHH000026: Second-level cache disabled
2025-12-16 13:53:51,927 INFO o.s.o.j.p.SpringPersistenceUnitInfo [restartedMain] No LoadTimeWeaver setup: ignoring JPA class transformer
2025-12-16 13:53:51,936 WARN o.h.e.j.d.i.DialectFactoryImpl [restartedMain] HHH90000025: PostgreSQLDialect does not need to be specified explicitly using 'hibernate.dialect' (remove the property setting and it will be selected by default)
2025-12-16 13:53:51,939 INFO o.h.e.j.e.i.JdbcEnvironmentInitiator [restartedMain] HHH10001005: Database info:
	Database JDBC URL [Connecting through datasource 'HikariDataSource (HikariPool-2)']
	Database driver: undefined/unknown
	Database version: 14.20
	Autocommit mode: undefined/unknown
	Isolation level: undefined/unknown
	Minimum pool size: undefined/unknown
	Maximum pool size: undefined/unknown
2025-12-16 13:53:51,984 INFO o.h.e.t.j.p.i.JtaPlatformInitiator [restartedMain] HHH000489: No JTA platform available (set 'hibernate.transaction.jta.platform' to enable JTA platform integration)
2025-12-16 13:53:51,999 INFO o.s.o.j.AbstractEntityManagerFactoryBean [restartedMain] Initialized JPA EntityManagerFactory for persistence unit 'postgresPU'
2025-12-16 13:53:52,621 WARN o.s.b.a.o.j.JpaBaseConfiguration$JpaWebConfiguration [restartedMain] spring.jpa.open-in-view is enabled by default. Therefore, database queries may be performed during view rendering. Explicitly configure spring.jpa.open-in-view to disable this warning
2025-12-16 13:53:52,893 INFO o.s.v.b.OptionalValidatorFactoryBean [restartedMain] Failed to set up a Bean Validation provider: jakarta.validation.NoProviderFoundException: Unable to create a Configuration, because no Jakarta Bean Validation provider could be found. Add a provider like Hibernate Validator (RI) to your classpath.
2025-12-16 13:53:53,114 INFO o.s.b.d.a.OptionalLiveReloadServer [restartedMain] LiveReload server is running on port 35729
2025-12-16 13:53:53,132 INFO o.s.c.l.CompositeLog [restartedMain] Starting...
2025-12-16 13:53:53,133 INFO o.s.c.l.CompositeLog [restartedMain] BrokerAvailabilityEvent[available=true, SimpleBrokerMessageHandler [org.springframework.messaging.simp.broker.DefaultSubscriptionRegistry@5067a21e]]
2025-12-16 13:53:53,134 INFO o.s.c.l.CompositeLog [restartedMain] Started.
2025-12-16 13:53:53,134 INFO o.a.j.l.DirectJDKLog [restartedMain] Starting ProtocolHandler ["http-nio-8090"]
2025-12-16 13:53:53,142 INFO o.s.b.w.e.t.TomcatWebServer [restartedMain] Tomcat started on port 8090 (http) with context path '/'
2025-12-16 13:53:53,145 INFO o.s.a.r.c.AbstractConnectionFactory [restartedMain] Attempting to connect to: [localhost:5672]
2025-12-16 13:53:53,168 INFO o.s.a.r.c.AbstractConnectionFactory [restartedMain] Created new connection: rabbitConnectionFactory#4f806c5d:0/SimpleConnection@6580ecba [delegate=amqp://guest@127.0.0.1:5672/, localPort=52522]
2025-12-16 13:53:53,208 INFO o.s.b.StartupInfoLogger [restartedMain] Started AdvancedApplication in 4.3 seconds (process running for 4.59)
2025-12-16 13:53:53,212 INFO c.e.a.s.NotificationService [MessageBroker-1] ⏰ [Scheduler] Báo cáo hệ thống lúc: 2025-12-16T13:53:53.211924367 - Bởi: MessageBroker-1
2025-12-16 13:54:08,543 INFO o.s.b.d.a.LocalDevToolsAutoConfiguration$RestartingClassPathChangeChangedEventListener [File Watcher] Restarting due to 1 class path change (0 additions, 0 deletions, 1 modification)
2025-12-16 13:54:08,552 INFO o.s.a.r.l.SimpleMessageListenerContainer [org.springframework.amqp.rabbit.RabbitListenerEndpointContainer#0-2] Waiting for workers to finish.
2025-12-16 13:54:09,204 INFO o.s.a.r.l.SimpleMessageListenerContainer [org.springframework.amqp.rabbit.RabbitListenerEndpointContainer#0-2] Successfully waited for workers to finish.
2025-12-16 13:54:09,206 INFO o.s.b.w.e.t.GracefulShutdown [Thread-5] Commencing graceful shutdown. Waiting for active requests to complete
2025-12-16 13:54:09,208 INFO o.a.j.l.DirectJDKLog [tomcat-shutdown] Pausing ProtocolHandler ["http-nio-8090"]
2025-12-16 13:54:09,211 INFO o.s.b.w.e.t.GracefulShutdown [tomcat-shutdown] Graceful shutdown complete
2025-12-16 13:54:09,211 INFO o.a.j.l.DirectJDKLog [Thread-5] Stopping ProtocolHandler ["http-nio-8090"]
2025-12-16 13:54:09,214 INFO o.s.c.l.CompositeLog [Thread-5] Stopping...
2025-12-16 13:54:09,214 INFO o.s.c.l.CompositeLog [Thread-5] BrokerAvailabilityEvent[available=false, SimpleBrokerMessageHandler [org.springframework.messaging.simp.broker.DefaultSubscriptionRegistry@5067a21e]]
2025-12-16 13:54:09,214 INFO o.s.c.l.CompositeLog [Thread-5] Stopped.
2025-12-16 13:54:09,224 INFO o.s.o.j.AbstractEntityManagerFactoryBean [Thread-5] Closing JPA EntityManagerFactory for persistence unit 'postgresPU'
2025-12-16 13:54:09,226 INFO c.z.h.HikariDataSource [Thread-5] HikariPool-2 - Shutdown initiated...
2025-12-16 13:54:09,232 INFO c.z.h.HikariDataSource [Thread-5] HikariPool-2 - Shutdown completed.
2025-12-16 13:54:09,233 INFO o.s.o.j.AbstractEntityManagerFactoryBean [Thread-5] Closing JPA EntityManagerFactory for persistence unit 'mysqlPU'
2025-12-16 13:54:09,234 INFO c.z.h.HikariDataSource [Thread-5] HikariPool-1 - Shutdown initiated...
2025-12-16 13:54:09,239 INFO c.z.h.HikariDataSource [Thread-5] HikariPool-1 - Shutdown completed.
2025-12-16 13:54:53,112 INFO o.s.b.StartupInfoLogger [restartedMain] Starting AdvancedApplication using Java 21.0.8 with PID 98692 (/home/cao.thanh.sang@sun-asterisk.com/Downloads/advanced/target/classes started by cao.thanh.sang@sun-asterisk.com in /home/cao.thanh.sang@sun-asterisk.com/Downloads/advanced)
2025-12-16 13:54:53,112 DEBUG o.s.b.StartupInfoLogger [restartedMain] Running with Spring Boot v3.5.8, Spring v6.2.14
2025-12-16 13:54:53,113 INFO o.s.b.SpringApplication [restartedMain] No active profile set, falling back to 1 default profile: "default"
2025-12-16 13:54:53,222 INFO o.s.d.r.c.RepositoryConfigurationDelegate [restartedMain] Bootstrapping Spring Data JPA repositories in DEFAULT mode.
2025-12-16 13:54:53,228 INFO o.s.d.r.c.RepositoryConfigurationDelegate [restartedMain] Finished Spring Data repository scanning in 5 ms. Found 1 JPA repository interface.
2025-12-16 13:54:53,229 INFO o.s.d.r.c.RepositoryConfigurationDelegate [restartedMain] Bootstrapping Spring Data JPA repositories in DEFAULT mode.
2025-12-16 13:54:53,232 INFO o.s.d.r.c.RepositoryConfigurationDelegate [restartedMain] Finished Spring Data repository scanning in 2 ms. Found 1 JPA repository interface.
2025-12-16 13:54:53,420 INFO o.s.b.w.e.t.TomcatWebServer [restartedMain] Tomcat initialized with port 8090 (http)
2025-12-16 13:54:53,421 INFO o.a.j.l.DirectJDKLog [restartedMain] Starting service [Tomcat]
2025-12-16 13:54:53,421 INFO o.a.j.l.DirectJDKLog [restartedMain] Starting Servlet engine: [Apache Tomcat/10.1.49]
2025-12-16 13:54:53,434 INFO o.a.j.l.DirectJDKLog [restartedMain] Initializing Spring embedded WebApplicationContext
2025-12-16 13:54:53,434 INFO o.s.b.w.s.c.ServletWebServerApplicationContext [restartedMain] Root WebApplicationContext: initialization completed in 320 ms
2025-12-16 13:54:53,472 INFO c.z.h.HikariDataSource [restartedMain] HikariPool-3 - Starting...
2025-12-16 13:54:53,477 INFO c.z.h.p.HikariPool [restartedMain] HikariPool-3 - Added connection com.mysql.cj.jdbc.ConnectionImpl@1113cbbd
2025-12-16 13:54:53,477 INFO c.z.h.HikariDataSource [restartedMain] HikariPool-3 - Start completed.
2025-12-16 13:54:53,480 INFO o.h.j.i.u.LogHelper [restartedMain] HHH000204: Processing PersistenceUnitInfo [name: mysqlPU]
2025-12-16 13:54:53,482 INFO o.h.c.i.RegionFactoryInitiator [restartedMain] HHH000026: Second-level cache disabled
2025-12-16 13:54:53,489 INFO o.s.o.j.p.SpringPersistenceUnitInfo [restartedMain] No LoadTimeWeaver setup: ignoring JPA class transformer
2025-12-16 13:54:53,492 WARN o.h.e.j.d.i.DialectFactoryImpl [restartedMain] HHH90000025: MySQLDialect does not need to be specified explicitly using 'hibernate.dialect' (remove the property setting and it will be selected by default)
2025-12-16 13:54:53,493 INFO o.h.e.j.e.i.JdbcEnvironmentInitiator [restartedMain] HHH10001005: Database info:
	Database JDBC URL [Connecting through datasource 'HikariDataSource (HikariPool-3)']
	Database driver: undefined/unknown
	Database version: 8.0.44
	Autocommit mode: undefined/unknown
	Isolation level: undefined/unknown
	Minimum pool size: undefined/unknown
	Maximum pool size: undefined/unknown
2025-12-16 13:54:53,527 INFO o.h.e.t.j.p.i.JtaPlatformInitiator [restartedMain] HHH000489: No JTA platform available (set 'hibernate.transaction.jta.platform' to enable JTA platform integration)
2025-12-16 13:54:53,534 INFO o.s.o.j.AbstractEntityManagerFactoryBean [restartedMain] Initialized JPA EntityManagerFactory for persistence unit 'mysqlPU'
2025-12-16 13:54:53,541 INFO c.z.h.HikariDataSource [restartedMain] HikariPool-4 - Starting...
2025-12-16 13:54:53,559 INFO c.z.h.p.HikariPool [restartedMain] HikariPool-4 - Added connection org.postgresql.jdbc.PgConnection@f2e55b1
2025-12-16 13:54:53,560 INFO c.z.h.HikariDataSource [restartedMain] HikariPool-4 - Start completed.
2025-12-16 13:54:53,561 INFO o.h.j.i.u.LogHelper [restartedMain] HHH000204: Processing PersistenceUnitInfo [name: postgresPU]
2025-12-16 13:54:53,562 INFO o.h.c.i.RegionFactoryInitiator [restartedMain] HHH000026: Second-level cache disabled
2025-12-16 13:54:53,568 INFO o.s.o.j.p.SpringPersistenceUnitInfo [restartedMain] No LoadTimeWeaver setup: ignoring JPA class transformer
2025-12-16 13:54:53,574 WARN o.h.e.j.d.i.DialectFactoryImpl [restartedMain] HHH90000025: PostgreSQLDialect does not need to be specified explicitly using 'hibernate.dialect' (remove the property setting and it will be selected by default)
2025-12-16 13:54:53,576 INFO o.h.e.j.e.i.JdbcEnvironmentInitiator [restartedMain] HHH10001005: Database info:
	Database JDBC URL [Connecting through datasource 'HikariDataSource (HikariPool-4)']
	Database driver: undefined/unknown
	Database version: 14.20
	Autocommit mode: undefined/unknown
	Isolation level: undefined/unknown
	Minimum pool size: undefined/unknown
	Maximum pool size: undefined/unknown
2025-12-16 13:54:53,595 INFO o.h.e.t.j.p.i.JtaPlatformInitiator [restartedMain] HHH000489: No JTA platform available (set 'hibernate.transaction.jta.platform' to enable JTA platform integration)
2025-12-16 13:54:53,605 INFO o.s.o.j.AbstractEntityManagerFactoryBean [restartedMain] Initialized JPA EntityManagerFactory for persistence unit 'postgresPU'
2025-12-16 13:54:53,740 WARN o.s.b.a.o.j.JpaBaseConfiguration$JpaWebConfiguration [restartedMain] spring.jpa.open-in-view is enabled by default. Therefore, database queries may be performed during view rendering. Explicitly configure spring.jpa.open-in-view to disable this warning
2025-12-16 13:54:53,813 INFO o.s.v.b.OptionalValidatorFactoryBean [restartedMain] Failed to set up a Bean Validation provider: jakarta.validation.NoProviderFoundException: Unable to create a Configuration, because no Jakarta Bean Validation provider could be found. Add a provider like Hibernate Validator (RI) to your classpath.
2025-12-16 13:54:53,879 INFO o.s.b.d.a.OptionalLiveReloadServer [restartedMain] LiveReload server is running on port 35729
2025-12-16 13:54:53,885 INFO o.s.c.l.CompositeLog [restartedMain] Starting...
2025-12-16 13:54:53,885 INFO o.s.c.l.CompositeLog [restartedMain] BrokerAvailabilityEvent[available=true, SimpleBrokerMessageHandler [org.springframework.messaging.simp.broker.DefaultSubscriptionRegistry@7dfd4340]]
2025-12-16 13:54:53,885 INFO o.s.c.l.CompositeLog [restartedMain] Started.
2025-12-16 13:54:53,886 INFO o.s.b.w.e.t.TomcatWebServer [restartedMain] Tomcat started on port 8090 (http) with context path '/'
2025-12-16 13:54:53,887 INFO o.s.a.r.c.AbstractConnectionFactory [restartedMain] Attempting to connect to: [localhost:5672]
2025-12-16 13:54:53,890 INFO o.s.a.r.c.AbstractConnectionFactory [restartedMain] Created new connection: rabbitConnectionFactory#19ef4ae7:0/SimpleConnection@59235de3 [delegate=amqp://guest@127.0.0.1:5672/, localPort=47314]
2025-12-16 13:54:53,901 INFO c.e.a.s.NotificationService [MessageBroker-1] ⏰ [Scheduler] Báo cáo hệ thống lúc: 2025-12-16T13:54:53.901012748 - Bởi: MessageBroker-1
2025-12-16 13:54:53,901 INFO o.s.b.StartupInfoLogger [restartedMain] Started AdvancedApplication in 0.851 seconds (process running for 29.446)
2025-12-16 13:54:53,903 INFO o.s.b.d.a.ConditionEvaluationDeltaLoggingListener [restartedMain] Condition evaluation unchanged
2025-12-16 13:55:23,901 INFO c.e.a.s.NotificationService [MessageBroker-2] ⏰ [Scheduler] Báo cáo hệ thống lúc: 2025-12-16T13:55:23.900958901 - Bởi: MessageBroker-2
2025-12-16 13:55:53,889 INFO o.s.w.s.c.WebSocketMessageBrokerStats [MessageBroker-1] WebSocketSession[0 current WS(0)-HttpStream(0)-HttpPoll(0), 0 total, 0 closed abnormally (0 connect failure, 0 send limit, 0 transport error)], stompSubProtocol[processed CONNECT(0)-CONNECTED(0)-DISCONNECT(0)], stompBrokerRelay[null], inboundChannel[pool size = 0, active threads = 0, queued tasks = 0, completed tasks = 0], outboundChannel[pool size = 0, active threads = 0, queued tasks = 0, completed tasks = 0], sockJsScheduler[pool size = 4, active threads = 1, queued tasks = 1, completed tasks = 2]
2025-12-16 13:55:53,901 INFO c.e.a.s.NotificationService [MessageBroker-3] ⏰ [Scheduler] Báo cáo hệ thống lúc: 2025-12-16T13:55:53.901119537 - Bởi: MessageBroker-3
2025-12-16 13:56:23,901 INFO c.e.a.s.NotificationService [MessageBroker-4] ⏰ [Scheduler] Báo cáo hệ thống lúc: 2025-12-16T13:56:23.901164259 - Bởi: MessageBroker-4
2025-12-16 13:56:53,901 INFO c.e.a.s.NotificationService [MessageBroker-5] ⏰ [Scheduler] Báo cáo hệ thống lúc: 2025-12-16T13:56:53.901281552 - Bởi: MessageBroker-5
2025-12-16 13:57:23,901 INFO c.e.a.s.NotificationService [MessageBroker-3] ⏰ [Scheduler] Báo cáo hệ thống lúc: 2025-12-16T13:57:23.901035534 - Bởi: MessageBroker-3
2025-12-16 13:57:53,901 INFO c.e.a.s.NotificationService [MessageBroker-1] ⏰ [Scheduler] Báo cáo hệ thống lúc: 2025-12-16T13:57:53.900963051 - Bởi: MessageBroker-1
2025-12-16 13:58:23,901 INFO c.e.a.s.NotificationService [MessageBroker-7] ⏰ [Scheduler] Báo cáo hệ thống lúc: 2025-12-16T13:58:23.901145419 - Bởi: MessageBroker-7
2025-12-16 13:58:53,901 INFO c.e.a.s.NotificationService [MessageBroker-5] ⏰ [Scheduler] Báo cáo hệ thống lúc: 2025-12-16T13:58:53.901263594 - Bởi: MessageBroker-5
2025-12-16 13:59:23,901 INFO c.e.a.s.NotificationService [MessageBroker-6] ⏰ [Scheduler] Báo cáo hệ thống lúc: 2025-12-16T13:59:23.901292454 - Bởi: MessageBroker-6
2025-12-16 13:59:53,901 INFO c.e.a.s.NotificationService [MessageBroker-9] ⏰ [Scheduler] Báo cáo hệ thống lúc: 2025-12-16T13:59:53.901266052 - Bởi: MessageBroker-9
2025-12-16 14:00:23,901 INFO c.e.a.s.NotificationService [MessageBroker-1] ⏰ [Scheduler] Báo cáo hệ thống lúc: 2025-12-16T14:00:23.901077048 - Bởi: MessageBroker-1
2025-12-16 14:00:53,901 INFO c.e.a.s.NotificationService [MessageBroker-2] ⏰ [Scheduler] Báo cáo hệ thống lúc: 2025-12-16T14:00:53.901145610 - Bởi: MessageBroker-2
2025-12-16 14:01:23,901 INFO c.e.a.s.NotificationService [MessageBroker-11] ⏰ [Scheduler] Báo cáo hệ thống lúc: 2025-12-16T14:01:23.901314888 - Bởi: MessageBroker-11
2025-12-16 14:01:53,901 INFO c.e.a.s.NotificationService [MessageBroker-11] ⏰ [Scheduler] Báo cáo hệ thống lúc: 2025-12-16T14:01:53.901189572 - Bởi: MessageBroker-11
2025-12-16 14:02:23,901 INFO c.e.a.s.NotificationService [MessageBroker-11] ⏰ [Scheduler] Báo cáo hệ thống lúc: 2025-12-16T14:02:23.901004270 - Bởi: MessageBroker-11
2025-12-16 14:02:53,900 INFO c.e.a.s.NotificationService [MessageBroker-11] ⏰ [Scheduler] Báo cáo hệ thống lúc: 2025-12-16T14:02:53.900757935 - Bởi: MessageBroker-11
2025-12-16 14:03:23,900 INFO c.e.a.s.NotificationService [MessageBroker-11] ⏰ [Scheduler] Báo cáo hệ thống lúc: 2025-12-16T14:03:23.900844018 - Bởi: MessageBroker-11
2025-12-16 14:03:53,901 INFO c.e.a.s.NotificationService [MessageBroker-11] ⏰ [Scheduler] Báo cáo hệ thống lúc: 2025-12-16T14:03:53.900948964 - Bởi: MessageBroker-11
2025-12-16 14:04:23,900 INFO c.e.a.s.NotificationService [MessageBroker-11] ⏰ [Scheduler] Báo cáo hệ thống lúc: 2025-12-16T14:04:23.900933752 - Bởi: MessageBroker-11
2025-12-16 14:04:53,901 INFO c.e.a.s.NotificationService [MessageBroker-11] ⏰ [Scheduler] Báo cáo hệ thống lúc: 2025-12-16T14:04:53.901002387 - Bởi: MessageBroker-11
2025-12-16 14:05:23,901 INFO c.e.a.s.NotificationService [MessageBroker-11] ⏰ [Scheduler] Báo cáo hệ thống lúc: 2025-12-16T14:05:23.901093053 - Bởi: MessageBroker-11
2025-12-16 14:05:53,901 INFO c.e.a.s.NotificationService [MessageBroker-11] ⏰ [Scheduler] Báo cáo hệ thống lúc: 2025-12-16T14:05:53.901020688 - Bởi: MessageBroker-11
2025-12-16 14:06:23,900 INFO c.e.a.s.NotificationService [MessageBroker-11] ⏰ [Scheduler] Báo cáo hệ thống lúc: 2025-12-16T14:06:23.900856782 - Bởi: MessageBroker-11
2025-12-16 14:06:53,901 INFO c.e.a.s.NotificationService [MessageBroker-11] ⏰ [Scheduler] Báo cáo hệ thống lúc: 2025-12-16T14:06:53.900965498 - Bởi: MessageBroker-11
2025-12-16 14:07:23,900 INFO c.e.a.s.NotificationService [MessageBroker-11] ⏰ [Scheduler] Báo cáo hệ thống lúc: 2025-12-16T14:07:23.900763503 - Bởi: MessageBroker-11
2025-12-16 14:07:53,900 INFO c.e.a.s.NotificationService [MessageBroker-11] ⏰ [Scheduler] Báo cáo hệ thống lúc: 2025-12-16T14:07:53.900854201 - Bởi: MessageBroker-11
2025-12-16 14:08:23,901 INFO c.e.a.s.NotificationService [MessageBroker-11] ⏰ [Scheduler] Báo cáo hệ thống lúc: 2025-12-16T14:08:23.901059752 - Bởi: MessageBroker-11
2025-12-16 14:08:53,900 INFO c.e.a.s.NotificationService [MessageBroker-11] ⏰ [Scheduler] Báo cáo hệ thống lúc: 2025-12-16T14:08:53.900828715 - Bởi: MessageBroker-11
2025-12-16 14:09:23,900 INFO c.e.a.s.NotificationService [MessageBroker-11] ⏰ [Scheduler] Báo cáo hệ thống lúc: 2025-12-16T14:09:23.900870403 - Bởi: MessageBroker-11
2025-12-16 14:09:53,900 INFO c.e.a.s.NotificationService [MessageBroker-11] ⏰ [Scheduler] Báo cáo hệ thống lúc: 2025-12-16T14:09:53.900871684 - Bởi: MessageBroker-11
2025-12-16 14:10:23,900 INFO c.e.a.s.NotificationService [MessageBroker-11] ⏰ [Scheduler] Báo cáo hệ thống lúc: 2025-12-16T14:10:23.900807822 - Bởi: MessageBroker-11
2025-12-16 14:10:53,900 INFO c.e.a.s.NotificationService [MessageBroker-11] ⏰ [Scheduler] Báo cáo hệ thống lúc: 2025-12-16T14:10:53.900851067 - Bởi: MessageBroker-11
2025-12-16 14:11:23,900 INFO c.e.a.s.NotificationService [MessageBroker-11] ⏰ [Scheduler] Báo cáo hệ thống lúc: 2025-12-16T14:11:23.900927652 - Bởi: MessageBroker-11
2025-12-16 14:11:53,900 INFO c.e.a.s.NotificationService [MessageBroker-11] ⏰ [Scheduler] Báo cáo hệ thống lúc: 2025-12-16T14:11:53.900861941 - Bởi: MessageBroker-11
2025-12-16 14:12:23,900 INFO c.e.a.s.NotificationService [MessageBroker-11] ⏰ [Scheduler] Báo cáo hệ thống lúc: 2025-12-16T14:12:23.900858438 - Bởi: MessageBroker-11
2025-12-16 14:12:53,901 INFO c.e.a.s.NotificationService [MessageBroker-11] ⏰ [Scheduler] Báo cáo hệ thống lúc: 2025-12-16T14:12:53.900964443 - Bởi: MessageBroker-11
2025-12-16 14:13:23,901 INFO c.e.a.s.NotificationService [MessageBroker-11] ⏰ [Scheduler] Báo cáo hệ thống lúc: 2025-12-16T14:13:23.901106515 - Bởi: MessageBroker-11
2025-12-16 14:13:53,901 INFO c.e.a.s.NotificationService [MessageBroker-11] ⏰ [Scheduler] Báo cáo hệ thống lúc: 2025-12-16T14:13:53.901162002 - Bởi: MessageBroker-11
2025-12-16 14:14:23,900 INFO c.e.a.s.NotificationService [MessageBroker-11] ⏰ [Scheduler] Báo cáo hệ thống lúc: 2025-12-16T14:14:23.900858082 - Bởi: MessageBroker-11
2025-12-16 14:14:53,900 INFO c.e.a.s.NotificationService [MessageBroker-11] ⏰ [Scheduler] Báo cáo hệ thống lúc: 2025-12-16T14:14:53.900889314 - Bởi: MessageBroker-11
2025-12-16 14:15:23,901 INFO c.e.a.s.NotificationService [MessageBroker-11] ⏰ [Scheduler] Báo cáo hệ thống lúc: 2025-12-16T14:15:23.901013964 - Bởi: MessageBroker-11
2025-12-16 14:15:53,901 INFO c.e.a.s.NotificationService [MessageBroker-11] ⏰ [Scheduler] Báo cáo hệ thống lúc: 2025-12-16T14:15:53.900972189 - Bởi: MessageBroker-11
2025-12-16 14:16:23,901 INFO c.e.a.s.NotificationService [MessageBroker-11] ⏰ [Scheduler] Báo cáo hệ thống lúc: 2025-12-16T14:16:23.901053188 - Bởi: MessageBroker-11
2025-12-16 14:16:53,901 INFO c.e.a.s.NotificationService [MessageBroker-11] ⏰ [Scheduler] Báo cáo hệ thống lúc: 2025-12-16T14:16:53.901027559 - Bởi: MessageBroker-11
2025-12-16 14:17:23,901 INFO c.e.a.s.NotificationService [MessageBroker-11] ⏰ [Scheduler] Báo cáo hệ thống lúc: 2025-12-16T14:17:23.900978515 - Bởi: MessageBroker-11
2025-12-16 14:17:53,900 INFO c.e.a.s.NotificationService [MessageBroker-11] ⏰ [Scheduler] Báo cáo hệ thống lúc: 2025-12-16T14:17:53.900896893 - Bởi: MessageBroker-11
2025-12-16 14:18:23,900 INFO c.e.a.s.NotificationService [MessageBroker-11] ⏰ [Scheduler] Báo cáo hệ thống lúc: 2025-12-16T14:18:23.900823897 - Bởi: MessageBroker-11
2025-12-16 14:18:53,900 INFO c.e.a.s.NotificationService [MessageBroker-11] ⏰ [Scheduler] Báo cáo hệ thống lúc: 2025-12-16T14:18:53.900916635 - Bởi: MessageBroker-11
2025-12-16 14:19:23,901 INFO c.e.a.s.NotificationService [MessageBroker-11] ⏰ [Scheduler] Báo cáo hệ thống lúc: 2025-12-16T14:19:23.901189484 - Bởi: MessageBroker-11
2025-12-16 14:19:53,901 INFO c.e.a.s.NotificationService [MessageBroker-11] ⏰ [Scheduler] Báo cáo hệ thống lúc: 2025-12-16T14:19:53.900970575 - Bởi: MessageBroker-11
2025-12-16 14:20:23,901 INFO c.e.a.s.NotificationService [MessageBroker-11] ⏰ [Scheduler] Báo cáo hệ thống lúc: 2025-12-16T14:20:23.900976104 - Bởi: MessageBroker-11
2025-12-16 14:20:53,901 INFO c.e.a.s.NotificationService [MessageBroker-11] ⏰ [Scheduler] Báo cáo hệ thống lúc: 2025-12-16T14:20:53.901065833 - Bởi: MessageBroker-11
2025-12-16 14:21:23,901 INFO c.e.a.s.NotificationService [MessageBroker-11] ⏰ [Scheduler] Báo cáo hệ thống lúc: 2025-12-16T14:21:23.901044118 - Bởi: MessageBroker-11
2025-12-16 14:21:53,900 INFO c.e.a.s.NotificationService [MessageBroker-11] ⏰ [Scheduler] Báo cáo hệ thống lúc: 2025-12-16T14:21:53.900842144 - Bởi: MessageBroker-11
2025-12-16 14:22:23,900 INFO c.e.a.s.NotificationService [MessageBroker-11] ⏰ [Scheduler] Báo cáo hệ thống lúc: 2025-12-16T14:22:23.900937588 - Bởi: MessageBroker-11
2025-12-16 14:22:53,900 INFO c.e.a.s.NotificationService [MessageBroker-11] ⏰ [Scheduler] Báo cáo hệ thống lúc: 2025-12-16T14:22:53.900886496 - Bởi: MessageBroker-11
2025-12-16 14:23:23,901 INFO c.e.a.s.NotificationService [MessageBroker-11] ⏰ [Scheduler] Báo cáo hệ thống lúc: 2025-12-16T14:23:23.901193880 - Bởi: MessageBroker-11
2025-12-16 14:23:53,901 INFO c.e.a.s.NotificationService [MessageBroker-11] ⏰ [Scheduler] Báo cáo hệ thống lúc: 2025-12-16T14:23:53.901096250 - Bởi: MessageBroker-11
2025-12-16 14:24:23,901 INFO c.e.a.s.NotificationService [MessageBroker-11] ⏰ [Scheduler] Báo cáo hệ thống lúc: 2025-12-16T14:24:23.901042432 - Bởi: MessageBroker-11
2025-12-16 14:24:53,900 INFO c.e.a.s.NotificationService [MessageBroker-11] ⏰ [Scheduler] Báo cáo hệ thống lúc: 2025-12-16T14:24:53.900937936 - Bởi: MessageBroker-11
2025-12-16 14:25:23,900 INFO c.e.a.s.NotificationService [MessageBroker-11] ⏰ [Scheduler] Báo cáo hệ thống lúc: 2025-12-16T14:25:23.900848357 - Bởi: MessageBroker-11
2025-12-16 14:25:53,890 INFO o.s.w.s.c.WebSocketMessageBrokerStats [MessageBroker-2] WebSocketSession[0 current WS(0)-HttpStream(0)-HttpPoll(0), 0 total, 0 closed abnormally (0 connect failure, 0 send limit, 0 transport error)], stompSubProtocol[processed CONNECT(0)-CONNECTED(0)-DISCONNECT(0)], stompBrokerRelay[null], inboundChannel[pool size = 0, active threads = 0, queued tasks = 0, completed tasks = 0], outboundChannel[pool size = 0, active threads = 0, queued tasks = 0, completed tasks = 0], sockJsScheduler[pool size = 16, active threads = 1, queued tasks = 1, completed tasks = 63]
2025-12-16 14:25:53,901 INFO c.e.a.s.NotificationService [MessageBroker-4] ⏰ [Scheduler] Báo cáo hệ thống lúc: 2025-12-16T14:25:53.900991915 - Bởi: MessageBroker-4
2025-12-16 14:26:23,901 INFO c.e.a.s.NotificationService [MessageBroker-4] ⏰ [Scheduler] Báo cáo hệ thống lúc: 2025-12-16T14:26:23.901697965 - Bởi: MessageBroker-4
2025-12-16 14:26:53,900 INFO c.e.a.s.NotificationService [MessageBroker-4] ⏰ [Scheduler] Báo cáo hệ thống lúc: 2025-12-16T14:26:53.900956353 - Bởi: MessageBroker-4
2025-12-16 14:27:23,900 INFO c.e.a.s.NotificationService [MessageBroker-4] ⏰ [Scheduler] Báo cáo hệ thống lúc: 2025-12-16T14:27:23.900924896 - Bởi: MessageBroker-4
2025-12-16 14:27:53,900 INFO c.e.a.s.NotificationService [MessageBroker-4] ⏰ [Scheduler] Báo cáo hệ thống lúc: 2025-12-16T14:27:53.900833321 - Bởi: MessageBroker-4
2025-12-16 14:28:23,901 INFO c.e.a.s.NotificationService [MessageBroker-4] ⏰ [Scheduler] Báo cáo hệ thống lúc: 2025-12-16T14:28:23.901098548 - Bởi: MessageBroker-4
2025-12-16 14:28:53,900 INFO c.e.a.s.NotificationService [MessageBroker-4] ⏰ [Scheduler] Báo cáo hệ thống lúc: 2025-12-16T14:28:53.900927193 - Bởi: MessageBroker-4
2025-12-16 14:29:23,901 INFO c.e.a.s.NotificationService [MessageBroker-4] ⏰ [Scheduler] Báo cáo hệ thống lúc: 2025-12-16T14:29:23.900991038 - Bởi: MessageBroker-4
2025-12-16 14:29:53,901 INFO c.e.a.s.NotificationService [MessageBroker-4] ⏰ [Scheduler] Báo cáo hệ thống lúc: 2025-12-16T14:29:53.900967336 - Bởi: MessageBroker-4
2025-12-16 14:30:23,900 INFO c.e.a.s.NotificationService [MessageBroker-4] ⏰ [Scheduler] Báo cáo hệ thống lúc: 2025-12-16T14:30:23.900932798 - Bởi: MessageBroker-4
2025-12-16 14:30:53,901 INFO c.e.a.s.NotificationService [MessageBroker-4] ⏰ [Scheduler] Báo cáo hệ thống lúc: 2025-12-16T14:30:53.900960180 - Bởi: MessageBroker-4
2025-12-16 14:31:23,900 INFO c.e.a.s.NotificationService [MessageBroker-4] ⏰ [Scheduler] Báo cáo hệ thống lúc: 2025-12-16T14:31:23.900951565 - Bởi: MessageBroker-4
2025-12-16 14:31:53,900 INFO c.e.a.s.NotificationService [MessageBroker-4] ⏰ [Scheduler] Báo cáo hệ thống lúc: 2025-12-16T14:31:53.900953987 - Bởi: MessageBroker-4
2025-12-16 14:32:23,901 INFO c.e.a.s.NotificationService [MessageBroker-4] ⏰ [Scheduler] Báo cáo hệ thống lúc: 2025-12-16T14:32:23.901067593 - Bởi: MessageBroker-4
2025-12-16 14:32:53,901 INFO c.e.a.s.NotificationService [MessageBroker-4] ⏰ [Scheduler] Báo cáo hệ thống lúc: 2025-12-16T14:32:53.900967549 - Bởi: MessageBroker-4
2025-12-16 14:33:23,901 INFO c.e.a.s.NotificationService [MessageBroker-4] ⏰ [Scheduler] Báo cáo hệ thống lúc: 2025-12-16T14:33:23.901280113 - Bởi: MessageBroker-4
2025-12-16 14:33:53,901 INFO c.e.a.s.NotificationService [MessageBroker-4] ⏰ [Scheduler] Báo cáo hệ thống lúc: 2025-12-16T14:33:53.901083447 - Bởi: MessageBroker-4
2025-12-16 14:34:23,901 INFO c.e.a.s.NotificationService [MessageBroker-4] ⏰ [Scheduler] Báo cáo hệ thống lúc: 2025-12-16T14:34:23.900961242 - Bởi: MessageBroker-4
2025-12-16 14:34:53,901 INFO c.e.a.s.NotificationService [MessageBroker-4] ⏰ [Scheduler] Báo cáo hệ thống lúc: 2025-12-16T14:34:53.901051826 - Bởi: MessageBroker-4
2025-12-16 14:35:23,901 INFO c.e.a.s.NotificationService [MessageBroker-4] ⏰ [Scheduler] Báo cáo hệ thống lúc: 2025-12-16T14:35:23.900977388 - Bởi: MessageBroker-4
2025-12-16 14:35:53,901 INFO c.e.a.s.NotificationService [MessageBroker-4] ⏰ [Scheduler] Báo cáo hệ thống lúc: 2025-12-16T14:35:53.901063078 - Bởi: MessageBroker-4
2025-12-16 14:36:23,901 INFO c.e.a.s.NotificationService [MessageBroker-4] ⏰ [Scheduler] Báo cáo hệ thống lúc: 2025-12-16T14:36:23.900968034 - Bởi: MessageBroker-4
2025-12-16 14:36:53,900 INFO c.e.a.s.NotificationService [MessageBroker-4] ⏰ [Scheduler] Báo cáo hệ thống lúc: 2025-12-16T14:36:53.900965135 - Bởi: MessageBroker-4
2025-12-16 14:37:23,901 INFO c.e.a.s.NotificationService [MessageBroker-4] ⏰ [Scheduler] Báo cáo hệ thống lúc: 2025-12-16T14:37:23.901001681 - Bởi: MessageBroker-4
2025-12-16 14:37:53,900 INFO c.e.a.s.NotificationService [MessageBroker-4] ⏰ [Scheduler] Báo cáo hệ thống lúc: 2025-12-16T14:37:53.900947688 - Bởi: MessageBroker-4
2025-12-16 14:38:23,900 INFO c.e.a.s.NotificationService [MessageBroker-4] ⏰ [Scheduler] Báo cáo hệ thống lúc: 2025-12-16T14:38:23.900910168 - Bởi: MessageBroker-4
2025-12-16 14:38:53,900 INFO c.e.a.s.NotificationService [MessageBroker-4] ⏰ [Scheduler] Báo cáo hệ thống lúc: 2025-12-16T14:38:53.900903207 - Bởi: MessageBroker-4
2025-12-16 14:39:23,900 INFO c.e.a.s.NotificationService [MessageBroker-4] ⏰ [Scheduler] Báo cáo hệ thống lúc: 2025-12-16T14:39:23.900892592 - Bởi: MessageBroker-4
2025-12-16 14:39:53,901 INFO c.e.a.s.NotificationService [MessageBroker-4] ⏰ [Scheduler] Báo cáo hệ thống lúc: 2025-12-16T14:39:53.900993446 - Bởi: MessageBroker-4
2025-12-16 14:40:23,900 INFO c.e.a.s.NotificationService [MessageBroker-4] ⏰ [Scheduler] Báo cáo hệ thống lúc: 2025-12-16T14:40:23.900920976 - Bởi: MessageBroker-4
2025-12-16 14:40:53,900 INFO c.e.a.s.NotificationService [MessageBroker-4] ⏰ [Scheduler] Báo cáo hệ thống lúc: 2025-12-16T14:40:53.900902163 - Bởi: MessageBroker-4
2025-12-16 14:41:23,900 INFO c.e.a.s.NotificationService [MessageBroker-4] ⏰ [Scheduler] Báo cáo hệ thống lúc: 2025-12-16T14:41:23.900873871 - Bởi: MessageBroker-4
2025-12-16 14:41:53,900 INFO c.e.a.s.NotificationService [MessageBroker-4] ⏰ [Scheduler] Báo cáo hệ thống lúc: 2025-12-16T14:41:53.900887018 - Bởi: MessageBroker-4
2025-12-16 14:42:23,900 INFO c.e.a.s.NotificationService [MessageBroker-4] ⏰ [Scheduler] Báo cáo hệ thống lúc: 2025-12-16T14:42:23.900896524 - Bởi: MessageBroker-4
2025-12-16 14:42:53,900 INFO c.e.a.s.NotificationService [MessageBroker-4] ⏰ [Scheduler] Báo cáo hệ thống lúc: 2025-12-16T14:42:53.900883014 - Bởi: MessageBroker-4
2025-12-16 14:43:23,900 INFO c.e.a.s.NotificationService [MessageBroker-4] ⏰ [Scheduler] Báo cáo hệ thống lúc: 2025-12-16T14:43:23.900928913 - Bởi: MessageBroker-4
2025-12-16 14:43:53,900 INFO c.e.a.s.NotificationService [MessageBroker-4] ⏰ [Scheduler] Báo cáo hệ thống lúc: 2025-12-16T14:43:53.900942160 - Bởi: MessageBroker-4
2025-12-16 14:44:23,900 INFO c.e.a.s.NotificationService [MessageBroker-4] ⏰ [Scheduler] Báo cáo hệ thống lúc: 2025-12-16T14:44:23.900881536 - Bởi: MessageBroker-4
2025-12-16 14:44:53,901 INFO c.e.a.s.NotificationService [MessageBroker-4] ⏰ [Scheduler] Báo cáo hệ thống lúc: 2025-12-16T14:44:53.900964659 - Bởi: MessageBroker-4
2025-12-16 14:45:23,900 INFO c.e.a.s.NotificationService [MessageBroker-4] ⏰ [Scheduler] Báo cáo hệ thống lúc: 2025-12-16T14:45:23.900876824 - Bởi: MessageBroker-4
2025-12-16 14:45:53,900 INFO c.e.a.s.NotificationService [MessageBroker-4] ⏰ [Scheduler] Báo cáo hệ thống lúc: 2025-12-16T14:45:53.900914885 - Bởi: MessageBroker-4
2025-12-16 14:46:23,900 INFO c.e.a.s.NotificationService [MessageBroker-4] ⏰ [Scheduler] Báo cáo hệ thống lúc: 2025-12-16T14:46:23.900910577 - Bởi: MessageBroker-4
2025-12-16 14:46:53,900 INFO c.e.a.s.NotificationService [MessageBroker-4] ⏰ [Scheduler] Báo cáo hệ thống lúc: 2025-12-16T14:46:53.900966400 - Bởi: MessageBroker-4
2025-12-16 14:47:23,900 INFO c.e.a.s.NotificationService [MessageBroker-4] ⏰ [Scheduler] Báo cáo hệ thống lúc: 2025-12-16T14:47:23.900964247 - Bởi: MessageBroker-4
2025-12-16 14:47:53,900 INFO c.e.a.s.NotificationService [MessageBroker-4] ⏰ [Scheduler] Báo cáo hệ thống lúc: 2025-12-16T14:47:53.900904823 - Bởi: MessageBroker-4
2025-12-16 14:48:23,901 INFO c.e.a.s.NotificationService [MessageBroker-4] ⏰ [Scheduler] Báo cáo hệ thống lúc: 2025-12-16T14:48:23.900980979 - Bởi: MessageBroker-4
2025-12-16 14:48:53,900 INFO c.e.a.s.NotificationService [MessageBroker-4] ⏰ [Scheduler] Báo cáo hệ thống lúc: 2025-12-16T14:48:53.900904928 - Bởi: MessageBroker-4
2025-12-16 14:49:23,900 INFO c.e.a.s.NotificationService [MessageBroker-4] ⏰ [Scheduler] Báo cáo hệ thống lúc: 2025-12-16T14:49:23.900870688 - Bởi: MessageBroker-4
2025-12-16 14:49:53,900 INFO c.e.a.s.NotificationService [MessageBroker-4] ⏰ [Scheduler] Báo cáo hệ thống lúc: 2025-12-16T14:49:53.900785615 - Bởi: MessageBroker-4
2025-12-16 14:50:23,901 INFO c.e.a.s.NotificationService [MessageBroker-4] ⏰ [Scheduler] Báo cáo hệ thống lúc: 2025-12-16T14:50:23.901166539 - Bởi: MessageBroker-4
2025-12-16 14:50:53,901 INFO c.e.a.s.NotificationService [MessageBroker-4] ⏰ [Scheduler] Báo cáo hệ thống lúc: 2025-12-16T14:50:53.901111336 - Bởi: MessageBroker-4
2025-12-16 14:51:23,900 INFO c.e.a.s.NotificationService [MessageBroker-4] ⏰ [Scheduler] Báo cáo hệ thống lúc: 2025-12-16T14:51:23.900903742 - Bởi: MessageBroker-4
2025-12-16 14:51:53,900 INFO c.e.a.s.NotificationService [MessageBroker-4] ⏰ [Scheduler] Báo cáo hệ thống lúc: 2025-12-16T14:51:53.900767988 - Bởi: MessageBroker-4
2025-12-16 14:52:23,900 INFO c.e.a.s.NotificationService [MessageBroker-4] ⏰ [Scheduler] Báo cáo hệ thống lúc: 2025-12-16T14:52:23.900769798 - Bởi: MessageBroker-4
2025-12-16 14:52:53,901 INFO c.e.a.s.NotificationService [MessageBroker-4] ⏰ [Scheduler] Báo cáo hệ thống lúc: 2025-12-16T14:52:53.901141719 - Bởi: MessageBroker-4
2025-12-16 14:53:23,900 INFO c.e.a.s.NotificationService [MessageBroker-4] ⏰ [Scheduler] Báo cáo hệ thống lúc: 2025-12-16T14:53:23.900922307 - Bởi: MessageBroker-4
2025-12-16 14:53:53,900 INFO c.e.a.s.NotificationService [MessageBroker-4] ⏰ [Scheduler] Báo cáo hệ thống lúc: 2025-12-16T14:53:53.900949510 - Bởi: MessageBroker-4
2025-12-16 14:54:23,900 INFO c.e.a.s.NotificationService [MessageBroker-4] ⏰ [Scheduler] Báo cáo hệ thống lúc: 2025-12-16T14:54:23.900862138 - Bởi: MessageBroker-4
2025-12-16 14:54:31,205 INFO o.s.b.d.a.LocalDevToolsAutoConfiguration$RestartingClassPathChangeChangedEventListener [File Watcher] Restarting due to 32 class path changes (0 additions, 0 deletions, 32 modifications)
2025-12-16 14:54:31,208 INFO o.s.a.r.l.SimpleMessageListenerContainer [org.springframework.amqp.rabbit.RabbitListenerEndpointContainer#0-2] Waiting for workers to finish.
2025-12-16 14:54:31,571 INFO o.s.a.r.l.SimpleMessageListenerContainer [org.springframework.amqp.rabbit.RabbitListenerEndpointContainer#0-2] Successfully waited for workers to finish.
2025-12-16 14:54:31,572 INFO o.s.b.w.e.t.GracefulShutdown [Thread-7] Commencing graceful shutdown. Waiting for active requests to complete
2025-12-16 14:54:31,574 INFO o.s.b.w.e.t.GracefulShutdown [tomcat-shutdown] Graceful shutdown complete
2025-12-16 14:54:31,576 INFO o.s.c.l.CompositeLog [Thread-7] Stopping...
2025-12-16 14:54:31,576 INFO o.s.c.l.CompositeLog [Thread-7] BrokerAvailabilityEvent[available=false, SimpleBrokerMessageHandler [org.springframework.messaging.simp.broker.DefaultSubscriptionRegistry@7dfd4340]]
2025-12-16 14:54:31,576 INFO o.s.c.l.CompositeLog [Thread-7] Stopped.
2025-12-16 14:54:31,582 INFO o.s.o.j.AbstractEntityManagerFactoryBean [Thread-7] Closing JPA EntityManagerFactory for persistence unit 'postgresPU'
2025-12-16 14:54:31,582 INFO c.z.h.HikariDataSource [Thread-7] HikariPool-4 - Shutdown initiated...
2025-12-16 14:54:31,588 INFO c.z.h.HikariDataSource [Thread-7] HikariPool-4 - Shutdown completed.
2025-12-16 14:54:31,589 INFO o.s.o.j.AbstractEntityManagerFactoryBean [Thread-7] Closing JPA EntityManagerFactory for persistence unit 'mysqlPU'
2025-12-16 14:54:31,590 INFO c.z.h.HikariDataSource [Thread-7] HikariPool-3 - Shutdown initiated...
2025-12-16 14:54:31,592 INFO c.z.h.HikariDataSource [Thread-7] HikariPool-3 - Shutdown completed.
2025-12-16 14:54:31,652 INFO o.s.b.StartupInfoLogger [restartedMain] Starting AdvancedApplication using Java 21.0.8 with PID 98692 (/home/cao.thanh.sang@sun-asterisk.com/Downloads/advanced/target/classes started by cao.thanh.sang@sun-asterisk.com in /home/cao.thanh.sang@sun-asterisk.com/Downloads/advanced)
2025-12-16 14:54:31,652 DEBUG o.s.b.StartupInfoLogger [restartedMain] Running with Spring Boot v3.5.8, Spring v6.2.14
2025-12-16 14:54:31,652 INFO o.s.b.SpringApplication [restartedMain] No active profile set, falling back to 1 default profile: "default"
2025-12-16 14:54:31,729 INFO o.s.d.r.c.RepositoryConfigurationDelegate [restartedMain] Bootstrapping Spring Data JPA repositories in DEFAULT mode.
2025-12-16 14:54:31,732 INFO o.s.d.r.c.RepositoryConfigurationDelegate [restartedMain] Finished Spring Data repository scanning in 2 ms. Found 1 JPA repository interface.
2025-12-16 14:54:31,733 INFO o.s.d.r.c.RepositoryConfigurationDelegate [restartedMain] Bootstrapping Spring Data JPA repositories in DEFAULT mode.
2025-12-16 14:54:31,735 INFO o.s.d.r.c.RepositoryConfigurationDelegate [restartedMain] Finished Spring Data repository scanning in 1 ms. Found 1 JPA repository interface.
2025-12-16 14:54:31,831 INFO o.s.b.w.e.t.TomcatWebServer [restartedMain] Tomcat initialized with port 8090 (http)
2025-12-16 14:54:31,832 INFO o.a.j.l.DirectJDKLog [restartedMain] Starting service [Tomcat]
2025-12-16 14:54:31,832 INFO o.a.j.l.DirectJDKLog [restartedMain] Starting Servlet engine: [Apache Tomcat/10.1.49]
2025-12-16 14:54:31,837 INFO o.a.j.l.DirectJDKLog [restartedMain] Initializing Spring embedded WebApplicationContext
2025-12-16 14:54:31,837 INFO o.s.b.w.s.c.ServletWebServerApplicationContext [restartedMain] Root WebApplicationContext: initialization completed in 184 ms
2025-12-16 14:54:31,852 INFO c.z.h.HikariDataSource [restartedMain] HikariPool-5 - Starting...
2025-12-16 14:54:31,855 INFO c.z.h.p.HikariPool [restartedMain] HikariPool-5 - Added connection com.mysql.cj.jdbc.ConnectionImpl@3472797f
2025-12-16 14:54:31,855 INFO c.z.h.HikariDataSource [restartedMain] HikariPool-5 - Start completed.
2025-12-16 14:54:31,857 INFO o.h.j.i.u.LogHelper [restartedMain] HHH000204: Processing PersistenceUnitInfo [name: mysqlPU]
2025-12-16 14:54:31,858 INFO o.h.c.i.RegionFactoryInitiator [restartedMain] HHH000026: Second-level cache disabled
2025-12-16 14:54:31,865 INFO o.s.o.j.p.SpringPersistenceUnitInfo [restartedMain] No LoadTimeWeaver setup: ignoring JPA class transformer
2025-12-16 14:54:31,866 WARN o.h.e.j.d.i.DialectFactoryImpl [restartedMain] HHH90000025: MySQLDialect does not need to be specified explicitly using 'hibernate.dialect' (remove the property setting and it will be selected by default)
2025-12-16 14:54:31,867 INFO o.h.e.j.e.i.JdbcEnvironmentInitiator [restartedMain] HHH10001005: Database info:
	Database JDBC URL [Connecting through datasource 'HikariDataSource (HikariPool-5)']
	Database driver: undefined/unknown
	Database version: 8.0.44
	Autocommit mode: undefined/unknown
	Isolation level: undefined/unknown
	Minimum pool size: undefined/unknown
	Maximum pool size: undefined/unknown
2025-12-16 14:54:31,889 INFO o.h.e.t.j.p.i.JtaPlatformInitiator [restartedMain] HHH000489: No JTA platform available (set 'hibernate.transaction.jta.platform' to enable JTA platform integration)
2025-12-16 14:54:31,895 INFO o.s.o.j.AbstractEntityManagerFactoryBean [restartedMain] Initialized JPA EntityManagerFactory for persistence unit 'mysqlPU'
2025-12-16 14:54:31,901 INFO c.z.h.HikariDataSource [restartedMain] HikariPool-6 - Starting...
2025-12-16 14:54:31,917 INFO c.z.h.p.HikariPool [restartedMain] HikariPool-6 - Added connection org.postgresql.jdbc.PgConnection@6279e20a
2025-12-16 14:54:31,917 INFO c.z.h.HikariDataSource [restartedMain] HikariPool-6 - Start completed.
2025-12-16 14:54:31,919 INFO o.h.j.i.u.LogHelper [restartedMain] HHH000204: Processing PersistenceUnitInfo [name: postgresPU]
2025-12-16 14:54:31,920 INFO o.h.c.i.RegionFactoryInitiator [restartedMain] HHH000026: Second-level cache disabled
2025-12-16 14:54:31,924 INFO o.s.o.j.p.SpringPersistenceUnitInfo [restartedMain] No LoadTimeWeaver setup: ignoring JPA class transformer
2025-12-16 14:54:31,929 WARN o.h.e.j.d.i.DialectFactoryImpl [restartedMain] HHH90000025: PostgreSQLDialect does not need to be specified explicitly using 'hibernate.dialect' (remove the property setting and it will be selected by default)
2025-12-16 14:54:31,930 INFO o.h.e.j.e.i.JdbcEnvironmentInitiator [restartedMain] HHH10001005: Database info:
	Database JDBC URL [Connecting through datasource 'HikariDataSource (HikariPool-6)']
	Database driver: undefined/unknown
	Database version: 14.20
	Autocommit mode: undefined/unknown
	Isolation level: undefined/unknown
	Minimum pool size: undefined/unknown
	Maximum pool size: undefined/unknown
2025-12-16 14:54:31,960 INFO o.h.e.t.j.p.i.JtaPlatformInitiator [restartedMain] HHH000489: No JTA platform available (set 'hibernate.transaction.jta.platform' to enable JTA platform integration)
2025-12-16 14:54:31,971 INFO o.s.o.j.AbstractEntityManagerFactoryBean [restartedMain] Initialized JPA EntityManagerFactory for persistence unit 'postgresPU'
2025-12-16 14:54:32,058 WARN o.s.b.a.o.j.JpaBaseConfiguration$JpaWebConfiguration [restartedMain] spring.jpa.open-in-view is enabled by default. Therefore, database queries may be performed during view rendering. Explicitly configure spring.jpa.open-in-view to disable this warning
2025-12-16 14:54:32,108 INFO o.s.v.b.OptionalValidatorFactoryBean [restartedMain] Failed to set up a Bean Validation provider: jakarta.validation.NoProviderFoundException: Unable to create a Configuration, because no Jakarta Bean Validation provider could be found. Add a provider like Hibernate Validator (RI) to your classpath.
2025-12-16 14:54:32,148 INFO o.s.b.d.a.OptionalLiveReloadServer [restartedMain] LiveReload server is running on port 35729
2025-12-16 14:54:32,152 INFO o.s.c.l.CompositeLog [restartedMain] Starting...
2025-12-16 14:54:32,152 INFO o.s.c.l.CompositeLog [restartedMain] BrokerAvailabilityEvent[available=true, SimpleBrokerMessageHandler [org.springframework.messaging.simp.broker.DefaultSubscriptionRegistry@1dc6c8e]]
2025-12-16 14:54:32,152 INFO o.s.c.l.CompositeLog [restartedMain] Started.
2025-12-16 14:54:32,153 INFO o.s.b.w.e.t.TomcatWebServer [restartedMain] Tomcat started on port 8090 (http) with context path '/'
2025-12-16 14:54:32,153 INFO o.s.a.r.c.AbstractConnectionFactory [restartedMain] Attempting to connect to: [localhost:5672]
2025-12-16 14:54:32,157 INFO o.s.a.r.c.AbstractConnectionFactory [restartedMain] Created new connection: rabbitConnectionFactory#44969e38:0/SimpleConnection@17a81295 [delegate=amqp://guest@127.0.0.1:5672/, localPort=40380]
2025-12-16 14:54:32,163 INFO c.e.a.s.NotificationService [MessageBroker-1] ⏰ [Scheduler] Báo cáo hệ thống lúc: 2025-12-16T14:54:32.163853904 - Bởi: MessageBroker-1
2025-12-16 14:54:32,164 INFO o.s.b.StartupInfoLogger [restartedMain] Started AdvancedApplication in 0.532 seconds (process running for 3607.709)
2025-12-16 14:54:32,164 INFO o.s.b.d.a.ConditionEvaluationDeltaLoggingListener [restartedMain] Condition evaluation unchanged
2025-12-16 14:55:02,163 INFO c.e.a.s.NotificationService [MessageBroker-2] ⏰ [Scheduler] Báo cáo hệ thống lúc: 2025-12-16T14:55:02.163935618 - Bởi: MessageBroker-2
2025-12-16 14:55:13,618 INFO o.s.b.d.a.LocalDevToolsAutoConfiguration$RestartingClassPathChangeChangedEventListener [File Watcher] Restarting due to 1 class path change (1 addition, 0 deletions, 0 modifications)
2025-12-16 14:55:13,623 INFO o.s.a.r.l.SimpleMessageListenerContainer [org.springframework.amqp.rabbit.RabbitListenerEndpointContainer#0-2] Waiting for workers to finish.
2025-12-16 14:55:14,173 INFO o.s.a.r.l.SimpleMessageListenerContainer [org.springframework.amqp.rabbit.RabbitListenerEndpointContainer#0-2] Successfully waited for workers to finish.
2025-12-16 14:55:14,174 INFO o.s.b.w.e.t.GracefulShutdown [Thread-13] Commencing graceful shutdown. Waiting for active requests to complete
2025-12-16 14:55:14,177 INFO o.s.b.w.e.t.GracefulShutdown [tomcat-shutdown] Graceful shutdown complete
2025-12-16 14:55:14,178 INFO o.s.c.l.CompositeLog [Thread-13] Stopping...
2025-12-16 14:55:14,179 INFO o.s.c.l.CompositeLog [Thread-13] BrokerAvailabilityEvent[available=false, SimpleBrokerMessageHandler [org.springframework.messaging.simp.broker.DefaultSubscriptionRegistry@1dc6c8e]]
2025-12-16 14:55:14,179 INFO o.s.c.l.CompositeLog [Thread-13] Stopped.
2025-12-16 14:55:14,183 INFO o.s.o.j.AbstractEntityManagerFactoryBean [Thread-13] Closing JPA EntityManagerFactory for persistence unit 'postgresPU'
2025-12-16 14:55:14,184 INFO c.z.h.HikariDataSource [Thread-13] HikariPool-6 - Shutdown initiated...
2025-12-16 14:55:14,186 INFO c.z.h.HikariDataSource [Thread-13] HikariPool-6 - Shutdown completed.
2025-12-16 14:55:14,187 INFO o.s.o.j.AbstractEntityManagerFactoryBean [Thread-13] Closing JPA EntityManagerFactory for persistence unit 'mysqlPU'
2025-12-16 14:55:14,188 INFO c.z.h.HikariDataSource [Thread-13] HikariPool-5 - Shutdown initiated...
2025-12-16 14:55:14,190 INFO c.z.h.HikariDataSource [Thread-13] HikariPool-5 - Shutdown completed.
2025-12-16 14:55:14,240 INFO o.s.b.StartupInfoLogger [restartedMain] Starting AdvancedApplication using Java 21.0.8 with PID 98692 (/home/cao.thanh.sang@sun-asterisk.com/Downloads/advanced/target/classes started by cao.thanh.sang@sun-asterisk.com in /home/cao.thanh.sang@sun-asterisk.com/Downloads/advanced)
2025-12-16 14:55:14,240 DEBUG o.s.b.StartupInfoLogger [restartedMain] Running with Spring Boot v3.5.8, Spring v6.2.14
2025-12-16 14:55:14,240 INFO o.s.b.SpringApplication [restartedMain] No active profile set, falling back to 1 default profile: "default"
2025-12-16 14:55:14,345 INFO o.s.d.r.c.RepositoryConfigurationDelegate [restartedMain] Bootstrapping Spring Data JPA repositories in DEFAULT mode.
2025-12-16 14:55:14,349 INFO o.s.d.r.c.RepositoryConfigurationDelegate [restartedMain] Finished Spring Data repository scanning in 3 ms. Found 1 JPA repository interface.
2025-12-16 14:55:14,350 INFO o.s.d.r.c.RepositoryConfigurationDelegate [restartedMain] Bootstrapping Spring Data JPA repositories in DEFAULT mode.
2025-12-16 14:55:14,351 INFO o.s.d.r.c.RepositoryConfigurationDelegate [restartedMain] Finished Spring Data repository scanning in 1 ms. Found 1 JPA repository interface.
2025-12-16 14:55:14,423 INFO o.s.b.w.e.t.TomcatWebServer [restartedMain] Tomcat initialized with port 8090 (http)
2025-12-16 14:55:14,423 INFO o.a.j.l.DirectJDKLog [restartedMain] Starting service [Tomcat]
2025-12-16 14:55:14,423 INFO o.a.j.l.DirectJDKLog [restartedMain] Starting Servlet engine: [Apache Tomcat/10.1.49]
2025-12-16 14:55:14,429 INFO o.a.j.l.DirectJDKLog [restartedMain] Initializing Spring embedded WebApplicationContext
2025-12-16 14:55:14,429 INFO o.s.b.w.s.c.ServletWebServerApplicationContext [restartedMain] Root WebApplicationContext: initialization completed in 188 ms
2025-12-16 14:55:14,442 INFO c.z.h.HikariDataSource [restartedMain] HikariPool-7 - Starting...
2025-12-16 14:55:14,445 INFO c.z.h.p.HikariPool [restartedMain] HikariPool-7 - Added connection com.mysql.cj.jdbc.ConnectionImpl@ef90936
2025-12-16 14:55:14,445 INFO c.z.h.HikariDataSource [restartedMain] HikariPool-7 - Start completed.
2025-12-16 14:55:14,447 INFO o.h.j.i.u.LogHelper [restartedMain] HHH000204: Processing PersistenceUnitInfo [name: mysqlPU]
2025-12-16 14:55:14,448 INFO o.h.c.i.RegionFactoryInitiator [restartedMain] HHH000026: Second-level cache disabled
2025-12-16 14:55:14,452 INFO o.s.o.j.p.SpringPersistenceUnitInfo [restartedMain] No LoadTimeWeaver setup: ignoring JPA class transformer
2025-12-16 14:55:14,454 WARN o.h.e.j.d.i.DialectFactoryImpl [restartedMain] HHH90000025: MySQLDialect does not need to be specified explicitly using 'hibernate.dialect' (remove the property setting and it will be selected by default)
2025-12-16 14:55:14,454 INFO o.h.e.j.e.i.JdbcEnvironmentInitiator [restartedMain] HHH10001005: Database info:
	Database JDBC URL [Connecting through datasource 'HikariDataSource (HikariPool-7)']
	Database driver: undefined/unknown
	Database version: 8.0.44
	Autocommit mode: undefined/unknown
	Isolation level: undefined/unknown
	Minimum pool size: undefined/unknown
	Maximum pool size: undefined/unknown
2025-12-16 14:55:14,471 INFO o.h.e.t.j.p.i.JtaPlatformInitiator [restartedMain] HHH000489: No JTA platform available (set 'hibernate.transaction.jta.platform' to enable JTA platform integration)
2025-12-16 14:55:14,475 INFO o.s.o.j.AbstractEntityManagerFactoryBean [restartedMain] Initialized JPA EntityManagerFactory for persistence unit 'mysqlPU'
2025-12-16 14:55:14,484 INFO c.z.h.HikariDataSource [restartedMain] HikariPool-8 - Starting...
2025-12-16 14:55:14,504 INFO c.z.h.p.HikariPool [restartedMain] HikariPool-8 - Added connection org.postgresql.jdbc.PgConnection@3b7ef1b1
2025-12-16 14:55:14,504 INFO c.z.h.HikariDataSource [restartedMain] HikariPool-8 - Start completed.
2025-12-16 14:55:14,506 INFO o.h.j.i.u.LogHelper [restartedMain] HHH000204: Processing PersistenceUnitInfo [name: postgresPU]
2025-12-16 14:55:14,508 INFO o.h.c.i.RegionFactoryInitiator [restartedMain] HHH000026: Second-level cache disabled
2025-12-16 14:55:14,512 INFO o.s.o.j.p.SpringPersistenceUnitInfo [restartedMain] No LoadTimeWeaver setup: ignoring JPA class transformer
2025-12-16 14:55:14,516 WARN o.h.e.j.d.i.DialectFactoryImpl [restartedMain] HHH90000025: PostgreSQLDialect does not need to be specified explicitly using 'hibernate.dialect' (remove the property setting and it will be selected by default)
2025-12-16 14:55:14,516 INFO o.h.e.j.e.i.JdbcEnvironmentInitiator [restartedMain] HHH10001005: Database info:
	Database JDBC URL [Connecting through datasource 'HikariDataSource (HikariPool-8)']
	Database driver: undefined/unknown
	Database version: 14.20
	Autocommit mode: undefined/unknown
	Isolation level: undefined/unknown
	Minimum pool size: undefined/unknown
	Maximum pool size: undefined/unknown
2025-12-16 14:55:14,531 INFO o.h.e.t.j.p.i.JtaPlatformInitiator [restartedMain] HHH000489: No JTA platform available (set 'hibernate.transaction.jta.platform' to enable JTA platform integration)
2025-12-16 14:55:14,537 INFO o.s.o.j.AbstractEntityManagerFactoryBean [restartedMain] Initialized JPA EntityManagerFactory for persistence unit 'postgresPU'
2025-12-16 14:55:14,617 WARN o.s.b.a.o.j.JpaBaseConfiguration$JpaWebConfiguration [restartedMain] spring.jpa.open-in-view is enabled by default. Therefore, database queries may be performed during view rendering. Explicitly configure spring.jpa.open-in-view to disable this warning
2025-12-16 14:55:14,666 INFO o.s.v.b.OptionalValidatorFactoryBean [restartedMain] Failed to set up a Bean Validation provider: jakarta.validation.NoProviderFoundException: Unable to create a Configuration, because no Jakarta Bean Validation provider could be found. Add a provider like Hibernate Validator (RI) to your classpath.
2025-12-16 14:55:14,702 INFO o.s.b.d.a.OptionalLiveReloadServer [restartedMain] LiveReload server is running on port 35729
2025-12-16 14:55:14,706 INFO o.s.c.l.CompositeLog [restartedMain] Starting...
2025-12-16 14:55:14,706 INFO o.s.c.l.CompositeLog [restartedMain] BrokerAvailabilityEvent[available=true, SimpleBrokerMessageHandler [org.springframework.messaging.simp.broker.DefaultSubscriptionRegistry@1c75c045]]
2025-12-16 14:55:14,706 INFO o.s.c.l.CompositeLog [restartedMain] Started.
2025-12-16 14:55:14,707 INFO o.s.b.w.e.t.TomcatWebServer [restartedMain] Tomcat started on port 8090 (http) with context path '/'
2025-12-16 14:55:14,707 INFO o.s.a.r.c.AbstractConnectionFactory [restartedMain] Attempting to connect to: [localhost:5672]
2025-12-16 14:55:14,710 INFO o.s.a.r.c.AbstractConnectionFactory [restartedMain] Created new connection: rabbitConnectionFactory#6de91389:0/SimpleConnection@67ec878b [delegate=amqp://guest@127.0.0.1:5672/, localPort=41406]
2025-12-16 14:55:14,715 INFO c.e.a.s.NotificationService [MessageBroker-1] ⏰ [Scheduler] Báo cáo hệ thống lúc: 2025-12-16T14:55:14.715088550 - Bởi: MessageBroker-1
2025-12-16 14:55:14,715 INFO o.s.b.StartupInfoLogger [restartedMain] Started AdvancedApplication in 0.487 seconds (process running for 3650.26)
2025-12-16 14:55:14,716 INFO o.s.b.d.a.ConditionEvaluationDeltaLoggingListener [restartedMain] Condition evaluation unchanged
2025-12-16 14:55:18,111 INFO o.s.b.d.a.LocalDevToolsAutoConfiguration$RestartingClassPathChangeChangedEventListener [File Watcher] Restarting due to 1 class path change (0 additions, 0 deletions, 1 modification)
2025-12-16 14:55:18,116 INFO o.s.a.r.l.SimpleMessageListenerContainer [org.springframework.amqp.rabbit.RabbitListenerEndpointContainer#0-2] Waiting for workers to finish.
2025-12-16 14:55:18,714 INFO o.s.a.r.l.SimpleMessageListenerContainer [org.springframework.amqp.rabbit.RabbitListenerEndpointContainer#0-2] Successfully waited for workers to finish.
2025-12-16 14:55:18,714 INFO o.s.b.w.e.t.GracefulShutdown [Thread-17] Commencing graceful shutdown. Waiting for active requests to complete
2025-12-16 14:55:18,716 INFO o.s.b.w.e.t.GracefulShutdown [tomcat-shutdown] Graceful shutdown complete
2025-12-16 14:55:18,717 INFO o.s.c.l.CompositeLog [Thread-17] Stopping...
2025-12-16 14:55:18,718 INFO o.s.c.l.CompositeLog [Thread-17] BrokerAvailabilityEvent[available=false, SimpleBrokerMessageHandler [org.springframework.messaging.simp.broker.DefaultSubscriptionRegistry@1c75c045]]
2025-12-16 14:55:18,718 INFO o.s.c.l.CompositeLog [Thread-17] Stopped.
2025-12-16 14:55:18,721 INFO o.s.o.j.AbstractEntityManagerFactoryBean [Thread-17] Closing JPA EntityManagerFactory for persistence unit 'postgresPU'
2025-12-16 14:55:18,722 INFO c.z.h.HikariDataSource [Thread-17] HikariPool-8 - Shutdown initiated...
2025-12-16 14:55:18,726 INFO c.z.h.HikariDataSource [Thread-17] HikariPool-8 - Shutdown completed.
2025-12-16 14:55:18,726 INFO o.s.o.j.AbstractEntityManagerFactoryBean [Thread-17] Closing JPA EntityManagerFactory for persistence unit 'mysqlPU'
2025-12-16 14:55:18,727 INFO c.z.h.HikariDataSource [Thread-17] HikariPool-7 - Shutdown initiated...
2025-12-16 14:55:18,729 INFO c.z.h.HikariDataSource [Thread-17] HikariPool-7 - Shutdown completed.
2025-12-16 14:55:18,786 INFO o.s.b.StartupInfoLogger [restartedMain] Starting AdvancedApplication using Java 21.0.8 with PID 98692 (/home/cao.thanh.sang@sun-asterisk.com/Downloads/advanced/target/classes started by cao.thanh.sang@sun-asterisk.com in /home/cao.thanh.sang@sun-asterisk.com/Downloads/advanced)
2025-12-16 14:55:18,786 DEBUG o.s.b.StartupInfoLogger [restartedMain] Running with Spring Boot v3.5.8, Spring v6.2.14
2025-12-16 14:55:18,786 INFO o.s.b.SpringApplication [restartedMain] No active profile set, falling back to 1 default profile: "default"
2025-12-16 14:55:18,839 INFO o.s.d.r.c.RepositoryConfigurationDelegate [restartedMain] Bootstrapping Spring Data JPA repositories in DEFAULT mode.
2025-12-16 14:55:18,841 INFO o.s.d.r.c.RepositoryConfigurationDelegate [restartedMain] Finished Spring Data repository scanning in 2 ms. Found 1 JPA repository interface.
2025-12-16 14:55:18,841 INFO o.s.d.r.c.RepositoryConfigurationDelegate [restartedMain] Bootstrapping Spring Data JPA repositories in DEFAULT mode.
2025-12-16 14:55:18,843 INFO o.s.d.r.c.RepositoryConfigurationDelegate [restartedMain] Finished Spring Data repository scanning in 1 ms. Found 1 JPA repository interface.
2025-12-16 14:55:18,911 INFO o.s.b.w.e.t.TomcatWebServer [restartedMain] Tomcat initialized with port 8090 (http)
2025-12-16 14:55:18,911 INFO o.a.j.l.DirectJDKLog [restartedMain] Starting service [Tomcat]
2025-12-16 14:55:18,911 INFO o.a.j.l.DirectJDKLog [restartedMain] Starting Servlet engine: [Apache Tomcat/10.1.49]
2025-12-16 14:55:18,916 INFO o.a.j.l.DirectJDKLog [restartedMain] Initializing Spring embedded WebApplicationContext
2025-12-16 14:55:18,916 INFO o.s.b.w.s.c.ServletWebServerApplicationContext [restartedMain] Root WebApplicationContext: initialization completed in 129 ms
2025-12-16 14:55:18,937 INFO c.z.h.HikariDataSource [restartedMain] HikariPool-9 - Starting...
2025-12-16 14:55:18,941 INFO c.z.h.p.HikariPool [restartedMain] HikariPool-9 - Added connection com.mysql.cj.jdbc.ConnectionImpl@3786e545
2025-12-16 14:55:18,941 INFO c.z.h.HikariDataSource [restartedMain] HikariPool-9 - Start completed.
2025-12-16 14:55:18,942 INFO o.h.j.i.u.LogHelper [restartedMain] HHH000204: Processing PersistenceUnitInfo [name: mysqlPU]
2025-12-16 14:55:18,943 INFO o.h.c.i.RegionFactoryInitiator [restartedMain] HHH000026: Second-level cache disabled
2025-12-16 14:55:18,946 INFO o.s.o.j.p.SpringPersistenceUnitInfo [restartedMain] No LoadTimeWeaver setup: ignoring JPA class transformer
2025-12-16 14:55:18,948 WARN o.h.e.j.d.i.DialectFactoryImpl [restartedMain] HHH90000025: MySQLDialect does not need to be specified explicitly using 'hibernate.dialect' (remove the property setting and it will be selected by default)
2025-12-16 14:55:18,948 INFO o.h.e.j.e.i.JdbcEnvironmentInitiator [restartedMain] HHH10001005: Database info:
	Database JDBC URL [Connecting through datasource 'HikariDataSource (HikariPool-9)']
	Database driver: undefined/unknown
	Database version: 8.0.44
	Autocommit mode: undefined/unknown
	Isolation level: undefined/unknown
	Minimum pool size: undefined/unknown
	Maximum pool size: undefined/unknown
2025-12-16 14:55:18,964 INFO o.h.e.t.j.p.i.JtaPlatformInitiator [restartedMain] HHH000489: No JTA platform available (set 'hibernate.transaction.jta.platform' to enable JTA platform integration)
2025-12-16 14:55:18,971 INFO o.s.o.j.AbstractEntityManagerFactoryBean [restartedMain] Initialized JPA EntityManagerFactory for persistence unit 'mysqlPU'
2025-12-16 14:55:18,988 INFO c.z.h.HikariDataSource [restartedMain] HikariPool-10 - Starting...
2025-12-16 14:55:19,009 INFO c.z.h.p.HikariPool [restartedMain] HikariPool-10 - Added connection org.postgresql.jdbc.PgConnection@1cbaf114
2025-12-16 14:55:19,009 INFO c.z.h.HikariDataSource [restartedMain] HikariPool-10 - Start completed.
2025-12-16 14:55:19,011 INFO o.h.j.i.u.LogHelper [restartedMain] HHH000204: Processing PersistenceUnitInfo [name: postgresPU]
2025-12-16 14:55:19,013 INFO o.h.c.i.RegionFactoryInitiator [restartedMain] HHH000026: Second-level cache disabled
2025-12-16 14:55:19,019 INFO o.s.o.j.p.SpringPersistenceUnitInfo [restartedMain] No LoadTimeWeaver setup: ignoring JPA class transformer
2025-12-16 14:55:19,025 WARN o.h.e.j.d.i.DialectFactoryImpl [restartedMain] HHH90000025: PostgreSQLDialect does not need to be specified explicitly using 'hibernate.dialect' (remove the property setting and it will be selected by default)
2025-12-16 14:55:19,027 INFO o.h.e.j.e.i.JdbcEnvironmentInitiator [restartedMain] HHH10001005: Database info:
	Database JDBC URL [Connecting through datasource 'HikariDataSource (HikariPool-10)']
	Database driver: undefined/unknown
	Database version: 14.20
	Autocommit mode: undefined/unknown
	Isolation level: undefined/unknown
	Minimum pool size: undefined/unknown
	Maximum pool size: undefined/unknown
2025-12-16 14:55:19,042 INFO o.h.e.t.j.p.i.JtaPlatformInitiator [restartedMain] HHH000489: No JTA platform available (set 'hibernate.transaction.jta.platform' to enable JTA platform integration)
2025-12-16 14:55:19,049 INFO o.s.o.j.AbstractEntityManagerFactoryBean [restartedMain] Initialized JPA EntityManagerFactory for persistence unit 'postgresPU'
2025-12-16 14:55:19,140 WARN o.s.b.a.o.j.JpaBaseConfiguration$JpaWebConfiguration [restartedMain] spring.jpa.open-in-view is enabled by default. Therefore, database queries may be performed during view rendering. Explicitly configure spring.jpa.open-in-view to disable this warning
2025-12-16 14:55:19,188 INFO o.s.v.b.OptionalValidatorFactoryBean [restartedMain] Failed to set up a Bean Validation provider: jakarta.validation.NoProviderFoundException: Unable to create a Configuration, because no Jakarta Bean Validation provider could be found. Add a provider like Hibernate Validator (RI) to your classpath.
2025-12-16 14:55:19,224 INFO o.s.b.d.a.OptionalLiveReloadServer [restartedMain] LiveReload server is running on port 35729
2025-12-16 14:55:19,227 INFO o.s.c.l.CompositeLog [restartedMain] Starting...
2025-12-16 14:55:19,227 INFO o.s.c.l.CompositeLog [restartedMain] BrokerAvailabilityEvent[available=true, SimpleBrokerMessageHandler [org.springframework.messaging.simp.broker.DefaultSubscriptionRegistry@758096b6]]
2025-12-16 14:55:19,227 INFO o.s.c.l.CompositeLog [restartedMain] Started.
2025-12-16 14:55:19,228 INFO o.s.b.w.e.t.TomcatWebServer [restartedMain] Tomcat started on port 8090 (http) with context path '/'
2025-12-16 14:55:19,229 INFO o.s.a.r.c.AbstractConnectionFactory [restartedMain] Attempting to connect to: [localhost:5672]
2025-12-16 14:55:19,231 INFO o.s.a.r.c.AbstractConnectionFactory [restartedMain] Created new connection: rabbitConnectionFactory#ad99688:0/SimpleConnection@3935ede7 [delegate=amqp://guest@127.0.0.1:5672/, localPort=33022]
2025-12-16 14:55:19,235 INFO o.s.b.StartupInfoLogger [restartedMain] Started AdvancedApplication in 0.462 seconds (process running for 3654.781)
2025-12-16 14:55:19,235 INFO c.e.a.s.NotificationService [MessageBroker-1] ⏰ [Scheduler] Báo cáo hệ thống lúc: 2025-12-16T14:55:19.235747660 - Bởi: MessageBroker-1
2025-12-16 14:55:19,236 INFO o.s.b.d.a.ConditionEvaluationDeltaLoggingListener [restartedMain] Condition evaluation unchanged
2025-12-16 14:55:21,631 INFO o.s.b.d.a.LocalDevToolsAutoConfiguration$RestartingClassPathChangeChangedEventListener [File Watcher] Restarting due to 1 class path change (0 additions, 0 deletions, 1 modification)
2025-12-16 14:55:21,636 INFO o.s.a.r.l.SimpleMessageListenerContainer [org.springframework.amqp.rabbit.RabbitListenerEndpointContainer#0-2] Waiting for workers to finish.
2025-12-16 14:55:22,235 INFO o.s.a.r.l.SimpleMessageListenerContainer [org.springframework.amqp.rabbit.RabbitListenerEndpointContainer#0-2] Successfully waited for workers to finish.
2025-12-16 14:55:22,235 INFO o.s.b.w.e.t.GracefulShutdown [Thread-21] Commencing graceful shutdown. Waiting for active requests to complete
2025-12-16 14:55:22,237 INFO o.s.b.w.e.t.GracefulShutdown [tomcat-shutdown] Graceful shutdown complete
2025-12-16 14:55:22,239 INFO o.s.c.l.CompositeLog [Thread-21] Stopping...
2025-12-16 14:55:22,239 INFO o.s.c.l.CompositeLog [Thread-21] BrokerAvailabilityEvent[available=false, SimpleBrokerMessageHandler [org.springframework.messaging.simp.broker.DefaultSubscriptionRegistry@758096b6]]
2025-12-16 14:55:22,239 INFO o.s.c.l.CompositeLog [Thread-21] Stopped.
2025-12-16 14:55:22,242 INFO o.s.o.j.AbstractEntityManagerFactoryBean [Thread-21] Closing JPA EntityManagerFactory for persistence unit 'postgresPU'
2025-12-16 14:55:22,243 INFO c.z.h.HikariDataSource [Thread-21] HikariPool-10 - Shutdown initiated...
2025-12-16 14:55:22,247 INFO c.z.h.HikariDataSource [Thread-21] HikariPool-10 - Shutdown completed.
2025-12-16 14:55:22,247 INFO o.s.o.j.AbstractEntityManagerFactoryBean [Thread-21] Closing JPA EntityManagerFactory for persistence unit 'mysqlPU'
2025-12-16 14:55:22,248 INFO c.z.h.HikariDataSource [Thread-21] HikariPool-9 - Shutdown initiated...
2025-12-16 14:55:22,249 INFO c.z.h.HikariDataSource [Thread-21] HikariPool-9 - Shutdown completed.
2025-12-16 14:55:22,301 INFO o.s.b.StartupInfoLogger [restartedMain] Starting AdvancedApplication using Java 21.0.8 with PID 98692 (/home/cao.thanh.sang@sun-asterisk.com/Downloads/advanced/target/classes started by cao.thanh.sang@sun-asterisk.com in /home/cao.thanh.sang@sun-asterisk.com/Downloads/advanced)
2025-12-16 14:55:22,301 DEBUG o.s.b.StartupInfoLogger [restartedMain] Running with Spring Boot v3.5.8, Spring v6.2.14
2025-12-16 14:55:22,301 INFO o.s.b.SpringApplication [restartedMain] No active profile set, falling back to 1 default profile: "default"
2025-12-16 14:55:22,349 INFO o.s.d.r.c.RepositoryConfigurationDelegate [restartedMain] Bootstrapping Spring Data JPA repositories in DEFAULT mode.
2025-12-16 14:55:22,351 INFO o.s.d.r.c.RepositoryConfigurationDelegate [restartedMain] Finished Spring Data repository scanning in 1 ms. Found 1 JPA repository interface.
2025-12-16 14:55:22,352 INFO o.s.d.r.c.RepositoryConfigurationDelegate [restartedMain] Bootstrapping Spring Data JPA repositories in DEFAULT mode.
2025-12-16 14:55:22,353 INFO o.s.d.r.c.RepositoryConfigurationDelegate [restartedMain] Finished Spring Data repository scanning in 1 ms. Found 1 JPA repository interface.
2025-12-16 14:55:22,414 INFO o.s.b.w.e.t.TomcatWebServer [restartedMain] Tomcat initialized with port 8090 (http)
2025-12-16 14:55:22,415 INFO o.a.j.l.DirectJDKLog [restartedMain] Starting service [Tomcat]
2025-12-16 14:55:22,415 INFO o.a.j.l.DirectJDKLog [restartedMain] Starting Servlet engine: [Apache Tomcat/10.1.49]
2025-12-16 14:55:22,420 INFO o.a.j.l.DirectJDKLog [restartedMain] Initializing Spring embedded WebApplicationContext
2025-12-16 14:55:22,420 INFO o.s.b.w.s.c.ServletWebServerApplicationContext [restartedMain] Root WebApplicationContext: initialization completed in 118 ms
2025-12-16 14:55:22,432 INFO c.z.h.HikariDataSource [restartedMain] HikariPool-11 - Starting...
2025-12-16 14:55:22,435 INFO c.z.h.p.HikariPool [restartedMain] HikariPool-11 - Added connection com.mysql.cj.jdbc.ConnectionImpl@69aaddee
2025-12-16 14:55:22,435 INFO c.z.h.HikariDataSource [restartedMain] HikariPool-11 - Start completed.
2025-12-16 14:55:22,436 INFO o.h.j.i.u.LogHelper [restartedMain] HHH000204: Processing PersistenceUnitInfo [name: mysqlPU]
2025-12-16 14:55:22,436 INFO o.h.c.i.RegionFactoryInitiator [restartedMain] HHH000026: Second-level cache disabled
2025-12-16 14:55:22,439 INFO o.s.o.j.p.SpringPersistenceUnitInfo [restartedMain] No LoadTimeWeaver setup: ignoring JPA class transformer
2025-12-16 14:55:22,443 WARN o.h.e.j.d.i.DialectFactoryImpl [restartedMain] HHH90000025: MySQLDialect does not need to be specified explicitly using 'hibernate.dialect' (remove the property setting and it will be selected by default)
2025-12-16 14:55:22,444 INFO o.h.e.j.e.i.JdbcEnvironmentInitiator [restartedMain] HHH10001005: Database info:
	Database JDBC URL [Connecting through datasource 'HikariDataSource (HikariPool-11)']
	Database driver: undefined/unknown
	Database version: 8.0.44
	Autocommit mode: undefined/unknown
	Isolation level: undefined/unknown
	Minimum pool size: undefined/unknown
	Maximum pool size: undefined/unknown
2025-12-16 14:55:22,459 INFO o.h.e.t.j.p.i.JtaPlatformInitiator [restartedMain] HHH000489: No JTA platform available (set 'hibernate.transaction.jta.platform' to enable JTA platform integration)
2025-12-16 14:55:22,466 INFO o.s.o.j.AbstractEntityManagerFactoryBean [restartedMain] Initialized JPA EntityManagerFactory for persistence unit 'mysqlPU'
2025-12-16 14:55:22,476 INFO c.z.h.HikariDataSource [restartedMain] HikariPool-12 - Starting...
2025-12-16 14:55:22,488 INFO c.z.h.p.HikariPool [restartedMain] HikariPool-12 - Added connection org.postgresql.jdbc.PgConnection@6a6a218c
2025-12-16 14:55:22,488 INFO c.z.h.HikariDataSource [restartedMain] HikariPool-12 - Start completed.
2025-12-16 14:55:22,489 INFO o.h.j.i.u.LogHelper [restartedMain] HHH000204: Processing PersistenceUnitInfo [name: postgresPU]
2025-12-16 14:55:22,492 INFO o.h.c.i.RegionFactoryInitiator [restartedMain] HHH000026: Second-level cache disabled
2025-12-16 14:55:22,496 INFO o.s.o.j.p.SpringPersistenceUnitInfo [restartedMain] No LoadTimeWeaver setup: ignoring JPA class transformer
2025-12-16 14:55:22,499 WARN o.h.e.j.d.i.DialectFactoryImpl [restartedMain] HHH90000025: PostgreSQLDialect does not need to be specified explicitly using 'hibernate.dialect' (remove the property setting and it will be selected by default)
2025-12-16 14:55:22,500 INFO o.h.e.j.e.i.JdbcEnvironmentInitiator [restartedMain] HHH10001005: Database info:
	Database JDBC URL [Connecting through datasource 'HikariDataSource (HikariPool-12)']
	Database driver: undefined/unknown
	Database version: 14.20
	Autocommit mode: undefined/unknown
	Isolation level: undefined/unknown
	Minimum pool size: undefined/unknown
	Maximum pool size: undefined/unknown
2025-12-16 14:55:22,514 INFO o.h.e.t.j.p.i.JtaPlatformInitiator [restartedMain] HHH000489: No JTA platform available (set 'hibernate.transaction.jta.platform' to enable JTA platform integration)
2025-12-16 14:55:22,519 INFO o.s.o.j.AbstractEntityManagerFactoryBean [restartedMain] Initialized JPA EntityManagerFactory for persistence unit 'postgresPU'
2025-12-16 14:55:22,594 WARN o.s.b.a.o.j.JpaBaseConfiguration$JpaWebConfiguration [restartedMain] spring.jpa.open-in-view is enabled by default. Therefore, database queries may be performed during view rendering. Explicitly configure spring.jpa.open-in-view to disable this warning
2025-12-16 14:55:22,654 INFO o.s.v.b.OptionalValidatorFactoryBean [restartedMain] Failed to set up a Bean Validation provider: jakarta.validation.NoProviderFoundException: Unable to create a Configuration, because no Jakarta Bean Validation provider could be found. Add a provider like Hibernate Validator (RI) to your classpath.
2025-12-16 14:55:22,691 INFO o.s.b.d.a.OptionalLiveReloadServer [restartedMain] LiveReload server is running on port 35729
2025-12-16 14:55:22,694 INFO o.s.c.l.CompositeLog [restartedMain] Starting...
2025-12-16 14:55:22,694 INFO o.s.c.l.CompositeLog [restartedMain] BrokerAvailabilityEvent[available=true, SimpleBrokerMessageHandler [org.springframework.messaging.simp.broker.DefaultSubscriptionRegistry@2e96c25b]]
2025-12-16 14:55:22,694 INFO o.s.c.l.CompositeLog [restartedMain] Started.
2025-12-16 14:55:22,695 INFO o.s.b.w.e.t.TomcatWebServer [restartedMain] Tomcat started on port 8090 (http) with context path '/'
2025-12-16 14:55:22,696 INFO o.s.a.r.c.AbstractConnectionFactory [restartedMain] Attempting to connect to: [localhost:5672]
2025-12-16 14:55:22,699 INFO o.s.a.r.c.AbstractConnectionFactory [restartedMain] Created new connection: rabbitConnectionFactory#4c637511:0/SimpleConnection@7845173d [delegate=amqp://guest@127.0.0.1:5672/, localPort=33026]
2025-12-16 14:55:22,705 INFO c.e.a.s.NotificationService [MessageBroker-1] ⏰ [Scheduler] Báo cáo hệ thống lúc: 2025-12-16T14:55:22.705077420 - Bởi: MessageBroker-1
2025-12-16 14:55:22,705 INFO o.s.b.StartupInfoLogger [restartedMain] Started AdvancedApplication in 0.415 seconds (process running for 3658.25)
2025-12-16 14:55:22,705 INFO o.s.b.d.a.ConditionEvaluationDeltaLoggingListener [restartedMain] Condition evaluation unchanged
2025-12-16 14:55:46,130 INFO o.s.b.d.a.LocalDevToolsAutoConfiguration$RestartingClassPathChangeChangedEventListener [File Watcher] Restarting due to 1 class path change (1 addition, 0 deletions, 0 modifications)
2025-12-16 14:55:46,134 INFO o.s.a.r.l.SimpleMessageListenerContainer [org.springframework.amqp.rabbit.RabbitListenerEndpointContainer#0-2] Waiting for workers to finish.
2025-12-16 14:55:46,710 INFO o.s.a.r.l.SimpleMessageListenerContainer [org.springframework.amqp.rabbit.RabbitListenerEndpointContainer#0-2] Successfully waited for workers to finish.
2025-12-16 14:55:46,710 INFO o.s.b.w.e.t.GracefulShutdown [Thread-25] Commencing graceful shutdown. Waiting for active requests to complete
2025-12-16 14:55:46,712 INFO o.s.b.w.e.t.GracefulShutdown [tomcat-shutdown] Graceful shutdown complete
2025-12-16 14:55:46,713 INFO o.s.c.l.CompositeLog [Thread-25] Stopping...
2025-12-16 14:55:46,713 INFO o.s.c.l.CompositeLog [Thread-25] BrokerAvailabilityEvent[available=false, SimpleBrokerMessageHandler [org.springframework.messaging.simp.broker.DefaultSubscriptionRegistry@2e96c25b]]
2025-12-16 14:55:46,713 INFO o.s.c.l.CompositeLog [Thread-25] Stopped.
2025-12-16 14:55:46,716 INFO o.s.o.j.AbstractEntityManagerFactoryBean [Thread-25] Closing JPA EntityManagerFactory for persistence unit 'postgresPU'
2025-12-16 14:55:46,716 INFO c.z.h.HikariDataSource [Thread-25] HikariPool-12 - Shutdown initiated...
2025-12-16 14:55:46,719 INFO c.z.h.HikariDataSource [Thread-25] HikariPool-12 - Shutdown completed.
2025-12-16 14:55:46,719 INFO o.s.o.j.AbstractEntityManagerFactoryBean [Thread-25] Closing JPA EntityManagerFactory for persistence unit 'mysqlPU'
2025-12-16 14:55:46,720 INFO c.z.h.HikariDataSource [Thread-25] HikariPool-11 - Shutdown initiated...
2025-12-16 14:55:46,722 INFO c.z.h.HikariDataSource [Thread-25] HikariPool-11 - Shutdown completed.
2025-12-16 14:55:46,790 INFO o.s.b.StartupInfoLogger [restartedMain] Starting AdvancedApplication using Java 21.0.8 with PID 98692 (/home/cao.thanh.sang@sun-asterisk.com/Downloads/advanced/target/classes started by cao.thanh.sang@sun-asterisk.com in /home/cao.thanh.sang@sun-asterisk.com/Downloads/advanced)
2025-12-16 14:55:46,790 DEBUG o.s.b.StartupInfoLogger [restartedMain] Running with Spring Boot v3.5.8, Spring v6.2.14
2025-12-16 14:55:46,790 INFO o.s.b.SpringApplication [restartedMain] No active profile set, falling back to 1 default profile: "default"
2025-12-16 14:55:46,843 INFO o.s.d.r.c.RepositoryConfigurationDelegate [restartedMain] Bootstrapping Spring Data JPA repositories in DEFAULT mode.
2025-12-16 14:55:46,845 INFO o.s.d.r.c.RepositoryConfigurationDelegate [restartedMain] Finished Spring Data repository scanning in 2 ms. Found 1 JPA repository interface.
2025-12-16 14:55:46,846 INFO o.s.d.r.c.RepositoryConfigurationDelegate [restartedMain] Bootstrapping Spring Data JPA repositories in DEFAULT mode.
2025-12-16 14:55:46,847 INFO o.s.d.r.c.RepositoryConfigurationDelegate [restartedMain] Finished Spring Data repository scanning in 1 ms. Found 1 JPA repository interface.
2025-12-16 14:55:46,912 INFO o.s.b.w.e.t.TomcatWebServer [restartedMain] Tomcat initialized with port 8090 (http)
2025-12-16 14:55:46,913 INFO o.a.j.l.DirectJDKLog [restartedMain] Starting service [Tomcat]
2025-12-16 14:55:46,913 INFO o.a.j.l.DirectJDKLog [restartedMain] Starting Servlet engine: [Apache Tomcat/10.1.49]
2025-12-16 14:55:46,917 INFO o.a.j.l.DirectJDKLog [restartedMain] Initializing Spring embedded WebApplicationContext
2025-12-16 14:55:46,918 INFO o.s.b.w.s.c.ServletWebServerApplicationContext [restartedMain] Root WebApplicationContext: initialization completed in 127 ms
2025-12-16 14:55:46,930 INFO c.z.h.HikariDataSource [restartedMain] HikariPool-13 - Starting...
2025-12-16 14:55:46,934 INFO c.z.h.p.HikariPool [restartedMain] HikariPool-13 - Added connection com.mysql.cj.jdbc.ConnectionImpl@bf96abf
2025-12-16 14:55:46,934 INFO c.z.h.HikariDataSource [restartedMain] HikariPool-13 - Start completed.
2025-12-16 14:55:46,935 INFO o.h.j.i.u.LogHelper [restartedMain] HHH000204: Processing PersistenceUnitInfo [name: mysqlPU]
2025-12-16 14:55:46,937 INFO o.h.c.i.RegionFactoryInitiator [restartedMain] HHH000026: Second-level cache disabled
2025-12-16 14:55:46,943 INFO o.s.o.j.p.SpringPersistenceUnitInfo [restartedMain] No LoadTimeWeaver setup: ignoring JPA class transformer
2025-12-16 14:55:46,945 WARN o.h.e.j.d.i.DialectFactoryImpl [restartedMain] HHH90000025: MySQLDialect does not need to be specified explicitly using 'hibernate.dialect' (remove the property setting and it will be selected by default)
2025-12-16 14:55:46,945 INFO o.h.e.j.e.i.JdbcEnvironmentInitiator [restartedMain] HHH10001005: Database info:
	Database JDBC URL [Connecting through datasource 'HikariDataSource (HikariPool-13)']
	Database driver: undefined/unknown
	Database version: 8.0.44
	Autocommit mode: undefined/unknown
	Isolation level: undefined/unknown
	Minimum pool size: undefined/unknown
	Maximum pool size: undefined/unknown
2025-12-16 14:55:46,960 INFO o.h.e.t.j.p.i.JtaPlatformInitiator [restartedMain] HHH000489: No JTA platform available (set 'hibernate.transaction.jta.platform' to enable JTA platform integration)
2025-12-16 14:55:46,967 INFO o.s.o.j.AbstractEntityManagerFactoryBean [restartedMain] Initialized JPA EntityManagerFactory for persistence unit 'mysqlPU'
2025-12-16 14:55:46,976 INFO c.z.h.HikariDataSource [restartedMain] HikariPool-14 - Starting...
2025-12-16 14:55:46,988 INFO c.z.h.p.HikariPool [restartedMain] HikariPool-14 - Added connection org.postgresql.jdbc.PgConnection@66a2a9fa
2025-12-16 14:55:46,988 INFO c.z.h.HikariDataSource [restartedMain] HikariPool-14 - Start completed.
2025-12-16 14:55:46,989 INFO o.h.j.i.u.LogHelper [restartedMain] HHH000204: Processing PersistenceUnitInfo [name: postgresPU]
2025-12-16 14:55:46,990 INFO o.h.c.i.RegionFactoryInitiator [restartedMain] HHH000026: Second-level cache disabled
2025-12-16 14:55:46,993 INFO o.s.o.j.p.SpringPersistenceUnitInfo [restartedMain] No LoadTimeWeaver setup: ignoring JPA class transformer
2025-12-16 14:55:46,997 WARN o.h.e.j.d.i.DialectFactoryImpl [restartedMain] HHH90000025: PostgreSQLDialect does not need to be specified explicitly using 'hibernate.dialect' (remove the property setting and it will be selected by default)
2025-12-16 14:55:46,998 INFO o.h.e.j.e.i.JdbcEnvironmentInitiator [restartedMain] HHH10001005: Database info:
	Database JDBC URL [Connecting through datasource 'HikariDataSource (HikariPool-14)']
	Database driver: undefined/unknown
	Database version: 14.20
	Autocommit mode: undefined/unknown
	Isolation level: undefined/unknown
	Minimum pool size: undefined/unknown
	Maximum pool size: undefined/unknown
2025-12-16 14:55:47,011 INFO o.h.e.t.j.p.i.JtaPlatformInitiator [restartedMain] HHH000489: No JTA platform available (set 'hibernate.transaction.jta.platform' to enable JTA platform integration)
2025-12-16 14:55:47,020 INFO o.s.o.j.AbstractEntityManagerFactoryBean [restartedMain] Initialized JPA EntityManagerFactory for persistence unit 'postgresPU'
2025-12-16 14:55:47,115 WARN o.s.b.a.o.j.JpaBaseConfiguration$JpaWebConfiguration [restartedMain] spring.jpa.open-in-view is enabled by default. Therefore, database queries may be performed during view rendering. Explicitly configure spring.jpa.open-in-view to disable this warning
2025-12-16 14:55:47,160 INFO o.s.v.b.OptionalValidatorFactoryBean [restartedMain] Failed to set up a Bean Validation provider: jakarta.validation.NoProviderFoundException: Unable to create a Configuration, because no Jakarta Bean Validation provider could be found. Add a provider like Hibernate Validator (RI) to your classpath.
2025-12-16 14:55:47,197 INFO o.s.b.d.a.OptionalLiveReloadServer [restartedMain] LiveReload server is running on port 35729
2025-12-16 14:55:47,200 INFO o.s.c.l.CompositeLog [restartedMain] Starting...
2025-12-16 14:55:47,200 INFO o.s.c.l.CompositeLog [restartedMain] BrokerAvailabilityEvent[available=true, SimpleBrokerMessageHandler [org.springframework.messaging.simp.broker.DefaultSubscriptionRegistry@1edc4b96]]
2025-12-16 14:55:47,201 INFO o.s.c.l.CompositeLog [restartedMain] Started.
2025-12-16 14:55:47,201 INFO o.s.b.w.e.t.TomcatWebServer [restartedMain] Tomcat started on port 8090 (http) with context path '/'
2025-12-16 14:55:47,202 INFO o.s.a.r.c.AbstractConnectionFactory [restartedMain] Attempting to connect to: [localhost:5672]
2025-12-16 14:55:47,204 INFO o.s.a.r.c.AbstractConnectionFactory [restartedMain] Created new connection: rabbitConnectionFactory#47b80167:0/SimpleConnection@7950b52b [delegate=amqp://guest@127.0.0.1:5672/, localPort=58798]
2025-12-16 14:55:47,208 INFO c.e.a.s.NotificationService [MessageBroker-1] ⏰ [Scheduler] Báo cáo hệ thống lúc: 2025-12-16T14:55:47.208755757 - Bởi: MessageBroker-1
2025-12-16 14:55:47,208 INFO o.s.b.StartupInfoLogger [restartedMain] Started AdvancedApplication in 0.43 seconds (process running for 3682.754)
2025-12-16 14:55:47,209 INFO o.s.b.d.a.ConditionEvaluationDeltaLoggingListener [restartedMain] Condition evaluation unchanged
2025-12-16 14:55:49,604 INFO o.s.b.d.a.LocalDevToolsAutoConfiguration$RestartingClassPathChangeChangedEventListener [File Watcher] Restarting due to 1 class path change (0 additions, 0 deletions, 1 modification)
2025-12-16 14:55:49,611 INFO o.s.a.r.l.SimpleMessageListenerContainer [org.springframework.amqp.rabbit.RabbitListenerEndpointContainer#0-2] Waiting for workers to finish.
2025-12-16 14:55:50,208 INFO o.s.a.r.l.SimpleMessageListenerContainer [org.springframework.amqp.rabbit.RabbitListenerEndpointContainer#0-2] Successfully waited for workers to finish.
2025-12-16 14:55:50,208 INFO o.s.b.w.e.t.GracefulShutdown [Thread-29] Commencing graceful shutdown. Waiting for active requests to complete
2025-12-16 14:55:50,211 INFO o.s.b.w.e.t.GracefulShutdown [tomcat-shutdown] Graceful shutdown complete
2025-12-16 14:55:50,213 INFO o.s.c.l.CompositeLog [Thread-29] Stopping...
2025-12-16 14:55:50,213 INFO o.s.c.l.CompositeLog [Thread-29] BrokerAvailabilityEvent[available=false, SimpleBrokerMessageHandler [org.springframework.messaging.simp.broker.DefaultSubscriptionRegistry@1edc4b96]]
2025-12-16 14:55:50,214 INFO o.s.c.l.CompositeLog [Thread-29] Stopped.
2025-12-16 14:55:50,217 INFO o.s.o.j.AbstractEntityManagerFactoryBean [Thread-29] Closing JPA EntityManagerFactory for persistence unit 'postgresPU'
2025-12-16 14:55:50,217 INFO c.z.h.HikariDataSource [Thread-29] HikariPool-14 - Shutdown initiated...
2025-12-16 14:55:50,221 INFO c.z.h.HikariDataSource [Thread-29] HikariPool-14 - Shutdown completed.
2025-12-16 14:55:50,222 INFO o.s.o.j.AbstractEntityManagerFactoryBean [Thread-29] Closing JPA EntityManagerFactory for persistence unit 'mysqlPU'
2025-12-16 14:55:50,222 INFO c.z.h.HikariDataSource [Thread-29] HikariPool-13 - Shutdown initiated...
2025-12-16 14:55:50,224 INFO c.z.h.HikariDataSource [Thread-29] HikariPool-13 - Shutdown completed.
2025-12-16 14:55:50,297 INFO o.s.b.StartupInfoLogger [restartedMain] Starting AdvancedApplication using Java 21.0.8 with PID 98692 (/home/cao.thanh.sang@sun-asterisk.com/Downloads/advanced/target/classes started by cao.thanh.sang@sun-asterisk.com in /home/cao.thanh.sang@sun-asterisk.com/Downloads/advanced)
2025-12-16 14:55:50,298 DEBUG o.s.b.StartupInfoLogger [restartedMain] Running with Spring Boot v3.5.8, Spring v6.2.14
2025-12-16 14:55:50,298 INFO o.s.b.SpringApplication [restartedMain] No active profile set, falling back to 1 default profile: "default"
2025-12-16 14:55:50,342 INFO o.s.d.r.c.RepositoryConfigurationDelegate [restartedMain] Bootstrapping Spring Data JPA repositories in DEFAULT mode.
2025-12-16 14:55:50,345 INFO o.s.d.r.c.RepositoryConfigurationDelegate [restartedMain] Finished Spring Data repository scanning in 1 ms. Found 1 JPA repository interface.
2025-12-16 14:55:50,345 INFO o.s.d.r.c.RepositoryConfigurationDelegate [restartedMain] Bootstrapping Spring Data JPA repositories in DEFAULT mode.
2025-12-16 14:55:50,346 INFO o.s.d.r.c.RepositoryConfigurationDelegate [restartedMain] Finished Spring Data repository scanning in 1 ms. Found 1 JPA repository interface.
2025-12-16 14:55:50,405 INFO o.s.b.w.e.t.TomcatWebServer [restartedMain] Tomcat initialized with port 8090 (http)
2025-12-16 14:55:50,405 INFO o.a.j.l.DirectJDKLog [restartedMain] Starting service [Tomcat]
2025-12-16 14:55:50,405 INFO o.a.j.l.DirectJDKLog [restartedMain] Starting Servlet engine: [Apache Tomcat/10.1.49]
2025-12-16 14:55:50,410 INFO o.a.j.l.DirectJDKLog [restartedMain] Initializing Spring embedded WebApplicationContext
2025-12-16 14:55:50,410 INFO o.s.b.w.s.c.ServletWebServerApplicationContext [restartedMain] Root WebApplicationContext: initialization completed in 111 ms
2025-12-16 14:55:50,421 INFO c.z.h.HikariDataSource [restartedMain] HikariPool-15 - Starting...
2025-12-16 14:55:50,423 INFO c.z.h.p.HikariPool [restartedMain] HikariPool-15 - Added connection com.mysql.cj.jdbc.ConnectionImpl@7f483c28
2025-12-16 14:55:50,424 INFO c.z.h.HikariDataSource [restartedMain] HikariPool-15 - Start completed.
2025-12-16 14:55:50,424 INFO o.h.j.i.u.LogHelper [restartedMain] HHH000204: Processing PersistenceUnitInfo [name: mysqlPU]
2025-12-16 14:55:50,425 INFO o.h.c.i.RegionFactoryInitiator [restartedMain] HHH000026: Second-level cache disabled
2025-12-16 14:55:50,428 INFO o.s.o.j.p.SpringPersistenceUnitInfo [restartedMain] No LoadTimeWeaver setup: ignoring JPA class transformer
2025-12-16 14:55:50,429 WARN o.h.e.j.d.i.DialectFactoryImpl [restartedMain] HHH90000025: MySQLDialect does not need to be specified explicitly using 'hibernate.dialect' (remove the property setting and it will be selected by default)
2025-12-16 14:55:50,429 INFO o.h.e.j.e.i.JdbcEnvironmentInitiator [restartedMain] HHH10001005: Database info:
	Database JDBC URL [Connecting through datasource 'HikariDataSource (HikariPool-15)']
	Database driver: undefined/unknown
	Database version: 8.0.44
	Autocommit mode: undefined/unknown
	Isolation level: undefined/unknown
	Minimum pool size: undefined/unknown
	Maximum pool size: undefined/unknown
2025-12-16 14:55:50,442 INFO o.h.e.t.j.p.i.JtaPlatformInitiator [restartedMain] HHH000489: No JTA platform available (set 'hibernate.transaction.jta.platform' to enable JTA platform integration)
2025-12-16 14:55:50,447 INFO o.s.o.j.AbstractEntityManagerFactoryBean [restartedMain] Initialized JPA EntityManagerFactory for persistence unit 'mysqlPU'
2025-12-16 14:55:50,452 INFO c.z.h.HikariDataSource [restartedMain] HikariPool-16 - Starting...
2025-12-16 14:55:50,462 INFO c.z.h.p.HikariPool [restartedMain] HikariPool-16 - Added connection org.postgresql.jdbc.PgConnection@51c5ec55
2025-12-16 14:55:50,462 INFO c.z.h.HikariDataSource [restartedMain] HikariPool-16 - Start completed.
2025-12-16 14:55:50,463 INFO o.h.j.i.u.LogHelper [restartedMain] HHH000204: Processing PersistenceUnitInfo [name: postgresPU]
2025-12-16 14:55:50,463 INFO o.h.c.i.RegionFactoryInitiator [restartedMain] HHH000026: Second-level cache disabled
2025-12-16 14:55:50,466 INFO o.s.o.j.p.SpringPersistenceUnitInfo [restartedMain] No LoadTimeWeaver setup: ignoring JPA class transformer
2025-12-16 14:55:50,472 WARN o.h.e.j.d.i.DialectFactoryImpl [restartedMain] HHH90000025: PostgreSQLDialect does not need to be specified explicitly using 'hibernate.dialect' (remove the property setting and it will be selected by default)
2025-12-16 14:55:50,473 INFO o.h.e.j.e.i.JdbcEnvironmentInitiator [restartedMain] HHH10001005: Database info:
	Database JDBC URL [Connecting through datasource 'HikariDataSource (HikariPool-16)']
	Database driver: undefined/unknown
	Database version: 14.20
	Autocommit mode: undefined/unknown
	Isolation level: undefined/unknown
	Minimum pool size: undefined/unknown
	Maximum pool size: undefined/unknown
2025-12-16 14:55:50,490 INFO o.h.e.t.j.p.i.JtaPlatformInitiator [restartedMain] HHH000489: No JTA platform available (set 'hibernate.transaction.jta.platform' to enable JTA platform integration)
2025-12-16 14:55:50,497 INFO o.s.o.j.AbstractEntityManagerFactoryBean [restartedMain] Initialized JPA EntityManagerFactory for persistence unit 'postgresPU'
2025-12-16 14:55:50,633 WARN o.s.b.a.o.j.JpaBaseConfiguration$JpaWebConfiguration [restartedMain] spring.jpa.open-in-view is enabled by default. Therefore, database queries may be performed during view rendering. Explicitly configure spring.jpa.open-in-view to disable this warning
2025-12-16 14:55:50,684 INFO o.s.v.b.OptionalValidatorFactoryBean [restartedMain] Failed to set up a Bean Validation provider: jakarta.validation.NoProviderFoundException: Unable to create a Configuration, because no Jakarta Bean Validation provider could be found. Add a provider like Hibernate Validator (RI) to your classpath.
2025-12-16 14:55:50,720 INFO o.s.b.d.a.OptionalLiveReloadServer [restartedMain] LiveReload server is running on port 35729
2025-12-16 14:55:50,723 INFO o.s.c.l.CompositeLog [restartedMain] Starting...
2025-12-16 14:55:50,724 INFO o.s.c.l.CompositeLog [restartedMain] BrokerAvailabilityEvent[available=true, SimpleBrokerMessageHandler [org.springframework.messaging.simp.broker.DefaultSubscriptionRegistry@7a986fb9]]
2025-12-16 14:55:50,724 INFO o.s.c.l.CompositeLog [restartedMain] Started.
2025-12-16 14:55:50,725 INFO o.s.b.w.e.t.TomcatWebServer [restartedMain] Tomcat started on port 8090 (http) with context path '/'
2025-12-16 14:55:50,725 INFO o.s.a.r.c.AbstractConnectionFactory [restartedMain] Attempting to connect to: [localhost:5672]
2025-12-16 14:55:50,727 INFO o.s.a.r.c.AbstractConnectionFactory [restartedMain] Created new connection: rabbitConnectionFactory#4e1cf017:0/SimpleConnection@c58acfe [delegate=amqp://guest@127.0.0.1:5672/, localPort=45432]
2025-12-16 14:55:50,732 INFO o.s.b.StartupInfoLogger [restartedMain] Started AdvancedApplication in 0.457 seconds (process running for 3686.278)
2025-12-16 14:55:50,732 INFO c.e.a.s.NotificationService [MessageBroker-1] ⏰ [Scheduler] Báo cáo hệ thống lúc: 2025-12-16T14:55:50.732751697 - Bởi: MessageBroker-1
2025-12-16 14:55:50,733 INFO o.s.b.d.a.ConditionEvaluationDeltaLoggingListener [restartedMain] Condition evaluation unchanged
2025-12-16 14:56:00,138 INFO o.s.b.d.a.LocalDevToolsAutoConfiguration$RestartingClassPathChangeChangedEventListener [File Watcher] Restarting due to 1 class path change (1 addition, 0 deletions, 0 modifications)
2025-12-16 14:56:00,142 INFO o.s.a.r.l.SimpleMessageListenerContainer [org.springframework.amqp.rabbit.RabbitListenerEndpointContainer#0-2] Waiting for workers to finish.
2025-12-16 14:56:00,733 INFO o.s.a.r.l.SimpleMessageListenerContainer [org.springframework.amqp.rabbit.RabbitListenerEndpointContainer#0-2] Successfully waited for workers to finish.
2025-12-16 14:56:00,733 INFO o.s.b.w.e.t.GracefulShutdown [Thread-33] Commencing graceful shutdown. Waiting for active requests to complete
2025-12-16 14:56:00,736 INFO o.s.b.w.e.t.GracefulShutdown [tomcat-shutdown] Graceful shutdown complete
2025-12-16 14:56:00,738 INFO o.s.c.l.CompositeLog [Thread-33] Stopping...
2025-12-16 14:56:00,738 INFO o.s.c.l.CompositeLog [Thread-33] BrokerAvailabilityEvent[available=false, SimpleBrokerMessageHandler [org.springframework.messaging.simp.broker.DefaultSubscriptionRegistry@7a986fb9]]
2025-12-16 14:56:00,738 INFO o.s.c.l.CompositeLog [Thread-33] Stopped.
2025-12-16 14:56:00,741 INFO o.s.o.j.AbstractEntityManagerFactoryBean [Thread-33] Closing JPA EntityManagerFactory for persistence unit 'postgresPU'
2025-12-16 14:56:00,742 INFO c.z.h.HikariDataSource [Thread-33] HikariPool-16 - Shutdown initiated...
2025-12-16 14:56:00,745 INFO c.z.h.HikariDataSource [Thread-33] HikariPool-16 - Shutdown completed.
2025-12-16 14:56:00,745 INFO o.s.o.j.AbstractEntityManagerFactoryBean [Thread-33] Closing JPA EntityManagerFactory for persistence unit 'mysqlPU'
2025-12-16 14:56:00,746 INFO c.z.h.HikariDataSource [Thread-33] HikariPool-15 - Shutdown initiated...
2025-12-16 14:56:00,748 INFO c.z.h.HikariDataSource [Thread-33] HikariPool-15 - Shutdown completed.
2025-12-16 14:56:00,818 INFO o.s.b.StartupInfoLogger [restartedMain] Starting AdvancedApplication using Java 21.0.8 with PID 98692 (/home/cao.thanh.sang@sun-asterisk.com/Downloads/advanced/target/classes started by cao.thanh.sang@sun-asterisk.com in /home/cao.thanh.sang@sun-asterisk.com/Downloads/advanced)
2025-12-16 14:56:00,818 DEBUG o.s.b.StartupInfoLogger [restartedMain] Running with Spring Boot v3.5.8, Spring v6.2.14
2025-12-16 14:56:00,818 INFO o.s.b.SpringApplication [restartedMain] No active profile set, falling back to 1 default profile: "default"
2025-12-16 14:56:00,865 INFO o.s.d.r.c.RepositoryConfigurationDelegate [restartedMain] Bootstrapping Spring Data JPA repositories in DEFAULT mode.
2025-12-16 14:56:00,867 INFO o.s.d.r.c.RepositoryConfigurationDelegate [restartedMain] Finished Spring Data repository scanning in 1 ms. Found 1 JPA repository interface.
2025-12-16 14:56:00,867 INFO o.s.d.r.c.RepositoryConfigurationDelegate [restartedMain] Bootstrapping Spring Data JPA repositories in DEFAULT mode.
2025-12-16 14:56:00,868 INFO o.s.d.r.c.RepositoryConfigurationDelegate [restartedMain] Finished Spring Data repository scanning in 1 ms. Found 1 JPA repository interface.
2025-12-16 14:56:00,928 INFO o.s.b.w.e.t.TomcatWebServer [restartedMain] Tomcat initialized with port 8090 (http)
2025-12-16 14:56:00,928 INFO o.a.j.l.DirectJDKLog [restartedMain] Starting service [Tomcat]
2025-12-16 14:56:00,929 INFO o.a.j.l.DirectJDKLog [restartedMain] Starting Servlet engine: [Apache Tomcat/10.1.49]
2025-12-16 14:56:00,934 INFO o.a.j.l.DirectJDKLog [restartedMain] Initializing Spring embedded WebApplicationContext
2025-12-16 14:56:00,934 INFO o.s.b.w.s.c.ServletWebServerApplicationContext [restartedMain] Root WebApplicationContext: initialization completed in 115 ms
2025-12-16 14:56:00,947 INFO c.z.h.HikariDataSource [restartedMain] HikariPool-17 - Starting...
2025-12-16 14:56:00,949 INFO c.z.h.p.HikariPool [restartedMain] HikariPool-17 - Added connection com.mysql.cj.jdbc.ConnectionImpl@61399c39
2025-12-16 14:56:00,949 INFO c.z.h.HikariDataSource [restartedMain] HikariPool-17 - Start completed.
2025-12-16 14:56:00,950 INFO o.h.j.i.u.LogHelper [restartedMain] HHH000204: Processing PersistenceUnitInfo [name: mysqlPU]
2025-12-16 14:56:00,950 INFO o.h.c.i.RegionFactoryInitiator [restartedMain] HHH000026: Second-level cache disabled
2025-12-16 14:56:00,953 INFO o.s.o.j.p.SpringPersistenceUnitInfo [restartedMain] No LoadTimeWeaver setup: ignoring JPA class transformer
2025-12-16 14:56:00,954 WARN o.h.e.j.d.i.DialectFactoryImpl [restartedMain] HHH90000025: MySQLDialect does not need to be specified explicitly using 'hibernate.dialect' (remove the property setting and it will be selected by default)
2025-12-16 14:56:00,954 INFO o.h.e.j.e.i.JdbcEnvironmentInitiator [restartedMain] HHH10001005: Database info:
	Database JDBC URL [Connecting through datasource 'HikariDataSource (HikariPool-17)']
	Database driver: undefined/unknown
	Database version: 8.0.44
	Autocommit mode: undefined/unknown
	Isolation level: undefined/unknown
	Minimum pool size: undefined/unknown
	Maximum pool size: undefined/unknown
2025-12-16 14:56:00,968 INFO o.h.e.t.j.p.i.JtaPlatformInitiator [restartedMain] HHH000489: No JTA platform available (set 'hibernate.transaction.jta.platform' to enable JTA platform integration)
2025-12-16 14:56:00,974 INFO o.s.o.j.AbstractEntityManagerFactoryBean [restartedMain] Initialized JPA EntityManagerFactory for persistence unit 'mysqlPU'
2025-12-16 14:56:00,979 INFO c.z.h.HikariDataSource [restartedMain] HikariPool-18 - Starting...
2025-12-16 14:56:00,995 INFO c.z.h.p.HikariPool [restartedMain] HikariPool-18 - Added connection org.postgresql.jdbc.PgConnection@7aa3e0f
2025-12-16 14:56:00,995 INFO c.z.h.HikariDataSource [restartedMain] HikariPool-18 - Start completed.
2025-12-16 14:56:00,996 INFO o.h.j.i.u.LogHelper [restartedMain] HHH000204: Processing PersistenceUnitInfo [name: postgresPU]
2025-12-16 14:56:00,997 INFO o.h.c.i.RegionFactoryInitiator [restartedMain] HHH000026: Second-level cache disabled
2025-12-16 14:56:00,999 INFO o.s.o.j.p.SpringPersistenceUnitInfo [restartedMain] No LoadTimeWeaver setup: ignoring JPA class transformer
2025-12-16 14:56:01,003 WARN o.h.e.j.d.i.DialectFactoryImpl [restartedMain] HHH90000025: PostgreSQLDialect does not need to be specified explicitly using 'hibernate.dialect' (remove the property setting and it will be selected by default)
2025-12-16 14:56:01,004 INFO o.h.e.j.e.i.JdbcEnvironmentInitiator [restartedMain] HHH10001005: Database info:
	Database JDBC URL [Connecting through datasource 'HikariDataSource (HikariPool-18)']
	Database driver: undefined/unknown
	Database version: 14.20
	Autocommit mode: undefined/unknown
	Isolation level: undefined/unknown
	Minimum pool size: undefined/unknown
	Maximum pool size: undefined/unknown
2025-12-16 14:56:01,025 INFO o.h.e.t.j.p.i.JtaPlatformInitiator [restartedMain] HHH000489: No JTA platform available (set 'hibernate.transaction.jta.platform' to enable JTA platform integration)
2025-12-16 14:56:01,031 INFO o.s.o.j.AbstractEntityManagerFactoryBean [restartedMain] Initialized JPA EntityManagerFactory for persistence unit 'postgresPU'
2025-12-16 14:56:01,118 WARN o.s.b.a.o.j.JpaBaseConfiguration$JpaWebConfiguration [restartedMain] spring.jpa.open-in-view is enabled by default. Therefore, database queries may be performed during view rendering. Explicitly configure spring.jpa.open-in-view to disable this warning
2025-12-16 14:56:01,161 INFO o.s.v.b.OptionalValidatorFactoryBean [restartedMain] Failed to set up a Bean Validation provider: jakarta.validation.NoProviderFoundException: Unable to create a Configuration, because no Jakarta Bean Validation provider could be found. Add a provider like Hibernate Validator (RI) to your classpath.
2025-12-16 14:56:01,197 INFO o.s.b.d.a.OptionalLiveReloadServer [restartedMain] LiveReload server is running on port 35729
2025-12-16 14:56:01,200 INFO o.s.c.l.CompositeLog [restartedMain] Starting...
2025-12-16 14:56:01,201 INFO o.s.c.l.CompositeLog [restartedMain] BrokerAvailabilityEvent[available=true, SimpleBrokerMessageHandler [org.springframework.messaging.simp.broker.DefaultSubscriptionRegistry@439c5f03]]
2025-12-16 14:56:01,201 INFO o.s.c.l.CompositeLog [restartedMain] Started.
2025-12-16 14:56:01,202 INFO o.s.b.w.e.t.TomcatWebServer [restartedMain] Tomcat started on port 8090 (http) with context path '/'
2025-12-16 14:56:01,202 INFO o.s.a.r.c.AbstractConnectionFactory [restartedMain] Attempting to connect to: [localhost:5672]
2025-12-16 14:56:01,204 INFO o.s.a.r.c.AbstractConnectionFactory [restartedMain] Created new connection: rabbitConnectionFactory#116d5793:0/SimpleConnection@3e63c7a2 [delegate=amqp://guest@127.0.0.1:5672/, localPort=37774]
2025-12-16 14:56:01,212 INFO c.e.a.s.NotificationService [MessageBroker-1] ⏰ [Scheduler] Báo cáo hệ thống lúc: 2025-12-16T14:56:01.212203656 - Bởi: MessageBroker-1
2025-12-16 14:56:01,212 INFO o.s.b.StartupInfoLogger [restartedMain] Started AdvancedApplication in 0.409 seconds (process running for 3696.757)
2025-12-16 14:56:01,213 INFO o.s.b.d.a.ConditionEvaluationDeltaLoggingListener [restartedMain] Condition evaluation unchanged
2025-12-16 14:56:02,601 INFO o.s.b.d.a.LocalDevToolsAutoConfiguration$RestartingClassPathChangeChangedEventListener [File Watcher] Restarting due to 1 class path change (0 additions, 0 deletions, 1 modification)
2025-12-16 14:56:02,606 INFO o.s.a.r.l.SimpleMessageListenerContainer [org.springframework.amqp.rabbit.RabbitListenerEndpointContainer#0-2] Waiting for workers to finish.
2025-12-16 14:56:03,210 INFO o.s.a.r.l.SimpleMessageListenerContainer [org.springframework.amqp.rabbit.RabbitListenerEndpointContainer#0-2] Successfully waited for workers to finish.
2025-12-16 14:56:03,210 INFO o.s.b.w.e.t.GracefulShutdown [Thread-37] Commencing graceful shutdown. Waiting for active requests to complete
2025-12-16 14:56:03,212 INFO o.s.b.w.e.t.GracefulShutdown [tomcat-shutdown] Graceful shutdown complete
2025-12-16 14:56:03,213 INFO o.s.c.l.CompositeLog [Thread-37] Stopping...
2025-12-16 14:56:03,213 INFO o.s.c.l.CompositeLog [Thread-37] BrokerAvailabilityEvent[available=false, SimpleBrokerMessageHandler [org.springframework.messaging.simp.broker.DefaultSubscriptionRegistry@439c5f03]]
2025-12-16 14:56:03,214 INFO o.s.c.l.CompositeLog [Thread-37] Stopped.
2025-12-16 14:56:03,216 INFO o.s.o.j.AbstractEntityManagerFactoryBean [Thread-37] Closing JPA EntityManagerFactory for persistence unit 'postgresPU'
2025-12-16 14:56:03,216 INFO c.z.h.HikariDataSource [Thread-37] HikariPool-18 - Shutdown initiated...
2025-12-16 14:56:03,219 INFO c.z.h.HikariDataSource [Thread-37] HikariPool-18 - Shutdown completed.
2025-12-16 14:56:03,220 INFO o.s.o.j.AbstractEntityManagerFactoryBean [Thread-37] Closing JPA EntityManagerFactory for persistence unit 'mysqlPU'
2025-12-16 14:56:03,220 INFO c.z.h.HikariDataSource [Thread-37] HikariPool-17 - Shutdown initiated...
2025-12-16 14:56:03,221 INFO c.z.h.HikariDataSource [Thread-37] HikariPool-17 - Shutdown completed.
2025-12-16 14:56:03,285 INFO o.s.b.StartupInfoLogger [restartedMain] Starting AdvancedApplication using Java 21.0.8 with PID 98692 (/home/cao.thanh.sang@sun-asterisk.com/Downloads/advanced/target/classes started by cao.thanh.sang@sun-asterisk.com in /home/cao.thanh.sang@sun-asterisk.com/Downloads/advanced)
2025-12-16 14:56:03,285 DEBUG o.s.b.StartupInfoLogger [restartedMain] Running with Spring Boot v3.5.8, Spring v6.2.14
2025-12-16 14:56:03,285 INFO o.s.b.SpringApplication [restartedMain] No active profile set, falling back to 1 default profile: "default"
2025-12-16 14:56:03,330 INFO o.s.d.r.c.RepositoryConfigurationDelegate [restartedMain] Bootstrapping Spring Data JPA repositories in DEFAULT mode.
2025-12-16 14:56:03,332 INFO o.s.d.r.c.RepositoryConfigurationDelegate [restartedMain] Finished Spring Data repository scanning in 1 ms. Found 1 JPA repository interface.
2025-12-16 14:56:03,332 INFO o.s.d.r.c.RepositoryConfigurationDelegate [restartedMain] Bootstrapping Spring Data JPA repositories in DEFAULT mode.
2025-12-16 14:56:03,333 INFO o.s.d.r.c.RepositoryConfigurationDelegate [restartedMain] Finished Spring Data repository scanning in 1 ms. Found 1 JPA repository interface.
2025-12-16 14:56:03,391 INFO o.s.b.w.e.t.TomcatWebServer [restartedMain] Tomcat initialized with port 8090 (http)
2025-12-16 14:56:03,391 INFO o.a.j.l.DirectJDKLog [restartedMain] Starting service [Tomcat]
2025-12-16 14:56:03,391 INFO o.a.j.l.DirectJDKLog [restartedMain] Starting Servlet engine: [Apache Tomcat/10.1.49]
2025-12-16 14:56:03,396 INFO o.a.j.l.DirectJDKLog [restartedMain] Initializing Spring embedded WebApplicationContext
2025-12-16 14:56:03,396 INFO o.s.b.w.s.c.ServletWebServerApplicationContext [restartedMain] Root WebApplicationContext: initialization completed in 110 ms
2025-12-16 14:56:03,411 INFO c.z.h.HikariDataSource [restartedMain] HikariPool-19 - Starting...
2025-12-16 14:56:03,414 INFO c.z.h.p.HikariPool [restartedMain] HikariPool-19 - Added connection com.mysql.cj.jdbc.ConnectionImpl@6495855f
2025-12-16 14:56:03,414 INFO c.z.h.HikariDataSource [restartedMain] HikariPool-19 - Start completed.
2025-12-16 14:56:03,416 INFO o.h.j.i.u.LogHelper [restartedMain] HHH000204: Processing PersistenceUnitInfo [name: mysqlPU]
2025-12-16 14:56:03,417 INFO o.h.c.i.RegionFactoryInitiator [restartedMain] HHH000026: Second-level cache disabled
2025-12-16 14:56:03,420 INFO o.s.o.j.p.SpringPersistenceUnitInfo [restartedMain] No LoadTimeWeaver setup: ignoring JPA class transformer
2025-12-16 14:56:03,422 WARN o.h.e.j.d.i.DialectFactoryImpl [restartedMain] HHH90000025: MySQLDialect does not need to be specified explicitly using 'hibernate.dialect' (remove the property setting and it will be selected by default)
2025-12-16 14:56:03,422 INFO o.h.e.j.e.i.JdbcEnvironmentInitiator [restartedMain] HHH10001005: Database info:
	Database JDBC URL [Connecting through datasource 'HikariDataSource (HikariPool-19)']
	Database driver: undefined/unknown
	Database version: 8.0.44
	Autocommit mode: undefined/unknown
	Isolation level: undefined/unknown
	Minimum pool size: undefined/unknown
	Maximum pool size: undefined/unknown
2025-12-16 14:56:03,445 INFO o.h.e.t.j.p.i.JtaPlatformInitiator [restartedMain] HHH000489: No JTA platform available (set 'hibernate.transaction.jta.platform' to enable JTA platform integration)
2025-12-16 14:56:03,453 INFO o.s.o.j.AbstractEntityManagerFactoryBean [restartedMain] Initialized JPA EntityManagerFactory for persistence unit 'mysqlPU'
2025-12-16 14:56:03,462 INFO c.z.h.HikariDataSource [restartedMain] HikariPool-20 - Starting...
2025-12-16 14:56:03,477 INFO c.z.h.p.HikariPool [restartedMain] HikariPool-20 - Added connection org.postgresql.jdbc.PgConnection@431167ae
2025-12-16 14:56:03,477 INFO c.z.h.HikariDataSource [restartedMain] HikariPool-20 - Start completed.
2025-12-16 14:56:03,478 INFO o.h.j.i.u.LogHelper [restartedMain] HHH000204: Processing PersistenceUnitInfo [name: postgresPU]
2025-12-16 14:56:03,479 INFO o.h.c.i.RegionFactoryInitiator [restartedMain] HHH000026: Second-level cache disabled
2025-12-16 14:56:03,484 INFO o.s.o.j.p.SpringPersistenceUnitInfo [restartedMain] No LoadTimeWeaver setup: ignoring JPA class transformer
2025-12-16 14:56:03,488 WARN o.h.e.j.d.i.DialectFactoryImpl [restartedMain] HHH90000025: PostgreSQLDialect does not need to be specified explicitly using 'hibernate.dialect' (remove the property setting and it will be selected by default)
2025-12-16 14:56:03,490 INFO o.h.e.j.e.i.JdbcEnvironmentInitiator [restartedMain] HHH10001005: Database info:
	Database JDBC URL [Connecting through datasource 'HikariDataSource (HikariPool-20)']
	Database driver: undefined/unknown
	Database version: 14.20
	Autocommit mode: undefined/unknown
	Isolation level: undefined/unknown
	Minimum pool size: undefined/unknown
	Maximum pool size: undefined/unknown
2025-12-16 14:56:03,504 INFO o.h.e.t.j.p.i.JtaPlatformInitiator [restartedMain] HHH000489: No JTA platform available (set 'hibernate.transaction.jta.platform' to enable JTA platform integration)
2025-12-16 14:56:03,509 INFO o.s.o.j.AbstractEntityManagerFactoryBean [restartedMain] Initialized JPA EntityManagerFactory for persistence unit 'postgresPU'
2025-12-16 14:56:03,595 WARN o.s.b.a.o.j.JpaBaseConfiguration$JpaWebConfiguration [restartedMain] spring.jpa.open-in-view is enabled by default. Therefore, database queries may be performed during view rendering. Explicitly configure spring.jpa.open-in-view to disable this warning
2025-12-16 14:56:03,636 INFO o.s.v.b.OptionalValidatorFactoryBean [restartedMain] Failed to set up a Bean Validation provider: jakarta.validation.NoProviderFoundException: Unable to create a Configuration, because no Jakarta Bean Validation provider could be found. Add a provider like Hibernate Validator (RI) to your classpath.
2025-12-16 14:56:03,672 INFO o.s.b.d.a.OptionalLiveReloadServer [restartedMain] LiveReload server is running on port 35729
2025-12-16 14:56:03,675 INFO o.s.c.l.CompositeLog [restartedMain] Starting...
2025-12-16 14:56:03,675 INFO o.s.c.l.CompositeLog [restartedMain] BrokerAvailabilityEvent[available=true, SimpleBrokerMessageHandler [org.springframework.messaging.simp.broker.DefaultSubscriptionRegistry@125ea4da]]
2025-12-16 14:56:03,676 INFO o.s.c.l.CompositeLog [restartedMain] Started.
2025-12-16 14:56:03,676 INFO o.s.b.w.e.t.TomcatWebServer [restartedMain] Tomcat started on port 8090 (http) with context path '/'
2025-12-16 14:56:03,677 INFO o.s.a.r.c.AbstractConnectionFactory [restartedMain] Attempting to connect to: [localhost:5672]
2025-12-16 14:56:03,679 INFO o.s.a.r.c.AbstractConnectionFactory [restartedMain] Created new connection: rabbitConnectionFactory#1d2b96b6:0/SimpleConnection@4dc7507a [delegate=amqp://guest@127.0.0.1:5672/, localPort=37782]
2025-12-16 14:56:03,684 INFO o.s.b.StartupInfoLogger [restartedMain] Started AdvancedApplication in 0.411 seconds (process running for 3699.229)
2025-12-16 14:56:03,684 INFO c.e.a.s.NotificationService [MessageBroker-1] ⏰ [Scheduler] Báo cáo hệ thống lúc: 2025-12-16T14:56:03.684684881 - Bởi: MessageBroker-1
2025-12-16 14:56:03,685 INFO o.s.b.d.a.ConditionEvaluationDeltaLoggingListener [restartedMain] Condition evaluation unchanged
2025-12-16 14:56:19,101 INFO o.s.b.d.a.LocalDevToolsAutoConfiguration$RestartingClassPathChangeChangedEventListener [File Watcher] Restarting due to 1 class path change (1 addition, 0 deletions, 0 modifications)
2025-12-16 14:56:19,106 INFO o.s.a.r.l.SimpleMessageListenerContainer [org.springframework.amqp.rabbit.RabbitListenerEndpointContainer#0-2] Waiting for workers to finish.
2025-12-16 14:56:19,685 INFO o.s.a.r.l.SimpleMessageListenerContainer [org.springframework.amqp.rabbit.RabbitListenerEndpointContainer#0-2] Successfully waited for workers to finish.
2025-12-16 14:56:19,686 INFO o.s.b.w.e.t.GracefulShutdown [Thread-41] Commencing graceful shutdown. Waiting for active requests to complete
2025-12-16 14:56:19,687 INFO o.s.b.w.e.t.GracefulShutdown [tomcat-shutdown] Graceful shutdown complete
2025-12-16 14:56:19,688 INFO o.s.c.l.CompositeLog [Thread-41] Stopping...
2025-12-16 14:56:19,688 INFO o.s.c.l.CompositeLog [Thread-41] BrokerAvailabilityEvent[available=false, SimpleBrokerMessageHandler [org.springframework.messaging.simp.broker.DefaultSubscriptionRegistry@125ea4da]]
2025-12-16 14:56:19,688 INFO o.s.c.l.CompositeLog [Thread-41] Stopped.
2025-12-16 14:56:19,690 INFO o.s.o.j.AbstractEntityManagerFactoryBean [Thread-41] Closing JPA EntityManagerFactory for persistence unit 'postgresPU'
2025-12-16 14:56:19,690 INFO c.z.h.HikariDataSource [Thread-41] HikariPool-20 - Shutdown initiated...
2025-12-16 14:56:19,693 INFO c.z.h.HikariDataSource [Thread-41] HikariPool-20 - Shutdown completed.
2025-12-16 14:56:19,693 INFO o.s.o.j.AbstractEntityManagerFactoryBean [Thread-41] Closing JPA EntityManagerFactory for persistence unit 'mysqlPU'
2025-12-16 14:56:19,694 INFO c.z.h.HikariDataSource [Thread-41] HikariPool-19 - Shutdown initiated...
2025-12-16 14:56:19,696 INFO c.z.h.HikariDataSource [Thread-41] HikariPool-19 - Shutdown completed.
2025-12-16 14:56:19,765 INFO o.s.b.StartupInfoLogger [restartedMain] Starting AdvancedApplication using Java 21.0.8 with PID 98692 (/home/cao.thanh.sang@sun-asterisk.com/Downloads/advanced/target/classes started by cao.thanh.sang@sun-asterisk.com in /home/cao.thanh.sang@sun-asterisk.com/Downloads/advanced)
2025-12-16 14:56:19,765 DEBUG o.s.b.StartupInfoLogger [restartedMain] Running with Spring Boot v3.5.8, Spring v6.2.14
2025-12-16 14:56:19,765 INFO o.s.b.SpringApplication [restartedMain] No active profile set, falling back to 1 default profile: "default"
2025-12-16 14:56:19,813 INFO o.s.d.r.c.RepositoryConfigurationDelegate [restartedMain] Bootstrapping Spring Data JPA repositories in DEFAULT mode.
2025-12-16 14:56:19,815 INFO o.s.d.r.c.RepositoryConfigurationDelegate [restartedMain] Finished Spring Data repository scanning in 1 ms. Found 1 JPA repository interface.
2025-12-16 14:56:19,815 INFO o.s.d.r.c.RepositoryConfigurationDelegate [restartedMain] Bootstrapping Spring Data JPA repositories in DEFAULT mode.
2025-12-16 14:56:19,817 INFO o.s.d.r.c.RepositoryConfigurationDelegate [restartedMain] Finished Spring Data repository scanning in 1 ms. Found 1 JPA repository interface.
2025-12-16 14:56:19,874 INFO o.s.b.w.e.t.TomcatWebServer [restartedMain] Tomcat initialized with port 8090 (http)
2025-12-16 14:56:19,875 INFO o.a.j.l.DirectJDKLog [restartedMain] Starting service [Tomcat]
2025-12-16 14:56:19,875 INFO o.a.j.l.DirectJDKLog [restartedMain] Starting Servlet engine: [Apache Tomcat/10.1.49]
2025-12-16 14:56:19,879 INFO o.a.j.l.DirectJDKLog [restartedMain] Initializing Spring embedded WebApplicationContext
2025-12-16 14:56:19,879 INFO o.s.b.w.s.c.ServletWebServerApplicationContext [restartedMain] Root WebApplicationContext: initialization completed in 113 ms
2025-12-16 14:56:19,891 INFO c.z.h.HikariDataSource [restartedMain] HikariPool-21 - Starting...
2025-12-16 14:56:19,894 INFO c.z.h.p.HikariPool [restartedMain] HikariPool-21 - Added connection com.mysql.cj.jdbc.ConnectionImpl@1d623d76
2025-12-16 14:56:19,894 INFO c.z.h.HikariDataSource [restartedMain] HikariPool-21 - Start completed.
2025-12-16 14:56:19,896 INFO o.h.j.i.u.LogHelper [restartedMain] HHH000204: Processing PersistenceUnitInfo [name: mysqlPU]
2025-12-16 14:56:19,897 INFO o.h.c.i.RegionFactoryInitiator [restartedMain] HHH000026: Second-level cache disabled
2025-12-16 14:56:19,900 INFO o.s.o.j.p.SpringPersistenceUnitInfo [restartedMain] No LoadTimeWeaver setup: ignoring JPA class transformer
2025-12-16 14:56:19,902 WARN o.h.e.j.d.i.DialectFactoryImpl [restartedMain] HHH90000025: MySQLDialect does not need to be specified explicitly using 'hibernate.dialect' (remove the property setting and it will be selected by default)
2025-12-16 14:56:19,902 INFO o.h.e.j.e.i.JdbcEnvironmentInitiator [restartedMain] HHH10001005: Database info:
	Database JDBC URL [Connecting through datasource 'HikariDataSource (HikariPool-21)']
	Database driver: undefined/unknown
	Database version: 8.0.44
	Autocommit mode: undefined/unknown
	Isolation level: undefined/unknown
	Minimum pool size: undefined/unknown
	Maximum pool size: undefined/unknown
2025-12-16 14:56:19,919 INFO o.h.e.t.j.p.i.JtaPlatformInitiator [restartedMain] HHH000489: No JTA platform available (set 'hibernate.transaction.jta.platform' to enable JTA platform integration)
2025-12-16 14:56:19,927 INFO o.s.o.j.AbstractEntityManagerFactoryBean [restartedMain] Initialized JPA EntityManagerFactory for persistence unit 'mysqlPU'
2025-12-16 14:56:19,937 INFO c.z.h.HikariDataSource [restartedMain] HikariPool-22 - Starting...
2025-12-16 14:56:19,951 INFO c.z.h.p.HikariPool [restartedMain] HikariPool-22 - Added connection org.postgresql.jdbc.PgConnection@5041ee7c
2025-12-16 14:56:19,952 INFO c.z.h.HikariDataSource [restartedMain] HikariPool-22 - Start completed.
2025-12-16 14:56:19,953 INFO o.h.j.i.u.LogHelper [restartedMain] HHH000204: Processing PersistenceUnitInfo [name: postgresPU]
2025-12-16 14:56:19,954 INFO o.h.c.i.RegionFactoryInitiator [restartedMain] HHH000026: Second-level cache disabled
2025-12-16 14:56:19,957 INFO o.s.o.j.p.SpringPersistenceUnitInfo [restartedMain] No LoadTimeWeaver setup: ignoring JPA class transformer
2025-12-16 14:56:19,960 WARN o.h.e.j.d.i.DialectFactoryImpl [restartedMain] HHH90000025: PostgreSQLDialect does not need to be specified explicitly using 'hibernate.dialect' (remove the property setting and it will be selected by default)
2025-12-16 14:56:19,961 INFO o.h.e.j.e.i.JdbcEnvironmentInitiator [restartedMain] HHH10001005: Database info:
	Database JDBC URL [Connecting through datasource 'HikariDataSource (HikariPool-22)']
	Database driver: undefined/unknown
	Database version: 14.20
	Autocommit mode: undefined/unknown
	Isolation level: undefined/unknown
	Minimum pool size: undefined/unknown
	Maximum pool size: undefined/unknown
2025-12-16 14:56:19,976 INFO o.h.e.t.j.p.i.JtaPlatformInitiator [restartedMain] HHH000489: No JTA platform available (set 'hibernate.transaction.jta.platform' to enable JTA platform integration)
2025-12-16 14:56:19,982 INFO o.s.o.j.AbstractEntityManagerFactoryBean [restartedMain] Initialized JPA EntityManagerFactory for persistence unit 'postgresPU'
2025-12-16 14:56:20,086 WARN o.s.b.a.o.j.JpaBaseConfiguration$JpaWebConfiguration [restartedMain] spring.jpa.open-in-view is enabled by default. Therefore, database queries may be performed during view rendering. Explicitly configure spring.jpa.open-in-view to disable this warning
2025-12-16 14:56:20,128 INFO o.s.v.b.OptionalValidatorFactoryBean [restartedMain] Failed to set up a Bean Validation provider: jakarta.validation.NoProviderFoundException: Unable to create a Configuration, because no Jakarta Bean Validation provider could be found. Add a provider like Hibernate Validator (RI) to your classpath.
2025-12-16 14:56:20,164 INFO o.s.b.d.a.OptionalLiveReloadServer [restartedMain] LiveReload server is running on port 35729
2025-12-16 14:56:20,167 INFO o.s.c.l.CompositeLog [restartedMain] Starting...
2025-12-16 14:56:20,167 INFO o.s.c.l.CompositeLog [restartedMain] BrokerAvailabilityEvent[available=true, SimpleBrokerMessageHandler [org.springframework.messaging.simp.broker.DefaultSubscriptionRegistry@3a6a48c3]]
2025-12-16 14:56:20,167 INFO o.s.c.l.CompositeLog [restartedMain] Started.
2025-12-16 14:56:20,168 INFO o.s.b.w.e.t.TomcatWebServer [restartedMain] Tomcat started on port 8090 (http) with context path '/'
2025-12-16 14:56:20,169 INFO o.s.a.r.c.AbstractConnectionFactory [restartedMain] Attempting to connect to: [localhost:5672]
2025-12-16 14:56:20,171 INFO o.s.a.r.c.AbstractConnectionFactory [restartedMain] Created new connection: rabbitConnectionFactory#164096fa:0/SimpleConnection@4d4f6fa7 [delegate=amqp://guest@127.0.0.1:5672/, localPort=60218]
2025-12-16 14:56:20,181 INFO c.e.a.s.NotificationService [MessageBroker-1] ⏰ [Scheduler] Báo cáo hệ thống lúc: 2025-12-16T14:56:20.181281054 - Bởi: MessageBroker-1
2025-12-16 14:56:20,181 INFO o.s.b.StartupInfoLogger [restartedMain] Started AdvancedApplication in 0.428 seconds (process running for 3715.726)
2025-12-16 14:56:20,182 INFO o.s.b.d.a.ConditionEvaluationDeltaLoggingListener [restartedMain] Condition evaluation unchanged
2025-12-16 14:56:22,569 INFO o.s.b.d.a.LocalDevToolsAutoConfiguration$RestartingClassPathChangeChangedEventListener [File Watcher] Restarting due to 1 class path change (0 additions, 0 deletions, 1 modification)
2025-12-16 14:56:22,573 INFO o.s.a.r.l.SimpleMessageListenerContainer [org.springframework.amqp.rabbit.RabbitListenerEndpointContainer#0-2] Waiting for workers to finish.
2025-12-16 14:56:23,180 INFO o.s.a.r.l.SimpleMessageListenerContainer [org.springframework.amqp.rabbit.RabbitListenerEndpointContainer#0-2] Successfully waited for workers to finish.
2025-12-16 14:56:23,181 INFO o.s.b.w.e.t.GracefulShutdown [Thread-45] Commencing graceful shutdown. Waiting for active requests to complete
2025-12-16 14:56:23,183 INFO o.s.b.w.e.t.GracefulShutdown [tomcat-shutdown] Graceful shutdown complete
2025-12-16 14:56:23,185 INFO o.s.c.l.CompositeLog [Thread-45] Stopping...
2025-12-16 14:56:23,185 INFO o.s.c.l.CompositeLog [Thread-45] BrokerAvailabilityEvent[available=false, SimpleBrokerMessageHandler [org.springframework.messaging.simp.broker.DefaultSubscriptionRegistry@3a6a48c3]]
2025-12-16 14:56:23,186 INFO o.s.c.l.CompositeLog [Thread-45] Stopped.
2025-12-16 14:56:23,188 INFO o.s.o.j.AbstractEntityManagerFactoryBean [Thread-45] Closing JPA EntityManagerFactory for persistence unit 'postgresPU'
2025-12-16 14:56:23,188 INFO c.z.h.HikariDataSource [Thread-45] HikariPool-22 - Shutdown initiated...
2025-12-16 14:56:23,192 INFO c.z.h.HikariDataSource [Thread-45] HikariPool-22 - Shutdown completed.
2025-12-16 14:56:23,192 INFO o.s.o.j.AbstractEntityManagerFactoryBean [Thread-45] Closing JPA EntityManagerFactory for persistence unit 'mysqlPU'
2025-12-16 14:56:23,193 INFO c.z.h.HikariDataSource [Thread-45] HikariPool-21 - Shutdown initiated...
2025-12-16 14:56:23,194 INFO c.z.h.HikariDataSource [Thread-45] HikariPool-21 - Shutdown completed.
2025-12-16 14:56:23,256 INFO o.s.b.StartupInfoLogger [restartedMain] Starting AdvancedApplication using Java 21.0.8 with PID 98692 (/home/cao.thanh.sang@sun-asterisk.com/Downloads/advanced/target/classes started by cao.thanh.sang@sun-asterisk.com in /home/cao.thanh.sang@sun-asterisk.com/Downloads/advanced)
2025-12-16 14:56:23,256 DEBUG o.s.b.StartupInfoLogger [restartedMain] Running with Spring Boot v3.5.8, Spring v6.2.14
2025-12-16 14:56:23,257 INFO o.s.b.SpringApplication [restartedMain] No active profile set, falling back to 1 default profile: "default"
2025-12-16 14:56:23,305 INFO o.s.d.r.c.RepositoryConfigurationDelegate [restartedMain] Bootstrapping Spring Data JPA repositories in DEFAULT mode.
2025-12-16 14:56:23,307 INFO o.s.d.r.c.RepositoryConfigurationDelegate [restartedMain] Finished Spring Data repository scanning in 1 ms. Found 1 JPA repository interface.
2025-12-16 14:56:23,308 INFO o.s.d.r.c.RepositoryConfigurationDelegate [restartedMain] Bootstrapping Spring Data JPA repositories in DEFAULT mode.
2025-12-16 14:56:23,309 INFO o.s.d.r.c.RepositoryConfigurationDelegate [restartedMain] Finished Spring Data repository scanning in 1 ms. Found 1 JPA repository interface.
2025-12-16 14:56:23,311 WARN o.s.c.s.AbstractApplicationContext [restartedMain] Exception encountered during context initialization - cancelling refresh attempt: java.lang.IllegalStateException: Error processing condition on org.springframework.boot.autoconfigure.context.PropertyPlaceholderAutoConfiguration.propertySourcesPlaceholderConfigurer
2025-12-16 14:56:23,312 INFO o.s.b.a.l.ConditionEvaluationReportLogger [restartedMain] 

Error starting ApplicationContext. To display the condition evaluation report re-run your application with 'debug' enabled.
2025-12-16 14:56:23,313 ERROR o.s.b.SpringApplication [restartedMain] Application run failed
java.lang.IllegalStateException: Error processing condition on org.springframework.boot.autoconfigure.context.PropertyPlaceholderAutoConfiguration.propertySourcesPlaceholderConfigurer
	at org.springframework.boot.autoconfigure.condition.SpringBootCondition.matches(SpringBootCondition.java:60)
	at org.springframework.context.annotation.ConditionEvaluator.shouldSkip(ConditionEvaluator.java:99)
	at org.springframework.context.annotation.ConfigurationClassBeanDefinitionReader.loadBeanDefinitionsForBeanMethod(ConfigurationClassBeanDefinitionReader.java:191)
	at org.springframework.context.annotation.ConfigurationClassBeanDefinitionReader.loadBeanDefinitionsForConfigurationClass(ConfigurationClassBeanDefinitionReader.java:144)
	at org.springframework.context.annotation.ConfigurationClassBeanDefinitionReader.loadBeanDefinitions(ConfigurationClassBeanDefinitionReader.java:120)
	at org.springframework.context.annotation.ConfigurationClassPostProcessor.processConfigBeanDefinitions(ConfigurationClassPostProcessor.java:430)
	at org.springframework.context.annotation.ConfigurationClassPostProcessor.postProcessBeanDefinitionRegistry(ConfigurationClassPostProcessor.java:290)
	at org.springframework.context.support.PostProcessorRegistrationDelegate.invokeBeanDefinitionRegistryPostProcessors(PostProcessorRegistrationDelegate.java:349)
	at org.springframework.context.support.PostProcessorRegistrationDelegate.invokeBeanFactoryPostProcessors(PostProcessorRegistrationDelegate.java:118)
	at org.springframework.context.support.AbstractApplicationContext.invokeBeanFactoryPostProcessors(AbstractApplicationContext.java:791)
	at org.springframework.context.support.AbstractApplicationContext.refresh(AbstractApplicationContext.java:609)
	at org.springframework.boot.web.servlet.context.ServletWebServerApplicationContext.refresh(ServletWebServerApplicationContext.java:146)
	at org.springframework.boot.SpringApplication.refresh(SpringApplication.java:752)
	at org.springframework.boot.SpringApplication.refreshContext(SpringApplication.java:439)
	at org.springframework.boot.SpringApplication.run(SpringApplication.java:318)
	at org.springframework.boot.SpringApplication.run(SpringApplication.java:1361)
	at org.springframework.boot.SpringApplication.run(SpringApplication.java:1350)
	at com.example.advanced.AdvancedApplication.main(AdvancedApplication.java:10)
	at java.base/jdk.internal.reflect.DirectMethodHandleAccessor.invoke(DirectMethodHandleAccessor.java:103)
	at java.base/java.lang.reflect.Method.invoke(Method.java:580)
	at org.springframework.boot.devtools.restart.RestartLauncher.run(RestartLauncher.java:50)
Caused by: java.lang.IllegalStateException: Failed to introspect Class [com.example.advanced.config.SoapConfig] from ClassLoader [org.springframework.boot.devtools.restart.classloader.RestartClassLoader@7c1e7301]
	at org.springframework.util.ReflectionUtils.getDeclaredMethods(ReflectionUtils.java:483)
	at org.springframework.util.ReflectionUtils.doWithMethods(ReflectionUtils.java:360)
	at org.springframework.util.ReflectionUtils.getUniqueDeclaredMethods(ReflectionUtils.java:417)
	at org.springframework.beans.factory.support.AbstractAutowireCapableBeanFactory.lambda$getTypeForFactoryMethod$1(AbstractAutowireCapableBeanFactory.java:757)
	at java.base/java.util.concurrent.ConcurrentHashMap.computeIfAbsent(ConcurrentHashMap.java:1740)
	at org.springframework.beans.factory.support.AbstractAutowireCapableBeanFactory.getTypeForFactoryMethod(AbstractAutowireCapableBeanFactory.java:756)
	at org.springframework.beans.factory.support.AbstractAutowireCapableBeanFactory.determineTargetType(AbstractAutowireCapableBeanFactory.java:689)
	at org.springframework.beans.factory.support.AbstractAutowireCapableBeanFactory.predictBeanType(AbstractAutowireCapableBeanFactory.java:660)
	at org.springframework.beans.factory.support.AbstractBeanFactory.isFactoryBean(AbstractBeanFactory.java:1715)
	at org.springframework.beans.factory.support.DefaultListableBeanFactory.doGetBeanNamesForType(DefaultListableBeanFactory.java:640)
	at org.springframework.beans.factory.support.DefaultListableBeanFactory.getBeanNamesForType(DefaultListableBeanFactory.java:612)
	at org.springframework.beans.factory.support.DefaultListableBeanFactory.getBeanNamesForType(DefaultListableBeanFactory.java:597)
	at org.springframework.boot.autoconfigure.condition.OnBeanCondition.collectBeanDefinitionsForType(OnBeanCondition.java:323)
	at org.springframework.boot.autoconfigure.condition.OnBeanCondition.getBeanDefinitionsForType(OnBeanCondition.java:315)
	at org.springframework.boot.autoconfigure.condition.OnBeanCondition.getMatchingBeans(OnBeanCondition.java:214)
	at org.springframework.boot.autoconfigure.condition.OnBeanCondition.evaluateConditionalOnMissingBean(OnBeanCondition.java:197)
	at org.springframework.boot.autoconfigure.condition.OnBeanCondition.getMatchOutcome(OnBeanCondition.java:144)
	at org.springframework.boot.autoconfigure.condition.SpringBootCondition.matches(SpringBootCondition.java:47)
	... 20 common frames omitted
Caused by: java.lang.NoClassDefFoundError: org/springframework/oxm/Marshaller
	at java.base/java.lang.Class.getDeclaredMethods0(Native Method)
	at java.base/java.lang.Class.privateGetDeclaredMethods(Class.java:3578)
	at java.base/java.lang.Class.getDeclaredMethods(Class.java:2676)
	at org.springframework.util.ReflectionUtils.getDeclaredMethods(ReflectionUtils.java:465)
	... 37 common frames omitted
Caused by: java.lang.ClassNotFoundException: org.springframework.oxm.Marshaller
	at java.base/jdk.internal.loader.BuiltinClassLoader.loadClass(BuiltinClassLoader.java:641)
	at java.base/jdk.internal.loader.ClassLoaders$AppClassLoader.loadClass(ClassLoaders.java:188)
	at java.base/java.lang.ClassLoader.loadClass(ClassLoader.java:526)
	at java.base/java.lang.Class.forName0(Native Method)
	at java.base/java.lang.Class.forName(Class.java:534)
	at java.base/java.lang.Class.forName(Class.java:513)
	at org.springframework.boot.devtools.restart.classloader.RestartClassLoader.loadClass(RestartClassLoader.java:121)
	at java.base/java.lang.ClassLoader.loadClass(ClassLoader.java:526)
	... 41 common frames omitted
2025-12-16 14:56:40,761 INFO o.s.b.StartupInfoLogger [restartedMain] Starting AdvancedApplication using Java 21.0.8 with PID 98692 (/home/cao.thanh.sang@sun-asterisk.com/Downloads/advanced/target/classes started by cao.thanh.sang@sun-asterisk.com in /home/cao.thanh.sang@sun-asterisk.com/Downloads/advanced)
2025-12-16 14:56:40,761 DEBUG o.s.b.StartupInfoLogger [restartedMain] Running with Spring Boot v3.5.8, Spring v6.2.14
2025-12-16 14:56:40,761 INFO o.s.b.SpringApplication [restartedMain] No active profile set, falling back to 1 default profile: "default"
2025-12-16 14:56:40,805 INFO o.s.d.r.c.RepositoryConfigurationDelegate [restartedMain] Bootstrapping Spring Data JPA repositories in DEFAULT mode.
2025-12-16 14:56:40,807 INFO o.s.d.r.c.RepositoryConfigurationDelegate [restartedMain] Finished Spring Data repository scanning in 1 ms. Found 1 JPA repository interface.
2025-12-16 14:56:40,807 INFO o.s.d.r.c.RepositoryConfigurationDelegate [restartedMain] Bootstrapping Spring Data JPA repositories in DEFAULT mode.
2025-12-16 14:56:40,809 INFO o.s.d.r.c.RepositoryConfigurationDelegate [restartedMain] Finished Spring Data repository scanning in 0 ms. Found 1 JPA repository interface.
2025-12-16 14:56:40,810 WARN o.s.c.s.AbstractApplicationContext [restartedMain] Exception encountered during context initialization - cancelling refresh attempt: java.lang.IllegalStateException: Error processing condition on org.springframework.boot.autoconfigure.context.PropertyPlaceholderAutoConfiguration.propertySourcesPlaceholderConfigurer
2025-12-16 14:56:40,811 INFO o.s.b.a.l.ConditionEvaluationReportLogger [restartedMain] 

Error starting ApplicationContext. To display the condition evaluation report re-run your application with 'debug' enabled.
2025-12-16 14:56:40,812 ERROR o.s.b.SpringApplication [restartedMain] Application run failed
java.lang.IllegalStateException: Error processing condition on org.springframework.boot.autoconfigure.context.PropertyPlaceholderAutoConfiguration.propertySourcesPlaceholderConfigurer
	at org.springframework.boot.autoconfigure.condition.SpringBootCondition.matches(SpringBootCondition.java:60)
	at org.springframework.context.annotation.ConditionEvaluator.shouldSkip(ConditionEvaluator.java:99)
	at org.springframework.context.annotation.ConfigurationClassBeanDefinitionReader.loadBeanDefinitionsForBeanMethod(ConfigurationClassBeanDefinitionReader.java:191)
	at org.springframework.context.annotation.ConfigurationClassBeanDefinitionReader.loadBeanDefinitionsForConfigurationClass(ConfigurationClassBeanDefinitionReader.java:144)
	at org.springframework.context.annotation.ConfigurationClassBeanDefinitionReader.loadBeanDefinitions(ConfigurationClassBeanDefinitionReader.java:120)
	at org.springframework.context.annotation.ConfigurationClassPostProcessor.processConfigBeanDefinitions(ConfigurationClassPostProcessor.java:430)
	at org.springframework.context.annotation.ConfigurationClassPostProcessor.postProcessBeanDefinitionRegistry(ConfigurationClassPostProcessor.java:290)
	at org.springframework.context.support.PostProcessorRegistrationDelegate.invokeBeanDefinitionRegistryPostProcessors(PostProcessorRegistrationDelegate.java:349)
	at org.springframework.context.support.PostProcessorRegistrationDelegate.invokeBeanFactoryPostProcessors(PostProcessorRegistrationDelegate.java:118)
	at org.springframework.context.support.AbstractApplicationContext.invokeBeanFactoryPostProcessors(AbstractApplicationContext.java:791)
	at org.springframework.context.support.AbstractApplicationContext.refresh(AbstractApplicationContext.java:609)
	at org.springframework.boot.web.servlet.context.ServletWebServerApplicationContext.refresh(ServletWebServerApplicationContext.java:146)
	at org.springframework.boot.SpringApplication.refresh(SpringApplication.java:752)
	at org.springframework.boot.SpringApplication.refreshContext(SpringApplication.java:439)
	at org.springframework.boot.SpringApplication.run(SpringApplication.java:318)
	at org.springframework.boot.SpringApplication.run(SpringApplication.java:1361)
	at org.springframework.boot.SpringApplication.run(SpringApplication.java:1350)
	at com.example.advanced.AdvancedApplication.main(AdvancedApplication.java:10)
	at java.base/jdk.internal.reflect.DirectMethodHandleAccessor.invoke(DirectMethodHandleAccessor.java:103)
	at java.base/java.lang.reflect.Method.invoke(Method.java:580)
	at org.springframework.boot.devtools.restart.RestartLauncher.run(RestartLauncher.java:50)
Caused by: java.lang.IllegalStateException: Failed to introspect Class [com.example.advanced.config.SoapConfig] from ClassLoader [org.springframework.boot.devtools.restart.classloader.RestartClassLoader@747d7c99]
	at org.springframework.util.ReflectionUtils.getDeclaredMethods(ReflectionUtils.java:483)
	at org.springframework.util.ReflectionUtils.doWithMethods(ReflectionUtils.java:360)
	at org.springframework.util.ReflectionUtils.getUniqueDeclaredMethods(ReflectionUtils.java:417)
	at org.springframework.beans.factory.support.AbstractAutowireCapableBeanFactory.lambda$getTypeForFactoryMethod$1(AbstractAutowireCapableBeanFactory.java:757)
	at java.base/java.util.concurrent.ConcurrentHashMap.computeIfAbsent(ConcurrentHashMap.java:1708)
	at org.springframework.beans.factory.support.AbstractAutowireCapableBeanFactory.getTypeForFactoryMethod(AbstractAutowireCapableBeanFactory.java:756)
	at org.springframework.beans.factory.support.AbstractAutowireCapableBeanFactory.determineTargetType(AbstractAutowireCapableBeanFactory.java:689)
	at org.springframework.beans.factory.support.AbstractAutowireCapableBeanFactory.predictBeanType(AbstractAutowireCapableBeanFactory.java:660)
	at org.springframework.beans.factory.support.AbstractBeanFactory.isFactoryBean(AbstractBeanFactory.java:1715)
	at org.springframework.beans.factory.support.DefaultListableBeanFactory.doGetBeanNamesForType(DefaultListableBeanFactory.java:640)
	at org.springframework.beans.factory.support.DefaultListableBeanFactory.getBeanNamesForType(DefaultListableBeanFactory.java:612)
	at org.springframework.beans.factory.support.DefaultListableBeanFactory.getBeanNamesForType(DefaultListableBeanFactory.java:597)
	at org.springframework.boot.autoconfigure.condition.OnBeanCondition.collectBeanDefinitionsForType(OnBeanCondition.java:323)
	at org.springframework.boot.autoconfigure.condition.OnBeanCondition.getBeanDefinitionsForType(OnBeanCondition.java:315)
	at org.springframework.boot.autoconfigure.condition.OnBeanCondition.getMatchingBeans(OnBeanCondition.java:214)
	at org.springframework.boot.autoconfigure.condition.OnBeanCondition.evaluateConditionalOnMissingBean(OnBeanCondition.java:197)
	at org.springframework.boot.autoconfigure.condition.OnBeanCondition.getMatchOutcome(OnBeanCondition.java:144)
	at org.springframework.boot.autoconfigure.condition.SpringBootCondition.matches(SpringBootCondition.java:47)
	... 20 common frames omitted
Caused by: java.lang.NoClassDefFoundError: org/springframework/oxm/Marshaller
	at java.base/java.lang.Class.getDeclaredMethods0(Native Method)
	at java.base/java.lang.Class.privateGetDeclaredMethods(Class.java:3578)
	at java.base/java.lang.Class.getDeclaredMethods(Class.java:2676)
	at org.springframework.util.ReflectionUtils.getDeclaredMethods(ReflectionUtils.java:465)
	... 37 common frames omitted
Caused by: java.lang.ClassNotFoundException: org.springframework.oxm.Marshaller
	at java.base/jdk.internal.loader.BuiltinClassLoader.loadClass(BuiltinClassLoader.java:641)
	at java.base/jdk.internal.loader.ClassLoaders$AppClassLoader.loadClass(ClassLoaders.java:188)
	at java.base/java.lang.ClassLoader.loadClass(ClassLoader.java:526)
	at java.base/java.lang.Class.forName0(Native Method)
	at java.base/java.lang.Class.forName(Class.java:534)
	at java.base/java.lang.Class.forName(Class.java:513)
	at org.springframework.boot.devtools.restart.classloader.RestartClassLoader.loadClass(RestartClassLoader.java:121)
	at java.base/java.lang.ClassLoader.loadClass(ClassLoader.java:526)
	... 41 common frames omitted
2025-12-16 14:56:44,239 INFO o.s.b.StartupInfoLogger [restartedMain] Starting AdvancedApplication using Java 21.0.8 with PID 98692 (/home/cao.thanh.sang@sun-asterisk.com/Downloads/advanced/target/classes started by cao.thanh.sang@sun-asterisk.com in /home/cao.thanh.sang@sun-asterisk.com/Downloads/advanced)
2025-12-16 14:56:44,239 DEBUG o.s.b.StartupInfoLogger [restartedMain] Running with Spring Boot v3.5.8, Spring v6.2.14
2025-12-16 14:56:44,239 INFO o.s.b.SpringApplication [restartedMain] No active profile set, falling back to 1 default profile: "default"
2025-12-16 14:56:44,290 INFO o.s.d.r.c.RepositoryConfigurationDelegate [restartedMain] Bootstrapping Spring Data JPA repositories in DEFAULT mode.
2025-12-16 14:56:44,292 INFO o.s.d.r.c.RepositoryConfigurationDelegate [restartedMain] Finished Spring Data repository scanning in 1 ms. Found 1 JPA repository interface.
2025-12-16 14:56:44,292 INFO o.s.d.r.c.RepositoryConfigurationDelegate [restartedMain] Bootstrapping Spring Data JPA repositories in DEFAULT mode.
2025-12-16 14:56:44,294 INFO o.s.d.r.c.RepositoryConfigurationDelegate [restartedMain] Finished Spring Data repository scanning in 1 ms. Found 1 JPA repository interface.
2025-12-16 14:56:44,296 WARN o.s.c.s.AbstractApplicationContext [restartedMain] Exception encountered during context initialization - cancelling refresh attempt: java.lang.IllegalStateException: Error processing condition on org.springframework.boot.autoconfigure.context.PropertyPlaceholderAutoConfiguration.propertySourcesPlaceholderConfigurer
2025-12-16 14:56:44,296 INFO o.s.b.a.l.ConditionEvaluationReportLogger [restartedMain] 

Error starting ApplicationContext. To display the condition evaluation report re-run your application with 'debug' enabled.
2025-12-16 14:56:44,297 ERROR o.s.b.SpringApplication [restartedMain] Application run failed
java.lang.IllegalStateException: Error processing condition on org.springframework.boot.autoconfigure.context.PropertyPlaceholderAutoConfiguration.propertySourcesPlaceholderConfigurer
	at org.springframework.boot.autoconfigure.condition.SpringBootCondition.matches(SpringBootCondition.java:60)
	at org.springframework.context.annotation.ConditionEvaluator.shouldSkip(ConditionEvaluator.java:99)
	at org.springframework.context.annotation.ConfigurationClassBeanDefinitionReader.loadBeanDefinitionsForBeanMethod(ConfigurationClassBeanDefinitionReader.java:191)
	at org.springframework.context.annotation.ConfigurationClassBeanDefinitionReader.loadBeanDefinitionsForConfigurationClass(ConfigurationClassBeanDefinitionReader.java:144)
	at org.springframework.context.annotation.ConfigurationClassBeanDefinitionReader.loadBeanDefinitions(ConfigurationClassBeanDefinitionReader.java:120)
	at org.springframework.context.annotation.ConfigurationClassPostProcessor.processConfigBeanDefinitions(ConfigurationClassPostProcessor.java:430)
	at org.springframework.context.annotation.ConfigurationClassPostProcessor.postProcessBeanDefinitionRegistry(ConfigurationClassPostProcessor.java:290)
	at org.springframework.context.support.PostProcessorRegistrationDelegate.invokeBeanDefinitionRegistryPostProcessors(PostProcessorRegistrationDelegate.java:349)
	at org.springframework.context.support.PostProcessorRegistrationDelegate.invokeBeanFactoryPostProcessors(PostProcessorRegistrationDelegate.java:118)
	at org.springframework.context.support.AbstractApplicationContext.invokeBeanFactoryPostProcessors(AbstractApplicationContext.java:791)
	at org.springframework.context.support.AbstractApplicationContext.refresh(AbstractApplicationContext.java:609)
	at org.springframework.boot.web.servlet.context.ServletWebServerApplicationContext.refresh(ServletWebServerApplicationContext.java:146)
	at org.springframework.boot.SpringApplication.refresh(SpringApplication.java:752)
	at org.springframework.boot.SpringApplication.refreshContext(SpringApplication.java:439)
	at org.springframework.boot.SpringApplication.run(SpringApplication.java:318)
	at org.springframework.boot.SpringApplication.run(SpringApplication.java:1361)
	at org.springframework.boot.SpringApplication.run(SpringApplication.java:1350)
	at com.example.advanced.AdvancedApplication.main(AdvancedApplication.java:10)
	at java.base/jdk.internal.reflect.DirectMethodHandleAccessor.invoke(DirectMethodHandleAccessor.java:103)
	at java.base/java.lang.reflect.Method.invoke(Method.java:580)
	at org.springframework.boot.devtools.restart.RestartLauncher.run(RestartLauncher.java:50)
Caused by: java.lang.IllegalStateException: Failed to introspect Class [com.example.advanced.config.SoapConfig] from ClassLoader [org.springframework.boot.devtools.restart.classloader.RestartClassLoader@4e134f33]
	at org.springframework.util.ReflectionUtils.getDeclaredMethods(ReflectionUtils.java:483)
	at org.springframework.util.ReflectionUtils.doWithMethods(ReflectionUtils.java:360)
	at org.springframework.util.ReflectionUtils.getUniqueDeclaredMethods(ReflectionUtils.java:417)
	at org.springframework.beans.factory.support.AbstractAutowireCapableBeanFactory.lambda$getTypeForFactoryMethod$1(AbstractAutowireCapableBeanFactory.java:757)
	at java.base/java.util.concurrent.ConcurrentHashMap.computeIfAbsent(ConcurrentHashMap.java:1740)
	at org.springframework.beans.factory.support.AbstractAutowireCapableBeanFactory.getTypeForFactoryMethod(AbstractAutowireCapableBeanFactory.java:756)
	at org.springframework.beans.factory.support.AbstractAutowireCapableBeanFactory.determineTargetType(AbstractAutowireCapableBeanFactory.java:689)
	at org.springframework.beans.factory.support.AbstractAutowireCapableBeanFactory.predictBeanType(AbstractAutowireCapableBeanFactory.java:660)
	at org.springframework.beans.factory.support.AbstractBeanFactory.isFactoryBean(AbstractBeanFactory.java:1715)
	at org.springframework.beans.factory.support.DefaultListableBeanFactory.doGetBeanNamesForType(DefaultListableBeanFactory.java:640)
	at org.springframework.beans.factory.support.DefaultListableBeanFactory.getBeanNamesForType(DefaultListableBeanFactory.java:612)
	at org.springframework.beans.factory.support.DefaultListableBeanFactory.getBeanNamesForType(DefaultListableBeanFactory.java:597)
	at org.springframework.boot.autoconfigure.condition.OnBeanCondition.collectBeanDefinitionsForType(OnBeanCondition.java:323)
	at org.springframework.boot.autoconfigure.condition.OnBeanCondition.getBeanDefinitionsForType(OnBeanCondition.java:315)
	at org.springframework.boot.autoconfigure.condition.OnBeanCondition.getMatchingBeans(OnBeanCondition.java:214)
	at org.springframework.boot.autoconfigure.condition.OnBeanCondition.evaluateConditionalOnMissingBean(OnBeanCondition.java:197)
	at org.springframework.boot.autoconfigure.condition.OnBeanCondition.getMatchOutcome(OnBeanCondition.java:144)
	at org.springframework.boot.autoconfigure.condition.SpringBootCondition.matches(SpringBootCondition.java:47)
	... 20 common frames omitted
Caused by: java.lang.NoClassDefFoundError: org/springframework/oxm/Marshaller
	at java.base/java.lang.Class.getDeclaredMethods0(Native Method)
	at java.base/java.lang.Class.privateGetDeclaredMethods(Class.java:3578)
	at java.base/java.lang.Class.getDeclaredMethods(Class.java:2676)
	at org.springframework.util.ReflectionUtils.getDeclaredMethods(ReflectionUtils.java:465)
	... 37 common frames omitted
Caused by: java.lang.ClassNotFoundException: org.springframework.oxm.Marshaller
	at java.base/jdk.internal.loader.BuiltinClassLoader.loadClass(BuiltinClassLoader.java:641)
	at java.base/jdk.internal.loader.ClassLoaders$AppClassLoader.loadClass(ClassLoaders.java:188)
	at java.base/java.lang.ClassLoader.loadClass(ClassLoader.java:526)
	at java.base/java.lang.Class.forName0(Native Method)
	at java.base/java.lang.Class.forName(Class.java:534)
	at java.base/java.lang.Class.forName(Class.java:513)
	at org.springframework.boot.devtools.restart.classloader.RestartClassLoader.loadClass(RestartClassLoader.java:121)
	at java.base/java.lang.ClassLoader.loadClass(ClassLoader.java:526)
	... 41 common frames omitted
2025-12-16 14:56:59,186 INFO o.s.b.StartupInfoLogger [restartedMain] Starting AdvancedApplication using Java 21.0.8 with PID 103324 (/home/cao.thanh.sang@sun-asterisk.com/Downloads/advanced/target/classes started by cao.thanh.sang@sun-asterisk.com in /home/cao.thanh.sang@sun-asterisk.com/Downloads/advanced)
2025-12-16 14:56:59,187 DEBUG o.s.b.StartupInfoLogger [restartedMain] Running with Spring Boot v3.5.8, Spring v6.2.14
2025-12-16 14:56:59,187 INFO o.s.b.SpringApplication [restartedMain] No active profile set, falling back to 1 default profile: "default"
2025-12-16 14:56:59,212 INFO o.s.b.l.LogLevel [restartedMain] Devtools property defaults active! Set 'spring.devtools.add-properties' to 'false' to disable
2025-12-16 14:56:59,212 INFO o.s.b.l.LogLevel [restartedMain] For additional web related logging consider setting the 'logging.level.web' property to 'DEBUG'
2025-12-16 14:56:59,647 INFO o.s.d.r.c.RepositoryConfigurationDelegate [restartedMain] Bootstrapping Spring Data JPA repositories in DEFAULT mode.
2025-12-16 14:56:59,672 INFO o.s.d.r.c.RepositoryConfigurationDelegate [restartedMain] Finished Spring Data repository scanning in 18 ms. Found 1 JPA repository interface.
2025-12-16 14:56:59,673 INFO o.s.d.r.c.RepositoryConfigurationDelegate [restartedMain] Bootstrapping Spring Data JPA repositories in DEFAULT mode.
2025-12-16 14:56:59,676 INFO o.s.d.r.c.RepositoryConfigurationDelegate [restartedMain] Finished Spring Data repository scanning in 3 ms. Found 1 JPA repository interface.
2025-12-16 14:57:00,309 INFO o.s.b.w.e.t.TomcatWebServer [restartedMain] Tomcat initialized with port 8090 (http)
2025-12-16 14:57:00,317 INFO o.a.j.l.DirectJDKLog [restartedMain] Initializing ProtocolHandler ["http-nio-8090"]
2025-12-16 14:57:00,319 INFO o.a.j.l.DirectJDKLog [restartedMain] Starting service [Tomcat]
2025-12-16 14:57:00,320 INFO o.a.j.l.DirectJDKLog [restartedMain] Starting Servlet engine: [Apache Tomcat/10.1.49]
2025-12-16 14:57:00,370 INFO o.a.j.l.DirectJDKLog [restartedMain] Initializing Spring embedded WebApplicationContext
2025-12-16 14:57:00,370 INFO o.s.b.w.s.c.ServletWebServerApplicationContext [restartedMain] Root WebApplicationContext: initialization completed in 1158 ms
2025-12-16 14:57:00,469 INFO c.z.h.HikariDataSource [restartedMain] HikariPool-1 - Starting...
2025-12-16 14:57:00,572 INFO c.z.h.p.HikariPool [restartedMain] HikariPool-1 - Added connection com.mysql.cj.jdbc.ConnectionImpl@2e6c7093
2025-12-16 14:57:00,573 INFO c.z.h.HikariDataSource [restartedMain] HikariPool-1 - Start completed.
2025-12-16 14:57:00,594 INFO o.h.j.i.u.LogHelper [restartedMain] HHH000204: Processing PersistenceUnitInfo [name: mysqlPU]
2025-12-16 14:57:00,616 INFO o.h.Version [restartedMain] HHH000412: Hibernate ORM core version 6.6.36.Final
2025-12-16 14:57:00,633 INFO o.h.c.i.RegionFactoryInitiator [restartedMain] HHH000026: Second-level cache disabled
2025-12-16 14:57:00,768 INFO o.s.o.j.p.SpringPersistenceUnitInfo [restartedMain] No LoadTimeWeaver setup: ignoring JPA class transformer
2025-12-16 14:57:00,806 WARN o.h.e.j.d.i.DialectFactoryImpl [restartedMain] HHH90000025: MySQLDialect does not need to be specified explicitly using 'hibernate.dialect' (remove the property setting and it will be selected by default)
2025-12-16 14:57:00,813 INFO o.h.e.j.e.i.JdbcEnvironmentInitiator [restartedMain] HHH10001005: Database info:
	Database JDBC URL [Connecting through datasource 'HikariDataSource (HikariPool-1)']
	Database driver: undefined/unknown
	Database version: 8.0.44
	Autocommit mode: undefined/unknown
	Isolation level: undefined/unknown
	Minimum pool size: undefined/unknown
	Maximum pool size: undefined/unknown
2025-12-16 14:57:01,175 INFO o.h.e.t.j.p.i.JtaPlatformInitiator [restartedMain] HHH000489: No JTA platform available (set 'hibernate.transaction.jta.platform' to enable JTA platform integration)
2025-12-16 14:57:01,205 INFO o.s.o.j.AbstractEntityManagerFactoryBean [restartedMain] Initialized JPA EntityManagerFactory for persistence unit 'mysqlPU'
2025-12-16 14:57:01,215 INFO c.z.h.HikariDataSource [restartedMain] HikariPool-2 - Starting...
2025-12-16 14:57:01,424 INFO c.z.h.p.HikariPool [restartedMain] HikariPool-2 - Added connection org.postgresql.jdbc.PgConnection@4c23e8ab
2025-12-16 14:57:01,424 INFO c.z.h.HikariDataSource [restartedMain] HikariPool-2 - Start completed.
2025-12-16 14:57:01,428 INFO o.h.j.i.u.LogHelper [restartedMain] HHH000204: Processing PersistenceUnitInfo [name: postgresPU]
2025-12-16 14:57:01,429 INFO o.h.c.i.RegionFactoryInitiator [restartedMain] HHH000026: Second-level cache disabled
2025-12-16 14:57:01,433 INFO o.s.o.j.p.SpringPersistenceUnitInfo [restartedMain] No LoadTimeWeaver setup: ignoring JPA class transformer
2025-12-16 14:57:01,444 WARN o.h.e.j.d.i.DialectFactoryImpl [restartedMain] HHH90000025: PostgreSQLDialect does not need to be specified explicitly using 'hibernate.dialect' (remove the property setting and it will be selected by default)
2025-12-16 14:57:01,446 INFO o.h.e.j.e.i.JdbcEnvironmentInitiator [restartedMain] HHH10001005: Database info:
	Database JDBC URL [Connecting through datasource 'HikariDataSource (HikariPool-2)']
	Database driver: undefined/unknown
	Database version: 14.20
	Autocommit mode: undefined/unknown
	Isolation level: undefined/unknown
	Minimum pool size: undefined/unknown
	Maximum pool size: undefined/unknown
2025-12-16 14:57:01,486 INFO o.h.e.t.j.p.i.JtaPlatformInitiator [restartedMain] HHH000489: No JTA platform available (set 'hibernate.transaction.jta.platform' to enable JTA platform integration)
2025-12-16 14:57:01,497 INFO o.s.o.j.AbstractEntityManagerFactoryBean [restartedMain] Initialized JPA EntityManagerFactory for persistence unit 'postgresPU'
2025-12-16 14:57:01,810 INFO o.s.w.s.s.SaajSoapMessageFactory [restartedMain] Creating SAAJ 1.3 MessageFactory with SOAP 1.1 Protocol
2025-12-16 14:57:02,105 WARN o.s.b.a.o.j.JpaBaseConfiguration$JpaWebConfiguration [restartedMain] spring.jpa.open-in-view is enabled by default. Therefore, database queries may be performed during view rendering. Explicitly configure spring.jpa.open-in-view to disable this warning
2025-12-16 14:57:02,429 INFO o.s.v.b.OptionalValidatorFactoryBean [restartedMain] Failed to set up a Bean Validation provider: jakarta.validation.NoProviderFoundException: Unable to create a Configuration, because no Jakarta Bean Validation provider could be found. Add a provider like Hibernate Validator (RI) to your classpath.
2025-12-16 14:57:02,652 INFO o.s.w.s.a.s.AbstractAddressingEndpointMapping [restartedMain] Supporting [WS-Addressing August 2004, WS-Addressing 1.0]
2025-12-16 14:57:02,670 INFO o.s.b.d.a.OptionalLiveReloadServer [restartedMain] LiveReload server is running on port 35729
2025-12-16 14:57:02,692 INFO o.s.c.l.CompositeLog [restartedMain] Starting...
2025-12-16 14:57:02,692 INFO o.s.c.l.CompositeLog [restartedMain] BrokerAvailabilityEvent[available=true, SimpleBrokerMessageHandler [org.springframework.messaging.simp.broker.DefaultSubscriptionRegistry@574406e]]
2025-12-16 14:57:02,694 INFO o.s.c.l.CompositeLog [restartedMain] Started.
2025-12-16 14:57:02,694 INFO o.a.j.l.DirectJDKLog [restartedMain] Starting ProtocolHandler ["http-nio-8090"]
2025-12-16 14:57:02,701 INFO o.s.b.w.e.t.TomcatWebServer [restartedMain] Tomcat started on port 8090 (http) with context path '/'
2025-12-16 14:57:02,703 INFO o.s.a.r.c.AbstractConnectionFactory [restartedMain] Attempting to connect to: [localhost:5672]
2025-12-16 14:57:02,730 INFO o.s.a.r.c.AbstractConnectionFactory [restartedMain] Created new connection: rabbitConnectionFactory#3c3d3135:0/SimpleConnection@329b5952 [delegate=amqp://guest@127.0.0.1:5672/, localPort=57966]
2025-12-16 14:57:02,774 INFO o.s.b.StartupInfoLogger [restartedMain] Started AdvancedApplication in 3.874 seconds (process running for 4.1)
2025-12-16 14:57:02,777 INFO c.e.a.s.NotificationService [MessageBroker-1] ⏰ [Scheduler] Báo cáo hệ thống lúc: 2025-12-16T14:57:02.777739975 - Bởi: MessageBroker-1
2025-12-16 14:57:28,883 INFO o.a.j.l.DirectJDKLog [http-nio-8090-exec-1] Initializing Spring DispatcherServlet 'dispatcherServlet'
2025-12-16 14:57:28,883 INFO o.s.w.s.FrameworkServlet [http-nio-8090-exec-1] Initializing Servlet 'dispatcherServlet'
2025-12-16 14:57:28,885 INFO o.s.w.s.FrameworkServlet [http-nio-8090-exec-1] Completed initialization in 1 ms
2025-12-16 14:57:32,773 INFO c.e.a.s.NotificationService [MessageBroker-2] ⏰ [Scheduler] Báo cáo hệ thống lúc: 2025-12-16T14:57:32.773427018 - Bởi: MessageBroker-2
2025-12-16 14:57:36,261 INFO o.s.a.AbstractOpenApiResource [http-nio-8090-exec-2] Init duration for springdoc-openapi is: 127 ms
2025-12-16 14:58:02,683 INFO o.s.w.s.c.WebSocketMessageBrokerStats [MessageBroker-1] WebSocketSession[0 current WS(0)-HttpStream(0)-HttpPoll(0), 0 total, 0 closed abnormally (0 connect failure, 0 send limit, 0 transport error)], stompSubProtocol[processed CONNECT(0)-CONNECTED(0)-DISCONNECT(0)], stompBrokerRelay[null], inboundChannel[pool size = 0, active threads = 0, queued tasks = 0, completed tasks = 0], outboundChannel[pool size = 0, active threads = 0, queued tasks = 0, completed tasks = 0], sockJsScheduler[pool size = 4, active threads = 1, queued tasks = 1, completed tasks = 2]
2025-12-16 14:58:02,773 INFO c.e.a.s.NotificationService [MessageBroker-3] ⏰ [Scheduler] Báo cáo hệ thống lúc: 2025-12-16T14:58:02.773670388 - Bởi: MessageBroker-3
2025-12-16 14:58:32,773 INFO c.e.a.s.NotificationService [MessageBroker-4] ⏰ [Scheduler] Báo cáo hệ thống lúc: 2025-12-16T14:58:32.773793251 - Bởi: MessageBroker-4
2025-12-16 14:59:02,773 INFO c.e.a.s.NotificationService [MessageBroker-5] ⏰ [Scheduler] Báo cáo hệ thống lúc: 2025-12-16T14:59:02.773846042 - Bởi: MessageBroker-5
2025-12-16 14:59:32,774 INFO c.e.a.s.NotificationService [MessageBroker-3] ⏰ [Scheduler] Báo cáo hệ thống lúc: 2025-12-16T14:59:32.773941995 - Bởi: MessageBroker-3
2025-12-16 15:00:02,773 INFO c.e.a.s.NotificationService [MessageBroker-1] ⏰ [Scheduler] Báo cáo hệ thống lúc: 2025-12-16T15:00:02.773516970 - Bởi: MessageBroker-1
2025-12-16 15:00:06,807 INFO o.s.b.d.a.LocalDevToolsAutoConfiguration$RestartingClassPathChangeChangedEventListener [File Watcher] Restarting due to 38 class path changes (1 addition, 1 deletion, 36 modifications)
2025-12-16 15:00:06,816 INFO o.s.a.r.l.SimpleMessageListenerContainer [org.springframework.amqp.rabbit.RabbitListenerEndpointContainer#0-2] Waiting for workers to finish.
2025-12-16 15:00:07,804 INFO o.s.a.r.l.SimpleMessageListenerContainer [org.springframework.amqp.rabbit.RabbitListenerEndpointContainer#0-2] Successfully waited for workers to finish.
2025-12-16 15:00:07,806 INFO o.s.b.w.e.t.GracefulShutdown [Thread-5] Commencing graceful shutdown. Waiting for active requests to complete
2025-12-16 15:00:07,808 INFO o.a.j.l.DirectJDKLog [tomcat-shutdown] Pausing ProtocolHandler ["http-nio-8090"]
2025-12-16 15:00:07,810 INFO o.s.b.w.e.t.GracefulShutdown [tomcat-shutdown] Graceful shutdown complete
2025-12-16 15:00:07,811 INFO o.a.j.l.DirectJDKLog [Thread-5] Stopping ProtocolHandler ["http-nio-8090"]
2025-12-16 15:00:07,814 INFO o.s.c.l.CompositeLog [Thread-5] Stopping...
2025-12-16 15:00:07,814 INFO o.s.c.l.CompositeLog [Thread-5] BrokerAvailabilityEvent[available=false, SimpleBrokerMessageHandler [org.springframework.messaging.simp.broker.DefaultSubscriptionRegistry@574406e]]
2025-12-16 15:00:07,815 INFO o.s.c.l.CompositeLog [Thread-5] Stopped.
2025-12-16 15:00:07,823 INFO o.s.o.j.AbstractEntityManagerFactoryBean [Thread-5] Closing JPA EntityManagerFactory for persistence unit 'postgresPU'
2025-12-16 15:00:07,825 INFO c.z.h.HikariDataSource [Thread-5] HikariPool-2 - Shutdown initiated...
2025-12-16 15:00:07,829 INFO c.z.h.HikariDataSource [Thread-5] HikariPool-2 - Shutdown completed.
2025-12-16 15:00:07,829 INFO o.s.o.j.AbstractEntityManagerFactoryBean [Thread-5] Closing JPA EntityManagerFactory for persistence unit 'mysqlPU'
2025-12-16 15:00:07,830 INFO c.z.h.HikariDataSource [Thread-5] HikariPool-1 - Shutdown initiated...
2025-12-16 15:00:07,835 INFO c.z.h.HikariDataSource [Thread-5] HikariPool-1 - Shutdown completed.
2025-12-16 15:00:07,912 INFO o.s.b.StartupInfoLogger [restartedMain] Starting AdvancedApplication using Java 21.0.8 with PID 103324 (/home/cao.thanh.sang@sun-asterisk.com/Downloads/advanced/target/classes started by cao.thanh.sang@sun-asterisk.com in /home/cao.thanh.sang@sun-asterisk.com/Downloads/advanced)
2025-12-16 15:00:07,912 DEBUG o.s.b.StartupInfoLogger [restartedMain] Running with Spring Boot v3.5.8, Spring v6.2.14
2025-12-16 15:00:07,912 INFO o.s.b.SpringApplication [restartedMain] No active profile set, falling back to 1 default profile: "default"
2025-12-16 15:00:08,005 INFO o.s.d.r.c.RepositoryConfigurationDelegate [restartedMain] Bootstrapping Spring Data JPA repositories in DEFAULT mode.
2025-12-16 15:00:08,008 INFO o.s.d.r.c.RepositoryConfigurationDelegate [restartedMain] Finished Spring Data repository scanning in 2 ms. Found 1 JPA repository interface.
2025-12-16 15:00:08,008 INFO o.s.d.r.c.RepositoryConfigurationDelegate [restartedMain] Bootstrapping Spring Data JPA repositories in DEFAULT mode.
2025-12-16 15:00:08,010 INFO o.s.d.r.c.RepositoryConfigurationDelegate [restartedMain] Finished Spring Data repository scanning in 1 ms. Found 1 JPA repository interface.
2025-12-16 15:00:08,129 INFO o.s.b.w.e.t.TomcatWebServer [restartedMain] Tomcat initialized with port 8090 (http)
2025-12-16 15:00:08,130 INFO o.a.j.l.DirectJDKLog [restartedMain] Initializing ProtocolHandler ["http-nio-8090"]
2025-12-16 15:00:08,130 INFO o.a.j.l.DirectJDKLog [restartedMain] Starting service [Tomcat]
2025-12-16 15:00:08,131 INFO o.a.j.l.DirectJDKLog [restartedMain] Starting Servlet engine: [Apache Tomcat/10.1.49]
2025-12-16 15:00:08,143 INFO o.a.j.l.DirectJDKLog [restartedMain] Initializing Spring embedded WebApplicationContext
2025-12-16 15:00:08,143 INFO o.s.b.w.s.c.ServletWebServerApplicationContext [restartedMain] Root WebApplicationContext: initialization completed in 229 ms
2025-12-16 15:00:08,168 INFO c.z.h.HikariDataSource [restartedMain] HikariPool-3 - Starting...
2025-12-16 15:00:08,172 INFO c.z.h.p.HikariPool [restartedMain] HikariPool-3 - Added connection com.mysql.cj.jdbc.ConnectionImpl@7251981c
2025-12-16 15:00:08,172 INFO c.z.h.HikariDataSource [restartedMain] HikariPool-3 - Start completed.
2025-12-16 15:00:08,173 INFO o.h.j.i.u.LogHelper [restartedMain] HHH000204: Processing PersistenceUnitInfo [name: mysqlPU]
2025-12-16 15:00:08,174 INFO o.h.c.i.RegionFactoryInitiator [restartedMain] HHH000026: Second-level cache disabled
2025-12-16 15:00:08,178 INFO o.s.o.j.p.SpringPersistenceUnitInfo [restartedMain] No LoadTimeWeaver setup: ignoring JPA class transformer
2025-12-16 15:00:08,180 WARN o.h.e.j.d.i.DialectFactoryImpl [restartedMain] HHH90000025: MySQLDialect does not need to be specified explicitly using 'hibernate.dialect' (remove the property setting and it will be selected by default)
2025-12-16 15:00:08,181 INFO o.h.e.j.e.i.JdbcEnvironmentInitiator [restartedMain] HHH10001005: Database info:
	Database JDBC URL [Connecting through datasource 'HikariDataSource (HikariPool-3)']
	Database driver: undefined/unknown
	Database version: 8.0.44
	Autocommit mode: undefined/unknown
	Isolation level: undefined/unknown
	Minimum pool size: undefined/unknown
	Maximum pool size: undefined/unknown
2025-12-16 15:00:08,201 INFO o.h.e.t.j.p.i.JtaPlatformInitiator [restartedMain] HHH000489: No JTA platform available (set 'hibernate.transaction.jta.platform' to enable JTA platform integration)
2025-12-16 15:00:08,206 INFO o.s.o.j.AbstractEntityManagerFactoryBean [restartedMain] Initialized JPA EntityManagerFactory for persistence unit 'mysqlPU'
2025-12-16 15:00:08,213 INFO c.z.h.HikariDataSource [restartedMain] HikariPool-4 - Starting...
2025-12-16 15:00:08,238 INFO c.z.h.p.HikariPool [restartedMain] HikariPool-4 - Added connection org.postgresql.jdbc.PgConnection@64a55ade
2025-12-16 15:00:08,238 INFO c.z.h.HikariDataSource [restartedMain] HikariPool-4 - Start completed.
2025-12-16 15:00:08,239 INFO o.h.j.i.u.LogHelper [restartedMain] HHH000204: Processing PersistenceUnitInfo [name: postgresPU]
2025-12-16 15:00:08,240 INFO o.h.c.i.RegionFactoryInitiator [restartedMain] HHH000026: Second-level cache disabled
2025-12-16 15:00:08,244 INFO o.s.o.j.p.SpringPersistenceUnitInfo [restartedMain] No LoadTimeWeaver setup: ignoring JPA class transformer
2025-12-16 15:00:08,248 WARN o.h.e.j.d.i.DialectFactoryImpl [restartedMain] HHH90000025: PostgreSQLDialect does not need to be specified explicitly using 'hibernate.dialect' (remove the property setting and it will be selected by default)
2025-12-16 15:00:08,249 INFO o.h.e.j.e.i.JdbcEnvironmentInitiator [restartedMain] HHH10001005: Database info:
	Database JDBC URL [Connecting through datasource 'HikariDataSource (HikariPool-4)']
	Database driver: undefined/unknown
	Database version: 14.20
	Autocommit mode: undefined/unknown
	Isolation level: undefined/unknown
	Minimum pool size: undefined/unknown
	Maximum pool size: undefined/unknown
2025-12-16 15:00:08,265 INFO o.h.e.t.j.p.i.JtaPlatformInitiator [restartedMain] HHH000489: No JTA platform available (set 'hibernate.transaction.jta.platform' to enable JTA platform integration)
2025-12-16 15:00:08,271 INFO o.s.o.j.AbstractEntityManagerFactoryBean [restartedMain] Initialized JPA EntityManagerFactory for persistence unit 'postgresPU'
2025-12-16 15:00:08,313 INFO o.s.w.s.s.SaajSoapMessageFactory [restartedMain] Creating SAAJ 1.3 MessageFactory with SOAP 1.1 Protocol
2025-12-16 15:00:08,410 WARN o.s.b.a.o.j.JpaBaseConfiguration$JpaWebConfiguration [restartedMain] spring.jpa.open-in-view is enabled by default. Therefore, database queries may be performed during view rendering. Explicitly configure spring.jpa.open-in-view to disable this warning
2025-12-16 15:00:08,473 INFO o.s.v.b.OptionalValidatorFactoryBean [restartedMain] Failed to set up a Bean Validation provider: jakarta.validation.NoProviderFoundException: Unable to create a Configuration, because no Jakarta Bean Validation provider could be found. Add a provider like Hibernate Validator (RI) to your classpath.
2025-12-16 15:00:08,534 INFO o.s.w.s.a.s.AbstractAddressingEndpointMapping [restartedMain] Supporting [WS-Addressing August 2004, WS-Addressing 1.0]
2025-12-16 15:00:08,540 INFO o.s.b.d.a.OptionalLiveReloadServer [restartedMain] LiveReload server is running on port 35729
2025-12-16 15:00:08,550 INFO o.s.c.l.CompositeLog [restartedMain] Starting...
2025-12-16 15:00:08,550 INFO o.s.c.l.CompositeLog [restartedMain] BrokerAvailabilityEvent[available=true, SimpleBrokerMessageHandler [org.springframework.messaging.simp.broker.DefaultSubscriptionRegistry@126f821e]]
2025-12-16 15:00:08,550 INFO o.s.c.l.CompositeLog [restartedMain] Started.
2025-12-16 15:00:08,550 INFO o.a.j.l.DirectJDKLog [restartedMain] Starting ProtocolHandler ["http-nio-8090"]
2025-12-16 15:00:08,552 INFO o.s.b.w.e.t.TomcatWebServer [restartedMain] Tomcat started on port 8090 (http) with context path '/'
2025-12-16 15:00:08,553 INFO o.s.a.r.c.AbstractConnectionFactory [restartedMain] Attempting to connect to: [localhost:5672]
2025-12-16 15:00:08,556 INFO o.s.a.r.c.AbstractConnectionFactory [restartedMain] Created new connection: rabbitConnectionFactory#23061bff:0/SimpleConnection@5a84202d [delegate=amqp://guest@127.0.0.1:5672/, localPort=48280]
2025-12-16 15:00:08,565 INFO c.e.a.s.NotificationService [MessageBroker-1] ⏰ [Scheduler] Báo cáo hệ thống lúc: 2025-12-16T15:00:08.565145934 - Bởi: MessageBroker-1
2025-12-16 15:00:08,565 INFO o.s.b.StartupInfoLogger [restartedMain] Started AdvancedApplication in 0.674 seconds (process running for 189.891)
2025-12-16 15:00:08,567 INFO o.s.b.d.a.ConditionEvaluationDeltaLoggingListener [restartedMain] Condition evaluation unchanged
2025-12-16 15:00:18,963 INFO o.s.b.d.a.LocalDevToolsAutoConfiguration$RestartingClassPathChangeChangedEventListener [File Watcher] Restarting due to 6 class path changes (1 addition, 1 deletion, 4 modifications)
2025-12-16 15:00:18,968 INFO o.s.a.r.l.SimpleMessageListenerContainer [org.springframework.amqp.rabbit.RabbitListenerEndpointContainer#0-2] Waiting for workers to finish.
2025-12-16 15:00:19,565 INFO o.s.a.r.l.SimpleMessageListenerContainer [org.springframework.amqp.rabbit.RabbitListenerEndpointContainer#0-2] Successfully waited for workers to finish.
2025-12-16 15:00:19,566 INFO o.s.b.w.e.t.GracefulShutdown [Thread-7] Commencing graceful shutdown. Waiting for active requests to complete
2025-12-16 15:00:19,567 INFO o.a.j.l.DirectJDKLog [tomcat-shutdown] Pausing ProtocolHandler ["http-nio-8090"]
2025-12-16 15:00:19,569 INFO o.s.b.w.e.t.GracefulShutdown [tomcat-shutdown] Graceful shutdown complete
2025-12-16 15:00:19,569 INFO o.a.j.l.DirectJDKLog [Thread-7] Stopping ProtocolHandler ["http-nio-8090"]
2025-12-16 15:00:19,570 INFO o.s.c.l.CompositeLog [Thread-7] Stopping...
2025-12-16 15:00:19,571 INFO o.s.c.l.CompositeLog [Thread-7] BrokerAvailabilityEvent[available=false, SimpleBrokerMessageHandler [org.springframework.messaging.simp.broker.DefaultSubscriptionRegistry@126f821e]]
2025-12-16 15:00:19,571 INFO o.s.c.l.CompositeLog [Thread-7] Stopped.
2025-12-16 15:00:19,575 INFO o.s.o.j.AbstractEntityManagerFactoryBean [Thread-7] Closing JPA EntityManagerFactory for persistence unit 'postgresPU'
2025-12-16 15:00:19,575 INFO c.z.h.HikariDataSource [Thread-7] HikariPool-4 - Shutdown initiated...
2025-12-16 15:00:19,581 INFO c.z.h.HikariDataSource [Thread-7] HikariPool-4 - Shutdown completed.
2025-12-16 15:00:19,582 INFO o.s.o.j.AbstractEntityManagerFactoryBean [Thread-7] Closing JPA EntityManagerFactory for persistence unit 'mysqlPU'
2025-12-16 15:00:19,583 INFO c.z.h.HikariDataSource [Thread-7] HikariPool-3 - Shutdown initiated...
2025-12-16 15:00:19,584 INFO c.z.h.HikariDataSource [Thread-7] HikariPool-3 - Shutdown completed.
2025-12-16 15:00:19,650 INFO o.s.b.StartupInfoLogger [restartedMain] Starting AdvancedApplication using Java 21.0.8 with PID 103324 (/home/cao.thanh.sang@sun-asterisk.com/Downloads/advanced/target/classes started by cao.thanh.sang@sun-asterisk.com in /home/cao.thanh.sang@sun-asterisk.com/Downloads/advanced)
2025-12-16 15:00:19,650 DEBUG o.s.b.StartupInfoLogger [restartedMain] Running with Spring Boot v3.5.8, Spring v6.2.14
2025-12-16 15:00:19,650 INFO o.s.b.SpringApplication [restartedMain] No active profile set, falling back to 1 default profile: "default"
2025-12-16 15:00:19,711 INFO o.s.d.r.c.RepositoryConfigurationDelegate [restartedMain] Bootstrapping Spring Data JPA repositories in DEFAULT mode.
2025-12-16 15:00:19,714 INFO o.s.d.r.c.RepositoryConfigurationDelegate [restartedMain] Finished Spring Data repository scanning in 1 ms. Found 1 JPA repository interface.
2025-12-16 15:00:19,714 INFO o.s.d.r.c.RepositoryConfigurationDelegate [restartedMain] Bootstrapping Spring Data JPA repositories in DEFAULT mode.
2025-12-16 15:00:19,716 INFO o.s.d.r.c.RepositoryConfigurationDelegate [restartedMain] Finished Spring Data repository scanning in 1 ms. Found 1 JPA repository interface.
2025-12-16 15:00:19,797 INFO o.s.b.w.e.t.TomcatWebServer [restartedMain] Tomcat initialized with port 8090 (http)
2025-12-16 15:00:19,798 INFO o.a.j.l.DirectJDKLog [restartedMain] Initializing ProtocolHandler ["http-nio-8090"]
2025-12-16 15:00:19,798 INFO o.a.j.l.DirectJDKLog [restartedMain] Starting service [Tomcat]
2025-12-16 15:00:19,798 INFO o.a.j.l.DirectJDKLog [restartedMain] Starting Servlet engine: [Apache Tomcat/10.1.49]
2025-12-16 15:00:19,804 INFO o.a.j.l.DirectJDKLog [restartedMain] Initializing Spring embedded WebApplicationContext
2025-12-16 15:00:19,804 INFO o.s.b.w.s.c.ServletWebServerApplicationContext [restartedMain] Root WebApplicationContext: initialization completed in 153 ms
2025-12-16 15:00:19,832 INFO c.z.h.HikariDataSource [restartedMain] HikariPool-5 - Starting...
2025-12-16 15:00:19,836 INFO c.z.h.p.HikariPool [restartedMain] HikariPool-5 - Added connection com.mysql.cj.jdbc.ConnectionImpl@1ad340e8
2025-12-16 15:00:19,837 INFO c.z.h.HikariDataSource [restartedMain] HikariPool-5 - Start completed.
2025-12-16 15:00:19,839 INFO o.h.j.i.u.LogHelper [restartedMain] HHH000204: Processing PersistenceUnitInfo [name: mysqlPU]
2025-12-16 15:00:19,841 INFO o.h.c.i.RegionFactoryInitiator [restartedMain] HHH000026: Second-level cache disabled
2025-12-16 15:00:19,848 INFO o.s.o.j.p.SpringPersistenceUnitInfo [restartedMain] No LoadTimeWeaver setup: ignoring JPA class transformer
2025-12-16 15:00:19,850 WARN o.h.e.j.d.i.DialectFactoryImpl [restartedMain] HHH90000025: MySQLDialect does not need to be specified explicitly using 'hibernate.dialect' (remove the property setting and it will be selected by default)
2025-12-16 15:00:19,850 INFO o.h.e.j.e.i.JdbcEnvironmentInitiator [restartedMain] HHH10001005: Database info:
	Database JDBC URL [Connecting through datasource 'HikariDataSource (HikariPool-5)']
	Database driver: undefined/unknown
	Database version: 8.0.44
	Autocommit mode: undefined/unknown
	Isolation level: undefined/unknown
	Minimum pool size: undefined/unknown
	Maximum pool size: undefined/unknown
2025-12-16 15:00:19,873 INFO o.h.e.t.j.p.i.JtaPlatformInitiator [restartedMain] HHH000489: No JTA platform available (set 'hibernate.transaction.jta.platform' to enable JTA platform integration)
2025-12-16 15:00:19,882 INFO o.s.o.j.AbstractEntityManagerFactoryBean [restartedMain] Initialized JPA EntityManagerFactory for persistence unit 'mysqlPU'
2025-12-16 15:00:19,893 INFO c.z.h.HikariDataSource [restartedMain] HikariPool-6 - Starting...
2025-12-16 15:00:19,910 INFO c.z.h.p.HikariPool [restartedMain] HikariPool-6 - Added connection org.postgresql.jdbc.PgConnection@4814b50
2025-12-16 15:00:19,911 INFO c.z.h.HikariDataSource [restartedMain] HikariPool-6 - Start completed.
2025-12-16 15:00:19,911 INFO o.h.j.i.u.LogHelper [restartedMain] HHH000204: Processing PersistenceUnitInfo [name: postgresPU]
2025-12-16 15:00:19,912 INFO o.h.c.i.RegionFactoryInitiator [restartedMain] HHH000026: Second-level cache disabled
2025-12-16 15:00:19,916 INFO o.s.o.j.p.SpringPersistenceUnitInfo [restartedMain] No LoadTimeWeaver setup: ignoring JPA class transformer
2025-12-16 15:00:19,922 WARN o.h.e.j.d.i.DialectFactoryImpl [restartedMain] HHH90000025: PostgreSQLDialect does not need to be specified explicitly using 'hibernate.dialect' (remove the property setting and it will be selected by default)
2025-12-16 15:00:19,924 INFO o.h.e.j.e.i.JdbcEnvironmentInitiator [restartedMain] HHH10001005: Database info:
	Database JDBC URL [Connecting through datasource 'HikariDataSource (HikariPool-6)']
	Database driver: undefined/unknown
	Database version: 14.20
	Autocommit mode: undefined/unknown
	Isolation level: undefined/unknown
	Minimum pool size: undefined/unknown
	Maximum pool size: undefined/unknown
2025-12-16 15:00:19,947 INFO o.h.e.t.j.p.i.JtaPlatformInitiator [restartedMain] HHH000489: No JTA platform available (set 'hibernate.transaction.jta.platform' to enable JTA platform integration)
2025-12-16 15:00:19,957 INFO o.s.o.j.AbstractEntityManagerFactoryBean [restartedMain] Initialized JPA EntityManagerFactory for persistence unit 'postgresPU'
2025-12-16 15:00:19,989 INFO o.s.w.s.s.SaajSoapMessageFactory [restartedMain] Creating SAAJ 1.3 MessageFactory with SOAP 1.1 Protocol
2025-12-16 15:00:20,044 WARN o.s.b.a.o.j.JpaBaseConfiguration$JpaWebConfiguration [restartedMain] spring.jpa.open-in-view is enabled by default. Therefore, database queries may be performed during view rendering. Explicitly configure spring.jpa.open-in-view to disable this warning
2025-12-16 15:00:20,097 INFO o.s.v.b.OptionalValidatorFactoryBean [restartedMain] Failed to set up a Bean Validation provider: jakarta.validation.NoProviderFoundException: Unable to create a Configuration, because no Jakarta Bean Validation provider could be found. Add a provider like Hibernate Validator (RI) to your classpath.
2025-12-16 15:00:20,155 INFO o.s.w.s.a.s.AbstractAddressingEndpointMapping [restartedMain] Supporting [WS-Addressing August 2004, WS-Addressing 1.0]
2025-12-16 15:00:20,163 INFO o.s.b.d.a.OptionalLiveReloadServer [restartedMain] LiveReload server is running on port 35729
2025-12-16 15:00:20,168 INFO o.s.c.l.CompositeLog [restartedMain] Starting...
2025-12-16 15:00:20,168 INFO o.s.c.l.CompositeLog [restartedMain] BrokerAvailabilityEvent[available=true, SimpleBrokerMessageHandler [org.springframework.messaging.simp.broker.DefaultSubscriptionRegistry@56a9790b]]
2025-12-16 15:00:20,169 INFO o.s.c.l.CompositeLog [restartedMain] Started.
2025-12-16 15:00:20,169 INFO o.a.j.l.DirectJDKLog [restartedMain] Starting ProtocolHandler ["http-nio-8090"]
2025-12-16 15:00:20,170 INFO o.s.b.w.e.t.TomcatWebServer [restartedMain] Tomcat started on port 8090 (http) with context path '/'
2025-12-16 15:00:20,170 INFO o.s.a.r.c.AbstractConnectionFactory [restartedMain] Attempting to connect to: [localhost:5672]
2025-12-16 15:00:20,177 INFO o.s.a.r.c.AbstractConnectionFactory [restartedMain] Created new connection: rabbitConnectionFactory#4f47942:0/SimpleConnection@558b50ff [delegate=amqp://guest@127.0.0.1:5672/, localPort=39952]
2025-12-16 15:00:20,183 INFO o.s.b.StartupInfoLogger [restartedMain] Started AdvancedApplication in 0.547 seconds (process running for 201.509)
2025-12-16 15:00:20,183 INFO c.e.a.s.NotificationService [MessageBroker-1] ⏰ [Scheduler] Báo cáo hệ thống lúc: 2025-12-16T15:00:20.183532217 - Bởi: MessageBroker-1
2025-12-16 15:00:20,184 INFO o.s.b.d.a.ConditionEvaluationDeltaLoggingListener [restartedMain] Condition evaluation unchanged
2025-12-16 15:00:26,578 INFO o.s.b.d.a.LocalDevToolsAutoConfiguration$RestartingClassPathChangeChangedEventListener [File Watcher] Restarting due to 1 class path change (1 addition, 0 deletions, 0 modifications)
2025-12-16 15:00:26,581 INFO o.s.a.r.l.SimpleMessageListenerContainer [org.springframework.amqp.rabbit.RabbitListenerEndpointContainer#0-2] Waiting for workers to finish.
2025-12-16 15:00:27,182 INFO o.s.a.r.l.SimpleMessageListenerContainer [org.springframework.amqp.rabbit.RabbitListenerEndpointContainer#0-2] Successfully waited for workers to finish.
2025-12-16 15:00:27,183 INFO o.s.b.w.e.t.GracefulShutdown [Thread-11] Commencing graceful shutdown. Waiting for active requests to complete
2025-12-16 15:00:27,185 INFO o.a.j.l.DirectJDKLog [tomcat-shutdown] Pausing ProtocolHandler ["http-nio-8090"]
2025-12-16 15:00:27,186 INFO o.s.b.w.e.t.GracefulShutdown [tomcat-shutdown] Graceful shutdown complete
2025-12-16 15:00:27,187 INFO o.a.j.l.DirectJDKLog [Thread-11] Stopping ProtocolHandler ["http-nio-8090"]
2025-12-16 15:00:27,188 INFO o.s.c.l.CompositeLog [Thread-11] Stopping...
2025-12-16 15:00:27,189 INFO o.s.c.l.CompositeLog [Thread-11] BrokerAvailabilityEvent[available=false, SimpleBrokerMessageHandler [org.springframework.messaging.simp.broker.DefaultSubscriptionRegistry@56a9790b]]
2025-12-16 15:00:27,189 INFO o.s.c.l.CompositeLog [Thread-11] Stopped.
2025-12-16 15:00:27,193 INFO o.s.o.j.AbstractEntityManagerFactoryBean [Thread-11] Closing JPA EntityManagerFactory for persistence unit 'postgresPU'
2025-12-16 15:00:27,193 INFO c.z.h.HikariDataSource [Thread-11] HikariPool-6 - Shutdown initiated...
2025-12-16 15:00:27,197 INFO c.z.h.HikariDataSource [Thread-11] HikariPool-6 - Shutdown completed.
2025-12-16 15:00:27,198 INFO o.s.o.j.AbstractEntityManagerFactoryBean [Thread-11] Closing JPA EntityManagerFactory for persistence unit 'mysqlPU'
2025-12-16 15:00:27,199 INFO c.z.h.HikariDataSource [Thread-11] HikariPool-5 - Shutdown initiated...
2025-12-16 15:00:27,202 INFO c.z.h.HikariDataSource [Thread-11] HikariPool-5 - Shutdown completed.
2025-12-16 15:00:27,266 INFO o.s.b.StartupInfoLogger [restartedMain] Starting AdvancedApplication using Java 21.0.8 with PID 103324 (/home/cao.thanh.sang@sun-asterisk.com/Downloads/advanced/target/classes started by cao.thanh.sang@sun-asterisk.com in /home/cao.thanh.sang@sun-asterisk.com/Downloads/advanced)
2025-12-16 15:00:27,266 DEBUG o.s.b.StartupInfoLogger [restartedMain] Running with Spring Boot v3.5.8, Spring v6.2.14
2025-12-16 15:00:27,266 INFO o.s.b.SpringApplication [restartedMain] No active profile set, falling back to 1 default profile: "default"
2025-12-16 15:00:27,321 INFO o.s.d.r.c.RepositoryConfigurationDelegate [restartedMain] Bootstrapping Spring Data JPA repositories in DEFAULT mode.
2025-12-16 15:00:27,323 INFO o.s.d.r.c.RepositoryConfigurationDelegate [restartedMain] Finished Spring Data repository scanning in 1 ms. Found 1 JPA repository interface.
2025-12-16 15:00:27,323 INFO o.s.d.r.c.RepositoryConfigurationDelegate [restartedMain] Bootstrapping Spring Data JPA repositories in DEFAULT mode.
2025-12-16 15:00:27,325 INFO o.s.d.r.c.RepositoryConfigurationDelegate [restartedMain] Finished Spring Data repository scanning in 1 ms. Found 1 JPA repository interface.
2025-12-16 15:00:27,421 INFO o.s.b.w.e.t.TomcatWebServer [restartedMain] Tomcat initialized with port 8090 (http)
2025-12-16 15:00:27,422 INFO o.a.j.l.DirectJDKLog [restartedMain] Initializing ProtocolHandler ["http-nio-8090"]
2025-12-16 15:00:27,422 INFO o.a.j.l.DirectJDKLog [restartedMain] Starting service [Tomcat]
2025-12-16 15:00:27,422 INFO o.a.j.l.DirectJDKLog [restartedMain] Starting Servlet engine: [Apache Tomcat/10.1.49]
2025-12-16 15:00:27,436 INFO o.a.j.l.DirectJDKLog [restartedMain] Initializing Spring embedded WebApplicationContext
2025-12-16 15:00:27,437 INFO o.s.b.w.s.c.ServletWebServerApplicationContext [restartedMain] Root WebApplicationContext: initialization completed in 170 ms
2025-12-16 15:00:27,455 INFO c.z.h.HikariDataSource [restartedMain] HikariPool-7 - Starting...
2025-12-16 15:00:27,458 INFO c.z.h.p.HikariPool [restartedMain] HikariPool-7 - Added connection com.mysql.cj.jdbc.ConnectionImpl@470400f2
2025-12-16 15:00:27,458 INFO c.z.h.HikariDataSource [restartedMain] HikariPool-7 - Start completed.
2025-12-16 15:00:27,460 INFO o.h.j.i.u.LogHelper [restartedMain] HHH000204: Processing PersistenceUnitInfo [name: mysqlPU]
2025-12-16 15:00:27,462 INFO o.h.c.i.RegionFactoryInitiator [restartedMain] HHH000026: Second-level cache disabled
2025-12-16 15:00:27,469 INFO o.s.o.j.p.SpringPersistenceUnitInfo [restartedMain] No LoadTimeWeaver setup: ignoring JPA class transformer
2025-12-16 15:00:27,470 WARN o.h.e.j.d.i.DialectFactoryImpl [restartedMain] HHH90000025: MySQLDialect does not need to be specified explicitly using 'hibernate.dialect' (remove the property setting and it will be selected by default)
2025-12-16 15:00:27,470 INFO o.h.e.j.e.i.JdbcEnvironmentInitiator [restartedMain] HHH10001005: Database info:
	Database JDBC URL [Connecting through datasource 'HikariDataSource (HikariPool-7)']
	Database driver: undefined/unknown
	Database version: 8.0.44
	Autocommit mode: undefined/unknown
	Isolation level: undefined/unknown
	Minimum pool size: undefined/unknown
	Maximum pool size: undefined/unknown
2025-12-16 15:00:27,488 INFO o.h.e.t.j.p.i.JtaPlatformInitiator [restartedMain] HHH000489: No JTA platform available (set 'hibernate.transaction.jta.platform' to enable JTA platform integration)
2025-12-16 15:00:27,496 INFO o.s.o.j.AbstractEntityManagerFactoryBean [restartedMain] Initialized JPA EntityManagerFactory for persistence unit 'mysqlPU'
2025-12-16 15:00:27,502 INFO c.z.h.HikariDataSource [restartedMain] HikariPool-8 - Starting...
2025-12-16 15:00:27,517 INFO c.z.h.p.HikariPool [restartedMain] HikariPool-8 - Added connection org.postgresql.jdbc.PgConnection@7055a774
2025-12-16 15:00:27,518 INFO c.z.h.HikariDataSource [restartedMain] HikariPool-8 - Start completed.
2025-12-16 15:00:27,518 INFO o.h.j.i.u.LogHelper [restartedMain] HHH000204: Processing PersistenceUnitInfo [name: postgresPU]
2025-12-16 15:00:27,519 INFO o.h.c.i.RegionFactoryInitiator [restartedMain] HHH000026: Second-level cache disabled
2025-12-16 15:00:27,522 INFO o.s.o.j.p.SpringPersistenceUnitInfo [restartedMain] No LoadTimeWeaver setup: ignoring JPA class transformer
2025-12-16 15:00:27,526 WARN o.h.e.j.d.i.DialectFactoryImpl [restartedMain] HHH90000025: PostgreSQLDialect does not need to be specified explicitly using 'hibernate.dialect' (remove the property setting and it will be selected by default)
2025-12-16 15:00:27,526 INFO o.h.e.j.e.i.JdbcEnvironmentInitiator [restartedMain] HHH10001005: Database info:
	Database JDBC URL [Connecting through datasource 'HikariDataSource (HikariPool-8)']
	Database driver: undefined/unknown
	Database version: 14.20
	Autocommit mode: undefined/unknown
	Isolation level: undefined/unknown
	Minimum pool size: undefined/unknown
	Maximum pool size: undefined/unknown
2025-12-16 15:00:27,548 INFO o.h.e.t.j.p.i.JtaPlatformInitiator [restartedMain] HHH000489: No JTA platform available (set 'hibernate.transaction.jta.platform' to enable JTA platform integration)
2025-12-16 15:00:27,554 INFO o.s.o.j.AbstractEntityManagerFactoryBean [restartedMain] Initialized JPA EntityManagerFactory for persistence unit 'postgresPU'
2025-12-16 15:00:27,592 INFO o.s.w.s.s.SaajSoapMessageFactory [restartedMain] Creating SAAJ 1.3 MessageFactory with SOAP 1.1 Protocol
2025-12-16 15:00:27,650 WARN o.s.b.a.o.j.JpaBaseConfiguration$JpaWebConfiguration [restartedMain] spring.jpa.open-in-view is enabled by default. Therefore, database queries may be performed during view rendering. Explicitly configure spring.jpa.open-in-view to disable this warning
2025-12-16 15:00:27,699 INFO o.s.v.b.OptionalValidatorFactoryBean [restartedMain] Failed to set up a Bean Validation provider: jakarta.validation.NoProviderFoundException: Unable to create a Configuration, because no Jakarta Bean Validation provider could be found. Add a provider like Hibernate Validator (RI) to your classpath.
2025-12-16 15:00:27,739 INFO o.s.w.s.a.s.AbstractAddressingEndpointMapping [restartedMain] Supporting [WS-Addressing August 2004, WS-Addressing 1.0]
2025-12-16 15:00:27,743 INFO o.s.b.d.a.OptionalLiveReloadServer [restartedMain] LiveReload server is running on port 35729
2025-12-16 15:00:27,747 INFO o.s.c.l.CompositeLog [restartedMain] Starting...
2025-12-16 15:00:27,747 INFO o.s.c.l.CompositeLog [restartedMain] BrokerAvailabilityEvent[available=true, SimpleBrokerMessageHandler [org.springframework.messaging.simp.broker.DefaultSubscriptionRegistry@690a526b]]
2025-12-16 15:00:27,747 INFO o.s.c.l.CompositeLog [restartedMain] Started.
2025-12-16 15:00:27,747 INFO o.a.j.l.DirectJDKLog [restartedMain] Starting ProtocolHandler ["http-nio-8090"]
2025-12-16 15:00:27,748 INFO o.s.b.w.e.t.TomcatWebServer [restartedMain] Tomcat started on port 8090 (http) with context path '/'
2025-12-16 15:00:27,748 INFO o.s.a.r.c.AbstractConnectionFactory [restartedMain] Attempting to connect to: [localhost:5672]
2025-12-16 15:00:27,751 INFO o.s.a.r.c.AbstractConnectionFactory [restartedMain] Created new connection: rabbitConnectionFactory#237dadd7:0/SimpleConnection@5eb8e800 [delegate=amqp://guest@127.0.0.1:5672/, localPort=34168]
2025-12-16 15:00:27,758 INFO c.e.a.s.NotificationService [MessageBroker-1] ⏰ [Scheduler] Báo cáo hệ thống lúc: 2025-12-16T15:00:27.758803465 - Bởi: MessageBroker-1
2025-12-16 15:00:27,759 INFO o.s.b.StartupInfoLogger [restartedMain] Started AdvancedApplication in 0.512 seconds (process running for 209.085)
2025-12-16 15:00:27,760 INFO o.s.b.d.a.ConditionEvaluationDeltaLoggingListener [restartedMain] Condition evaluation unchanged
2025-12-16 15:00:29,149 INFO o.s.b.d.a.LocalDevToolsAutoConfiguration$RestartingClassPathChangeChangedEventListener [File Watcher] Restarting due to 1 class path change (0 additions, 0 deletions, 1 modification)
2025-12-16 15:00:29,155 INFO o.s.a.r.l.SimpleMessageListenerContainer [org.springframework.amqp.rabbit.RabbitListenerEndpointContainer#0-2] Waiting for workers to finish.
2025-12-16 15:00:29,756 INFO o.s.a.r.l.SimpleMessageListenerContainer [org.springframework.amqp.rabbit.RabbitListenerEndpointContainer#0-2] Successfully waited for workers to finish.
2025-12-16 15:00:29,757 INFO o.s.b.w.e.t.GracefulShutdown [Thread-15] Commencing graceful shutdown. Waiting for active requests to complete
2025-12-16 15:00:29,758 INFO o.a.j.l.DirectJDKLog [tomcat-shutdown] Pausing ProtocolHandler ["http-nio-8090"]
2025-12-16 15:00:29,760 INFO o.s.b.w.e.t.GracefulShutdown [tomcat-shutdown] Graceful shutdown complete
2025-12-16 15:00:29,760 INFO o.a.j.l.DirectJDKLog [Thread-15] Stopping ProtocolHandler ["http-nio-8090"]
2025-12-16 15:00:29,762 INFO o.s.c.l.CompositeLog [Thread-15] Stopping...
2025-12-16 15:00:29,762 INFO o.s.c.l.CompositeLog [Thread-15] BrokerAvailabilityEvent[available=false, SimpleBrokerMessageHandler [org.springframework.messaging.simp.broker.DefaultSubscriptionRegistry@690a526b]]
2025-12-16 15:00:29,762 INFO o.s.c.l.CompositeLog [Thread-15] Stopped.
2025-12-16 15:00:29,767 INFO o.s.o.j.AbstractEntityManagerFactoryBean [Thread-15] Closing JPA EntityManagerFactory for persistence unit 'postgresPU'
2025-12-16 15:00:29,768 INFO c.z.h.HikariDataSource [Thread-15] HikariPool-8 - Shutdown initiated...
2025-12-16 15:00:29,773 INFO c.z.h.HikariDataSource [Thread-15] HikariPool-8 - Shutdown completed.
2025-12-16 15:00:29,774 INFO o.s.o.j.AbstractEntityManagerFactoryBean [Thread-15] Closing JPA EntityManagerFactory for persistence unit 'mysqlPU'
2025-12-16 15:00:29,774 INFO c.z.h.HikariDataSource [Thread-15] HikariPool-7 - Shutdown initiated...
2025-12-16 15:00:29,776 INFO c.z.h.HikariDataSource [Thread-15] HikariPool-7 - Shutdown completed.
2025-12-16 15:00:29,853 INFO o.s.b.StartupInfoLogger [restartedMain] Starting AdvancedApplication using Java 21.0.8 with PID 103324 (/home/cao.thanh.sang@sun-asterisk.com/Downloads/advanced/target/classes started by cao.thanh.sang@sun-asterisk.com in /home/cao.thanh.sang@sun-asterisk.com/Downloads/advanced)
2025-12-16 15:00:29,853 DEBUG o.s.b.StartupInfoLogger [restartedMain] Running with Spring Boot v3.5.8, Spring v6.2.14
2025-12-16 15:00:29,853 INFO o.s.b.SpringApplication [restartedMain] No active profile set, falling back to 1 default profile: "default"
2025-12-16 15:00:29,926 INFO o.s.d.r.c.RepositoryConfigurationDelegate [restartedMain] Bootstrapping Spring Data JPA repositories in DEFAULT mode.
2025-12-16 15:00:29,929 INFO o.s.d.r.c.RepositoryConfigurationDelegate [restartedMain] Finished Spring Data repository scanning in 1 ms. Found 1 JPA repository interface.
2025-12-16 15:00:29,929 INFO o.s.d.r.c.RepositoryConfigurationDelegate [restartedMain] Bootstrapping Spring Data JPA repositories in DEFAULT mode.
2025-12-16 15:00:29,931 INFO o.s.d.r.c.RepositoryConfigurationDelegate [restartedMain] Finished Spring Data repository scanning in 1 ms. Found 1 JPA repository interface.
2025-12-16 15:00:29,998 INFO o.s.b.w.e.t.TomcatWebServer [restartedMain] Tomcat initialized with port 8090 (http)
2025-12-16 15:00:29,998 INFO o.a.j.l.DirectJDKLog [restartedMain] Initializing ProtocolHandler ["http-nio-8090"]
2025-12-16 15:00:29,998 INFO o.a.j.l.DirectJDKLog [restartedMain] Starting service [Tomcat]
2025-12-16 15:00:29,999 INFO o.a.j.l.DirectJDKLog [restartedMain] Starting Servlet engine: [Apache Tomcat/10.1.49]
2025-12-16 15:00:30,003 INFO o.a.j.l.DirectJDKLog [restartedMain] Initializing Spring embedded WebApplicationContext
2025-12-16 15:00:30,004 INFO o.s.b.w.s.c.ServletWebServerApplicationContext [restartedMain] Root WebApplicationContext: initialization completed in 149 ms
2025-12-16 15:00:30,019 INFO c.z.h.HikariDataSource [restartedMain] HikariPool-9 - Starting...
2025-12-16 15:00:30,022 INFO c.z.h.p.HikariPool [restartedMain] HikariPool-9 - Added connection com.mysql.cj.jdbc.ConnectionImpl@2bd33e4c
2025-12-16 15:00:30,022 INFO c.z.h.HikariDataSource [restartedMain] HikariPool-9 - Start completed.
2025-12-16 15:00:30,024 INFO o.h.j.i.u.LogHelper [restartedMain] HHH000204: Processing PersistenceUnitInfo [name: mysqlPU]
2025-12-16 15:00:30,025 INFO o.h.c.i.RegionFactoryInitiator [restartedMain] HHH000026: Second-level cache disabled
2025-12-16 15:00:30,031 INFO o.s.o.j.p.SpringPersistenceUnitInfo [restartedMain] No LoadTimeWeaver setup: ignoring JPA class transformer
2025-12-16 15:00:30,033 WARN o.h.e.j.d.i.DialectFactoryImpl [restartedMain] HHH90000025: MySQLDialect does not need to be specified explicitly using 'hibernate.dialect' (remove the property setting and it will be selected by default)
2025-12-16 15:00:30,033 INFO o.h.e.j.e.i.JdbcEnvironmentInitiator [restartedMain] HHH10001005: Database info:
	Database JDBC URL [Connecting through datasource 'HikariDataSource (HikariPool-9)']
	Database driver: undefined/unknown
	Database version: 8.0.44
	Autocommit mode: undefined/unknown
	Isolation level: undefined/unknown
	Minimum pool size: undefined/unknown
	Maximum pool size: undefined/unknown
2025-12-16 15:00:30,064 INFO o.h.e.t.j.p.i.JtaPlatformInitiator [restartedMain] HHH000489: No JTA platform available (set 'hibernate.transaction.jta.platform' to enable JTA platform integration)
2025-12-16 15:00:30,076 INFO o.s.o.j.AbstractEntityManagerFactoryBean [restartedMain] Initialized JPA EntityManagerFactory for persistence unit 'mysqlPU'
2025-12-16 15:00:30,082 INFO c.z.h.HikariDataSource [restartedMain] HikariPool-10 - Starting...
2025-12-16 15:00:30,097 INFO c.z.h.p.HikariPool [restartedMain] HikariPool-10 - Added connection org.postgresql.jdbc.PgConnection@7184d7f
2025-12-16 15:00:30,097 INFO c.z.h.HikariDataSource [restartedMain] HikariPool-10 - Start completed.
2025-12-16 15:00:30,098 INFO o.h.j.i.u.LogHelper [restartedMain] HHH000204: Processing PersistenceUnitInfo [name: postgresPU]
2025-12-16 15:00:30,099 INFO o.h.c.i.RegionFactoryInitiator [restartedMain] HHH000026: Second-level cache disabled
2025-12-16 15:00:30,102 INFO o.s.o.j.p.SpringPersistenceUnitInfo [restartedMain] No LoadTimeWeaver setup: ignoring JPA class transformer
2025-12-16 15:00:30,106 WARN o.h.e.j.d.i.DialectFactoryImpl [restartedMain] HHH90000025: PostgreSQLDialect does not need to be specified explicitly using 'hibernate.dialect' (remove the property setting and it will be selected by default)
2025-12-16 15:00:30,107 INFO o.h.e.j.e.i.JdbcEnvironmentInitiator [restartedMain] HHH10001005: Database info:
	Database JDBC URL [Connecting through datasource 'HikariDataSource (HikariPool-10)']
	Database driver: undefined/unknown
	Database version: 14.20
	Autocommit mode: undefined/unknown
	Isolation level: undefined/unknown
	Minimum pool size: undefined/unknown
	Maximum pool size: undefined/unknown
2025-12-16 15:00:30,122 INFO o.h.e.t.j.p.i.JtaPlatformInitiator [restartedMain] HHH000489: No JTA platform available (set 'hibernate.transaction.jta.platform' to enable JTA platform integration)
2025-12-16 15:00:30,130 INFO o.s.o.j.AbstractEntityManagerFactoryBean [restartedMain] Initialized JPA EntityManagerFactory for persistence unit 'postgresPU'
2025-12-16 15:00:30,163 INFO o.s.w.s.s.SaajSoapMessageFactory [restartedMain] Creating SAAJ 1.3 MessageFactory with SOAP 1.1 Protocol
2025-12-16 15:00:30,213 WARN o.s.b.a.o.j.JpaBaseConfiguration$JpaWebConfiguration [restartedMain] spring.jpa.open-in-view is enabled by default. Therefore, database queries may be performed during view rendering. Explicitly configure spring.jpa.open-in-view to disable this warning
2025-12-16 15:00:30,257 INFO o.s.v.b.OptionalValidatorFactoryBean [restartedMain] Failed to set up a Bean Validation provider: jakarta.validation.NoProviderFoundException: Unable to create a Configuration, because no Jakarta Bean Validation provider could be found. Add a provider like Hibernate Validator (RI) to your classpath.
2025-12-16 15:00:30,299 INFO o.s.w.s.a.s.AbstractAddressingEndpointMapping [restartedMain] Supporting [WS-Addressing August 2004, WS-Addressing 1.0]
2025-12-16 15:00:30,304 INFO o.s.b.d.a.OptionalLiveReloadServer [restartedMain] LiveReload server is running on port 35729
2025-12-16 15:00:30,308 INFO o.s.c.l.CompositeLog [restartedMain] Starting...
2025-12-16 15:00:30,308 INFO o.s.c.l.CompositeLog [restartedMain] BrokerAvailabilityEvent[available=true, SimpleBrokerMessageHandler [org.springframework.messaging.simp.broker.DefaultSubscriptionRegistry@2b29e4f]]
2025-12-16 15:00:30,308 INFO o.s.c.l.CompositeLog [restartedMain] Started.
2025-12-16 15:00:30,308 INFO o.a.j.l.DirectJDKLog [restartedMain] Starting ProtocolHandler ["http-nio-8090"]
2025-12-16 15:00:30,309 INFO o.s.b.w.e.t.TomcatWebServer [restartedMain] Tomcat started on port 8090 (http) with context path '/'
2025-12-16 15:00:30,310 INFO o.s.a.r.c.AbstractConnectionFactory [restartedMain] Attempting to connect to: [localhost:5672]
2025-12-16 15:00:30,316 INFO o.s.a.r.c.AbstractConnectionFactory [restartedMain] Created new connection: rabbitConnectionFactory#3c83c7b9:0/SimpleConnection@33699ca0 [delegate=amqp://guest@127.0.0.1:5672/, localPort=34178]
2025-12-16 15:00:30,323 INFO c.e.a.s.NotificationService [MessageBroker-1] ⏰ [Scheduler] Báo cáo hệ thống lúc: 2025-12-16T15:00:30.323153817 - Bởi: MessageBroker-1
2025-12-16 15:00:30,323 INFO o.s.b.StartupInfoLogger [restartedMain] Started AdvancedApplication in 0.487 seconds (process running for 211.649)
2025-12-16 15:00:30,324 INFO o.s.b.d.a.ConditionEvaluationDeltaLoggingListener [restartedMain] Condition evaluation unchanged
2025-12-16 15:00:37,720 INFO o.s.b.d.a.LocalDevToolsAutoConfiguration$RestartingClassPathChangeChangedEventListener [File Watcher] Restarting due to 1 class path change (1 addition, 0 deletions, 0 modifications)
2025-12-16 15:00:37,724 INFO o.s.a.r.l.SimpleMessageListenerContainer [org.springframework.amqp.rabbit.RabbitListenerEndpointContainer#0-2] Waiting for workers to finish.
2025-12-16 15:00:38,322 INFO o.s.a.r.l.SimpleMessageListenerContainer [org.springframework.amqp.rabbit.RabbitListenerEndpointContainer#0-2] Successfully waited for workers to finish.
2025-12-16 15:00:38,322 INFO o.s.b.w.e.t.GracefulShutdown [Thread-19] Commencing graceful shutdown. Waiting for active requests to complete
2025-12-16 15:00:38,324 INFO o.a.j.l.DirectJDKLog [tomcat-shutdown] Pausing ProtocolHandler ["http-nio-8090"]
2025-12-16 15:00:38,326 INFO o.s.b.w.e.t.GracefulShutdown [tomcat-shutdown] Graceful shutdown complete
2025-12-16 15:00:38,326 INFO o.a.j.l.DirectJDKLog [Thread-19] Stopping ProtocolHandler ["http-nio-8090"]
2025-12-16 15:00:38,328 INFO o.s.c.l.CompositeLog [Thread-19] Stopping...
2025-12-16 15:00:38,328 INFO o.s.c.l.CompositeLog [Thread-19] BrokerAvailabilityEvent[available=false, SimpleBrokerMessageHandler [org.springframework.messaging.simp.broker.DefaultSubscriptionRegistry@2b29e4f]]
2025-12-16 15:00:38,328 INFO o.s.c.l.CompositeLog [Thread-19] Stopped.
2025-12-16 15:00:38,334 INFO o.s.o.j.AbstractEntityManagerFactoryBean [Thread-19] Closing JPA EntityManagerFactory for persistence unit 'postgresPU'
2025-12-16 15:00:38,335 INFO c.z.h.HikariDataSource [Thread-19] HikariPool-10 - Shutdown initiated...
2025-12-16 15:00:38,339 INFO c.z.h.HikariDataSource [Thread-19] HikariPool-10 - Shutdown completed.
2025-12-16 15:00:38,339 INFO o.s.o.j.AbstractEntityManagerFactoryBean [Thread-19] Closing JPA EntityManagerFactory for persistence unit 'mysqlPU'
2025-12-16 15:00:38,340 INFO c.z.h.HikariDataSource [Thread-19] HikariPool-9 - Shutdown initiated...
2025-12-16 15:00:38,342 INFO c.z.h.HikariDataSource [Thread-19] HikariPool-9 - Shutdown completed.
2025-12-16 15:00:38,420 INFO o.s.b.StartupInfoLogger [restartedMain] Starting AdvancedApplication using Java 21.0.8 with PID 103324 (/home/cao.thanh.sang@sun-asterisk.com/Downloads/advanced/target/classes started by cao.thanh.sang@sun-asterisk.com in /home/cao.thanh.sang@sun-asterisk.com/Downloads/advanced)
2025-12-16 15:00:38,420 DEBUG o.s.b.StartupInfoLogger [restartedMain] Running with Spring Boot v3.5.8, Spring v6.2.14
2025-12-16 15:00:38,420 INFO o.s.b.SpringApplication [restartedMain] No active profile set, falling back to 1 default profile: "default"
2025-12-16 15:00:38,484 INFO o.s.d.r.c.RepositoryConfigurationDelegate [restartedMain] Bootstrapping Spring Data JPA repositories in DEFAULT mode.
2025-12-16 15:00:38,486 INFO o.s.d.r.c.RepositoryConfigurationDelegate [restartedMain] Finished Spring Data repository scanning in 1 ms. Found 1 JPA repository interface.
2025-12-16 15:00:38,487 INFO o.s.d.r.c.RepositoryConfigurationDelegate [restartedMain] Bootstrapping Spring Data JPA repositories in DEFAULT mode.
2025-12-16 15:00:38,488 INFO o.s.d.r.c.RepositoryConfigurationDelegate [restartedMain] Finished Spring Data repository scanning in 1 ms. Found 1 JPA repository interface.
2025-12-16 15:00:38,558 INFO o.s.b.w.e.t.TomcatWebServer [restartedMain] Tomcat initialized with port 8090 (http)
2025-12-16 15:00:38,558 INFO o.a.j.l.DirectJDKLog [restartedMain] Initializing ProtocolHandler ["http-nio-8090"]
2025-12-16 15:00:38,559 INFO o.a.j.l.DirectJDKLog [restartedMain] Starting service [Tomcat]
2025-12-16 15:00:38,559 INFO o.a.j.l.DirectJDKLog [restartedMain] Starting Servlet engine: [Apache Tomcat/10.1.49]
2025-12-16 15:00:38,563 INFO o.a.j.l.DirectJDKLog [restartedMain] Initializing Spring embedded WebApplicationContext
2025-12-16 15:00:38,564 INFO o.s.b.w.s.c.ServletWebServerApplicationContext [restartedMain] Root WebApplicationContext: initialization completed in 142 ms
2025-12-16 15:00:38,578 INFO c.z.h.HikariDataSource [restartedMain] HikariPool-11 - Starting...
2025-12-16 15:00:38,582 INFO c.z.h.p.HikariPool [restartedMain] HikariPool-11 - Added connection com.mysql.cj.jdbc.ConnectionImpl@73254630
2025-12-16 15:00:38,582 INFO c.z.h.HikariDataSource [restartedMain] HikariPool-11 - Start completed.
2025-12-16 15:00:38,583 INFO o.h.j.i.u.LogHelper [restartedMain] HHH000204: Processing PersistenceUnitInfo [name: mysqlPU]
2025-12-16 15:00:38,585 INFO o.h.c.i.RegionFactoryInitiator [restartedMain] HHH000026: Second-level cache disabled
2025-12-16 15:00:38,590 INFO o.s.o.j.p.SpringPersistenceUnitInfo [restartedMain] No LoadTimeWeaver setup: ignoring JPA class transformer
2025-12-16 15:00:38,591 WARN o.h.e.j.d.i.DialectFactoryImpl [restartedMain] HHH90000025: MySQLDialect does not need to be specified explicitly using 'hibernate.dialect' (remove the property setting and it will be selected by default)
2025-12-16 15:00:38,591 INFO o.h.e.j.e.i.JdbcEnvironmentInitiator [restartedMain] HHH10001005: Database info:
	Database JDBC URL [Connecting through datasource 'HikariDataSource (HikariPool-11)']
	Database driver: undefined/unknown
	Database version: 8.0.44
	Autocommit mode: undefined/unknown
	Isolation level: undefined/unknown
	Minimum pool size: undefined/unknown
	Maximum pool size: undefined/unknown
2025-12-16 15:00:38,606 INFO o.h.e.t.j.p.i.JtaPlatformInitiator [restartedMain] HHH000489: No JTA platform available (set 'hibernate.transaction.jta.platform' to enable JTA platform integration)
2025-12-16 15:00:38,611 INFO o.s.o.j.AbstractEntityManagerFactoryBean [restartedMain] Initialized JPA EntityManagerFactory for persistence unit 'mysqlPU'
2025-12-16 15:00:38,616 INFO c.z.h.HikariDataSource [restartedMain] HikariPool-12 - Starting...
2025-12-16 15:00:38,626 INFO c.z.h.p.HikariPool [restartedMain] HikariPool-12 - Added connection org.postgresql.jdbc.PgConnection@7d089464
2025-12-16 15:00:38,626 INFO c.z.h.HikariDataSource [restartedMain] HikariPool-12 - Start completed.
2025-12-16 15:00:38,626 INFO o.h.j.i.u.LogHelper [restartedMain] HHH000204: Processing PersistenceUnitInfo [name: postgresPU]
2025-12-16 15:00:38,627 INFO o.h.c.i.RegionFactoryInitiator [restartedMain] HHH000026: Second-level cache disabled
2025-12-16 15:00:38,630 INFO o.s.o.j.p.SpringPersistenceUnitInfo [restartedMain] No LoadTimeWeaver setup: ignoring JPA class transformer
2025-12-16 15:00:38,633 WARN o.h.e.j.d.i.DialectFactoryImpl [restartedMain] HHH90000025: PostgreSQLDialect does not need to be specified explicitly using 'hibernate.dialect' (remove the property setting and it will be selected by default)
2025-12-16 15:00:38,634 INFO o.h.e.j.e.i.JdbcEnvironmentInitiator [restartedMain] HHH10001005: Database info:
	Database JDBC URL [Connecting through datasource 'HikariDataSource (HikariPool-12)']
	Database driver: undefined/unknown
	Database version: 14.20
	Autocommit mode: undefined/unknown
	Isolation level: undefined/unknown
	Minimum pool size: undefined/unknown
	Maximum pool size: undefined/unknown
2025-12-16 15:00:38,647 INFO o.h.e.t.j.p.i.JtaPlatformInitiator [restartedMain] HHH000489: No JTA platform available (set 'hibernate.transaction.jta.platform' to enable JTA platform integration)
2025-12-16 15:00:38,658 INFO o.s.o.j.AbstractEntityManagerFactoryBean [restartedMain] Initialized JPA EntityManagerFactory for persistence unit 'postgresPU'
2025-12-16 15:00:38,720 INFO o.s.w.s.s.SaajSoapMessageFactory [restartedMain] Creating SAAJ 1.3 MessageFactory with SOAP 1.1 Protocol
2025-12-16 15:00:38,767 WARN o.s.b.a.o.j.JpaBaseConfiguration$JpaWebConfiguration [restartedMain] spring.jpa.open-in-view is enabled by default. Therefore, database queries may be performed during view rendering. Explicitly configure spring.jpa.open-in-view to disable this warning
2025-12-16 15:00:38,811 INFO o.s.v.b.OptionalValidatorFactoryBean [restartedMain] Failed to set up a Bean Validation provider: jakarta.validation.NoProviderFoundException: Unable to create a Configuration, because no Jakarta Bean Validation provider could be found. Add a provider like Hibernate Validator (RI) to your classpath.
2025-12-16 15:00:38,851 INFO o.s.w.s.a.s.AbstractAddressingEndpointMapping [restartedMain] Supporting [WS-Addressing August 2004, WS-Addressing 1.0]
2025-12-16 15:00:38,855 INFO o.s.b.d.a.OptionalLiveReloadServer [restartedMain] LiveReload server is running on port 35729
2025-12-16 15:00:38,859 INFO o.s.c.l.CompositeLog [restartedMain] Starting...
2025-12-16 15:00:38,859 INFO o.s.c.l.CompositeLog [restartedMain] BrokerAvailabilityEvent[available=true, SimpleBrokerMessageHandler [org.springframework.messaging.simp.broker.DefaultSubscriptionRegistry@7551641d]]
2025-12-16 15:00:38,859 INFO o.s.c.l.CompositeLog [restartedMain] Started.
2025-12-16 15:00:38,859 INFO o.a.j.l.DirectJDKLog [restartedMain] Starting ProtocolHandler ["http-nio-8090"]
2025-12-16 15:00:38,860 INFO o.s.b.w.e.t.TomcatWebServer [restartedMain] Tomcat started on port 8090 (http) with context path '/'
2025-12-16 15:00:38,860 INFO o.s.a.r.c.AbstractConnectionFactory [restartedMain] Attempting to connect to: [localhost:5672]
2025-12-16 15:00:38,866 INFO o.s.a.r.c.AbstractConnectionFactory [restartedMain] Created new connection: rabbitConnectionFactory#63116d70:0/SimpleConnection@273ed834 [delegate=amqp://guest@127.0.0.1:5672/, localPort=49760]
2025-12-16 15:00:38,873 INFO c.e.a.s.NotificationService [MessageBroker-1] ⏰ [Scheduler] Báo cáo hệ thống lúc: 2025-12-16T15:00:38.873682132 - Bởi: MessageBroker-1
2025-12-16 15:00:38,874 INFO o.s.b.StartupInfoLogger [restartedMain] Started AdvancedApplication in 0.473 seconds (process running for 220.199)
2025-12-16 15:00:38,874 INFO o.s.b.d.a.ConditionEvaluationDeltaLoggingListener [restartedMain] Condition evaluation unchanged
2025-12-16 15:00:41,262 INFO o.s.b.d.a.LocalDevToolsAutoConfiguration$RestartingClassPathChangeChangedEventListener [File Watcher] Restarting due to 1 class path change (0 additions, 0 deletions, 1 modification)
2025-12-16 15:00:41,266 INFO o.s.a.r.l.SimpleMessageListenerContainer [org.springframework.amqp.rabbit.RabbitListenerEndpointContainer#0-2] Waiting for workers to finish.
2025-12-16 15:00:41,871 INFO o.s.a.r.l.SimpleMessageListenerContainer [org.springframework.amqp.rabbit.RabbitListenerEndpointContainer#0-2] Successfully waited for workers to finish.
2025-12-16 15:00:41,872 INFO o.s.b.w.e.t.GracefulShutdown [Thread-23] Commencing graceful shutdown. Waiting for active requests to complete
2025-12-16 15:00:41,873 INFO o.a.j.l.DirectJDKLog [tomcat-shutdown] Pausing ProtocolHandler ["http-nio-8090"]
2025-12-16 15:00:41,874 INFO o.s.b.w.e.t.GracefulShutdown [tomcat-shutdown] Graceful shutdown complete
2025-12-16 15:00:41,875 INFO o.a.j.l.DirectJDKLog [Thread-23] Stopping ProtocolHandler ["http-nio-8090"]
2025-12-16 15:00:41,876 INFO o.s.c.l.CompositeLog [Thread-23] Stopping...
2025-12-16 15:00:41,876 INFO o.s.c.l.CompositeLog [Thread-23] BrokerAvailabilityEvent[available=false, SimpleBrokerMessageHandler [org.springframework.messaging.simp.broker.DefaultSubscriptionRegistry@7551641d]]
2025-12-16 15:00:41,877 INFO o.s.c.l.CompositeLog [Thread-23] Stopped.
2025-12-16 15:00:41,879 INFO o.s.o.j.AbstractEntityManagerFactoryBean [Thread-23] Closing JPA EntityManagerFactory for persistence unit 'postgresPU'
2025-12-16 15:00:41,880 INFO c.z.h.HikariDataSource [Thread-23] HikariPool-12 - Shutdown initiated...
2025-12-16 15:00:41,884 INFO c.z.h.HikariDataSource [Thread-23] HikariPool-12 - Shutdown completed.
2025-12-16 15:00:41,884 INFO o.s.o.j.AbstractEntityManagerFactoryBean [Thread-23] Closing JPA EntityManagerFactory for persistence unit 'mysqlPU'
2025-12-16 15:00:41,884 INFO c.z.h.HikariDataSource [Thread-23] HikariPool-11 - Shutdown initiated...
2025-12-16 15:00:41,887 INFO c.z.h.HikariDataSource [Thread-23] HikariPool-11 - Shutdown completed.
2025-12-16 15:00:41,946 INFO o.s.b.StartupInfoLogger [restartedMain] Starting AdvancedApplication using Java 21.0.8 with PID 103324 (/home/cao.thanh.sang@sun-asterisk.com/Downloads/advanced/target/classes started by cao.thanh.sang@sun-asterisk.com in /home/cao.thanh.sang@sun-asterisk.com/Downloads/advanced)
2025-12-16 15:00:41,946 DEBUG o.s.b.StartupInfoLogger [restartedMain] Running with Spring Boot v3.5.8, Spring v6.2.14
2025-12-16 15:00:41,946 INFO o.s.b.SpringApplication [restartedMain] No active profile set, falling back to 1 default profile: "default"
2025-12-16 15:00:41,992 INFO o.s.d.r.c.RepositoryConfigurationDelegate [restartedMain] Bootstrapping Spring Data JPA repositories in DEFAULT mode.
2025-12-16 15:00:41,994 INFO o.s.d.r.c.RepositoryConfigurationDelegate [restartedMain] Finished Spring Data repository scanning in 1 ms. Found 1 JPA repository interface.
2025-12-16 15:00:41,995 INFO o.s.d.r.c.RepositoryConfigurationDelegate [restartedMain] Bootstrapping Spring Data JPA repositories in DEFAULT mode.
2025-12-16 15:00:41,996 INFO o.s.d.r.c.RepositoryConfigurationDelegate [restartedMain] Finished Spring Data repository scanning in 0 ms. Found 1 JPA repository interface.
2025-12-16 15:00:42,055 INFO o.s.b.w.e.t.TomcatWebServer [restartedMain] Tomcat initialized with port 8090 (http)
2025-12-16 15:00:42,056 INFO o.a.j.l.DirectJDKLog [restartedMain] Initializing ProtocolHandler ["http-nio-8090"]
2025-12-16 15:00:42,056 INFO o.a.j.l.DirectJDKLog [restartedMain] Starting service [Tomcat]
2025-12-16 15:00:42,056 INFO o.a.j.l.DirectJDKLog [restartedMain] Starting Servlet engine: [Apache Tomcat/10.1.49]
2025-12-16 15:00:42,061 INFO o.a.j.l.DirectJDKLog [restartedMain] Initializing Spring embedded WebApplicationContext
2025-12-16 15:00:42,061 INFO o.s.b.w.s.c.ServletWebServerApplicationContext [restartedMain] Root WebApplicationContext: initialization completed in 114 ms
2025-12-16 15:00:42,075 INFO c.z.h.HikariDataSource [restartedMain] HikariPool-13 - Starting...
2025-12-16 15:00:42,079 INFO c.z.h.p.HikariPool [restartedMain] HikariPool-13 - Added connection com.mysql.cj.jdbc.ConnectionImpl@6484d59
2025-12-16 15:00:42,079 INFO c.z.h.HikariDataSource [restartedMain] HikariPool-13 - Start completed.
2025-12-16 15:00:42,080 INFO o.h.j.i.u.LogHelper [restartedMain] HHH000204: Processing PersistenceUnitInfo [name: mysqlPU]
2025-12-16 15:00:42,082 INFO o.h.c.i.RegionFactoryInitiator [restartedMain] HHH000026: Second-level cache disabled
2025-12-16 15:00:42,086 INFO o.s.o.j.p.SpringPersistenceUnitInfo [restartedMain] No LoadTimeWeaver setup: ignoring JPA class transformer
2025-12-16 15:00:42,087 WARN o.h.e.j.d.i.DialectFactoryImpl [restartedMain] HHH90000025: MySQLDialect does not need to be specified explicitly using 'hibernate.dialect' (remove the property setting and it will be selected by default)
2025-12-16 15:00:42,087 INFO o.h.e.j.e.i.JdbcEnvironmentInitiator [restartedMain] HHH10001005: Database info:
	Database JDBC URL [Connecting through datasource 'HikariDataSource (HikariPool-13)']
	Database driver: undefined/unknown
	Database version: 8.0.44
	Autocommit mode: undefined/unknown
	Isolation level: undefined/unknown
	Minimum pool size: undefined/unknown
	Maximum pool size: undefined/unknown
2025-12-16 15:00:42,102 INFO o.h.e.t.j.p.i.JtaPlatformInitiator [restartedMain] HHH000489: No JTA platform available (set 'hibernate.transaction.jta.platform' to enable JTA platform integration)
2025-12-16 15:00:42,107 INFO o.s.o.j.AbstractEntityManagerFactoryBean [restartedMain] Initialized JPA EntityManagerFactory for persistence unit 'mysqlPU'
2025-12-16 15:00:42,112 INFO c.z.h.HikariDataSource [restartedMain] HikariPool-14 - Starting...
2025-12-16 15:00:42,123 INFO c.z.h.p.HikariPool [restartedMain] HikariPool-14 - Added connection org.postgresql.jdbc.PgConnection@14f8ec0d
2025-12-16 15:00:42,123 INFO c.z.h.HikariDataSource [restartedMain] HikariPool-14 - Start completed.
2025-12-16 15:00:42,124 INFO o.h.j.i.u.LogHelper [restartedMain] HHH000204: Processing PersistenceUnitInfo [name: postgresPU]
2025-12-16 15:00:42,125 INFO o.h.c.i.RegionFactoryInitiator [restartedMain] HHH000026: Second-level cache disabled
2025-12-16 15:00:42,128 INFO o.s.o.j.p.SpringPersistenceUnitInfo [restartedMain] No LoadTimeWeaver setup: ignoring JPA class transformer
2025-12-16 15:00:42,132 WARN o.h.e.j.d.i.DialectFactoryImpl [restartedMain] HHH90000025: PostgreSQLDialect does not need to be specified explicitly using 'hibernate.dialect' (remove the property setting and it will be selected by default)
2025-12-16 15:00:42,133 INFO o.h.e.j.e.i.JdbcEnvironmentInitiator [restartedMain] HHH10001005: Database info:
	Database JDBC URL [Connecting through datasource 'HikariDataSource (HikariPool-14)']
	Database driver: undefined/unknown
	Database version: 14.20
	Autocommit mode: undefined/unknown
	Isolation level: undefined/unknown
	Minimum pool size: undefined/unknown
	Maximum pool size: undefined/unknown
2025-12-16 15:00:42,146 INFO o.h.e.t.j.p.i.JtaPlatformInitiator [restartedMain] HHH000489: No JTA platform available (set 'hibernate.transaction.jta.platform' to enable JTA platform integration)
2025-12-16 15:00:42,152 INFO o.s.o.j.AbstractEntityManagerFactoryBean [restartedMain] Initialized JPA EntityManagerFactory for persistence unit 'postgresPU'
2025-12-16 15:00:42,188 INFO o.s.w.s.s.SaajSoapMessageFactory [restartedMain] Creating SAAJ 1.3 MessageFactory with SOAP 1.1 Protocol
2025-12-16 15:00:42,243 WARN o.s.b.a.o.j.JpaBaseConfiguration$JpaWebConfiguration [restartedMain] spring.jpa.open-in-view is enabled by default. Therefore, database queries may be performed during view rendering. Explicitly configure spring.jpa.open-in-view to disable this warning
2025-12-16 15:00:42,295 INFO o.s.v.b.OptionalValidatorFactoryBean [restartedMain] Failed to set up a Bean Validation provider: jakarta.validation.NoProviderFoundException: Unable to create a Configuration, because no Jakarta Bean Validation provider could be found. Add a provider like Hibernate Validator (RI) to your classpath.
2025-12-16 15:00:42,333 INFO o.s.w.s.a.s.AbstractAddressingEndpointMapping [restartedMain] Supporting [WS-Addressing August 2004, WS-Addressing 1.0]
2025-12-16 15:00:42,337 INFO o.s.b.d.a.OptionalLiveReloadServer [restartedMain] LiveReload server is running on port 35729
2025-12-16 15:00:42,341 INFO o.s.c.l.CompositeLog [restartedMain] Starting...
2025-12-16 15:00:42,341 INFO o.s.c.l.CompositeLog [restartedMain] BrokerAvailabilityEvent[available=true, SimpleBrokerMessageHandler [org.springframework.messaging.simp.broker.DefaultSubscriptionRegistry@40b67749]]
2025-12-16 15:00:42,341 INFO o.s.c.l.CompositeLog [restartedMain] Started.
2025-12-16 15:00:42,341 INFO o.a.j.l.DirectJDKLog [restartedMain] Starting ProtocolHandler ["http-nio-8090"]
2025-12-16 15:00:42,342 INFO o.s.b.w.e.t.TomcatWebServer [restartedMain] Tomcat started on port 8090 (http) with context path '/'
2025-12-16 15:00:42,342 INFO o.s.a.r.c.AbstractConnectionFactory [restartedMain] Attempting to connect to: [localhost:5672]
2025-12-16 15:00:42,345 INFO o.s.a.r.c.AbstractConnectionFactory [restartedMain] Created new connection: rabbitConnectionFactory#65a8982f:0/SimpleConnection@777d6d8d [delegate=amqp://guest@127.0.0.1:5672/, localPort=49776]
2025-12-16 15:00:42,349 INFO o.s.b.StartupInfoLogger [restartedMain] Started AdvancedApplication in 0.414 seconds (process running for 223.675)
2025-12-16 15:00:42,349 INFO c.e.a.s.NotificationService [MessageBroker-1] ⏰ [Scheduler] Báo cáo hệ thống lúc: 2025-12-16T15:00:42.349700535 - Bởi: MessageBroker-1
2025-12-16 15:00:42,350 INFO o.s.b.d.a.ConditionEvaluationDeltaLoggingListener [restartedMain] Condition evaluation unchanged
2025-12-16 15:01:08,794 INFO o.s.b.d.a.LocalDevToolsAutoConfiguration$RestartingClassPathChangeChangedEventListener [File Watcher] Restarting due to 2 class path changes (0 additions, 0 deletions, 2 modifications)
2025-12-16 15:01:08,799 INFO o.s.a.r.l.SimpleMessageListenerContainer [org.springframework.amqp.rabbit.RabbitListenerEndpointContainer#0-2] Waiting for workers to finish.
2025-12-16 15:01:09,353 INFO o.s.a.r.l.SimpleMessageListenerContainer [org.springframework.amqp.rabbit.RabbitListenerEndpointContainer#0-2] Successfully waited for workers to finish.
2025-12-16 15:01:09,354 INFO o.s.b.w.e.t.GracefulShutdown [Thread-27] Commencing graceful shutdown. Waiting for active requests to complete
2025-12-16 15:01:09,355 INFO o.a.j.l.DirectJDKLog [tomcat-shutdown] Pausing ProtocolHandler ["http-nio-8090"]
2025-12-16 15:01:09,357 INFO o.s.b.w.e.t.GracefulShutdown [tomcat-shutdown] Graceful shutdown complete
2025-12-16 15:01:09,357 INFO o.a.j.l.DirectJDKLog [Thread-27] Stopping ProtocolHandler ["http-nio-8090"]
2025-12-16 15:01:09,359 INFO o.s.c.l.CompositeLog [Thread-27] Stopping...
2025-12-16 15:01:09,359 INFO o.s.c.l.CompositeLog [Thread-27] BrokerAvailabilityEvent[available=false, SimpleBrokerMessageHandler [org.springframework.messaging.simp.broker.DefaultSubscriptionRegistry@40b67749]]
2025-12-16 15:01:09,359 INFO o.s.c.l.CompositeLog [Thread-27] Stopped.
2025-12-16 15:01:09,361 INFO o.s.o.j.AbstractEntityManagerFactoryBean [Thread-27] Closing JPA EntityManagerFactory for persistence unit 'postgresPU'
2025-12-16 15:01:09,361 INFO c.z.h.HikariDataSource [Thread-27] HikariPool-14 - Shutdown initiated...
2025-12-16 15:01:09,364 INFO c.z.h.HikariDataSource [Thread-27] HikariPool-14 - Shutdown completed.
2025-12-16 15:01:09,364 INFO o.s.o.j.AbstractEntityManagerFactoryBean [Thread-27] Closing JPA EntityManagerFactory for persistence unit 'mysqlPU'
2025-12-16 15:01:09,365 INFO c.z.h.HikariDataSource [Thread-27] HikariPool-13 - Shutdown initiated...
2025-12-16 15:01:09,366 INFO c.z.h.HikariDataSource [Thread-27] HikariPool-13 - Shutdown completed.
2025-12-16 15:01:09,441 INFO o.s.b.StartupInfoLogger [restartedMain] Starting AdvancedApplication using Java 21.0.8 with PID 103324 (/home/cao.thanh.sang@sun-asterisk.com/Downloads/advanced/target/classes started by cao.thanh.sang@sun-asterisk.com in /home/cao.thanh.sang@sun-asterisk.com/Downloads/advanced)
2025-12-16 15:01:09,441 DEBUG o.s.b.StartupInfoLogger [restartedMain] Running with Spring Boot v3.5.8, Spring v6.2.14
2025-12-16 15:01:09,441 INFO o.s.b.SpringApplication [restartedMain] No active profile set, falling back to 1 default profile: "default"
2025-12-16 15:01:09,490 INFO o.s.d.r.c.RepositoryConfigurationDelegate [restartedMain] Bootstrapping Spring Data JPA repositories in DEFAULT mode.
2025-12-16 15:01:09,492 INFO o.s.d.r.c.RepositoryConfigurationDelegate [restartedMain] Finished Spring Data repository scanning in 1 ms. Found 1 JPA repository interface.
2025-12-16 15:01:09,492 INFO o.s.d.r.c.RepositoryConfigurationDelegate [restartedMain] Bootstrapping Spring Data JPA repositories in DEFAULT mode.
2025-12-16 15:01:09,493 INFO o.s.d.r.c.RepositoryConfigurationDelegate [restartedMain] Finished Spring Data repository scanning in 1 ms. Found 1 JPA repository interface.
2025-12-16 15:01:09,555 INFO o.s.b.w.e.t.TomcatWebServer [restartedMain] Tomcat initialized with port 8090 (http)
2025-12-16 15:01:09,555 INFO o.a.j.l.DirectJDKLog [restartedMain] Initializing ProtocolHandler ["http-nio-8090"]
2025-12-16 15:01:09,556 INFO o.a.j.l.DirectJDKLog [restartedMain] Starting service [Tomcat]
2025-12-16 15:01:09,556 INFO o.a.j.l.DirectJDKLog [restartedMain] Starting Servlet engine: [Apache Tomcat/10.1.49]
2025-12-16 15:01:09,561 INFO o.a.j.l.DirectJDKLog [restartedMain] Initializing Spring embedded WebApplicationContext
2025-12-16 15:01:09,561 INFO o.s.b.w.s.c.ServletWebServerApplicationContext [restartedMain] Root WebApplicationContext: initialization completed in 119 ms
2025-12-16 15:01:09,576 INFO c.z.h.HikariDataSource [restartedMain] HikariPool-15 - Starting...
2025-12-16 15:01:09,579 INFO c.z.h.p.HikariPool [restartedMain] HikariPool-15 - Added connection com.mysql.cj.jdbc.ConnectionImpl@5f2d8908
2025-12-16 15:01:09,579 INFO c.z.h.HikariDataSource [restartedMain] HikariPool-15 - Start completed.
2025-12-16 15:01:09,580 INFO o.h.j.i.u.LogHelper [restartedMain] HHH000204: Processing PersistenceUnitInfo [name: mysqlPU]
2025-12-16 15:01:09,580 INFO o.h.c.i.RegionFactoryInitiator [restartedMain] HHH000026: Second-level cache disabled
2025-12-16 15:01:09,583 INFO o.s.o.j.p.SpringPersistenceUnitInfo [restartedMain] No LoadTimeWeaver setup: ignoring JPA class transformer
2025-12-16 15:01:09,584 WARN o.h.e.j.d.i.DialectFactoryImpl [restartedMain] HHH90000025: MySQLDialect does not need to be specified explicitly using 'hibernate.dialect' (remove the property setting and it will be selected by default)
2025-12-16 15:01:09,585 INFO o.h.e.j.e.i.JdbcEnvironmentInitiator [restartedMain] HHH10001005: Database info:
	Database JDBC URL [Connecting through datasource 'HikariDataSource (HikariPool-15)']
	Database driver: undefined/unknown
	Database version: 8.0.44
	Autocommit mode: undefined/unknown
	Isolation level: undefined/unknown
	Minimum pool size: undefined/unknown
	Maximum pool size: undefined/unknown
2025-12-16 15:01:09,599 INFO o.h.e.t.j.p.i.JtaPlatformInitiator [restartedMain] HHH000489: No JTA platform available (set 'hibernate.transaction.jta.platform' to enable JTA platform integration)
2025-12-16 15:01:09,604 INFO o.s.o.j.AbstractEntityManagerFactoryBean [restartedMain] Initialized JPA EntityManagerFactory for persistence unit 'mysqlPU'
2025-12-16 15:01:09,609 INFO c.z.h.HikariDataSource [restartedMain] HikariPool-16 - Starting...
2025-12-16 15:01:09,622 INFO c.z.h.p.HikariPool [restartedMain] HikariPool-16 - Added connection org.postgresql.jdbc.PgConnection@4f2c75be
2025-12-16 15:01:09,622 INFO c.z.h.HikariDataSource [restartedMain] HikariPool-16 - Start completed.
2025-12-16 15:01:09,623 INFO o.h.j.i.u.LogHelper [restartedMain] HHH000204: Processing PersistenceUnitInfo [name: postgresPU]
2025-12-16 15:01:09,624 INFO o.h.c.i.RegionFactoryInitiator [restartedMain] HHH000026: Second-level cache disabled
2025-12-16 15:01:09,629 INFO o.s.o.j.p.SpringPersistenceUnitInfo [restartedMain] No LoadTimeWeaver setup: ignoring JPA class transformer
2025-12-16 15:01:09,634 WARN o.h.e.j.d.i.DialectFactoryImpl [restartedMain] HHH90000025: PostgreSQLDialect does not need to be specified explicitly using 'hibernate.dialect' (remove the property setting and it will be selected by default)
2025-12-16 15:01:09,635 INFO o.h.e.j.e.i.JdbcEnvironmentInitiator [restartedMain] HHH10001005: Database info:
	Database JDBC URL [Connecting through datasource 'HikariDataSource (HikariPool-16)']
	Database driver: undefined/unknown
	Database version: 14.20
	Autocommit mode: undefined/unknown
	Isolation level: undefined/unknown
	Minimum pool size: undefined/unknown
	Maximum pool size: undefined/unknown
2025-12-16 15:01:09,651 INFO o.h.e.t.j.p.i.JtaPlatformInitiator [restartedMain] HHH000489: No JTA platform available (set 'hibernate.transaction.jta.platform' to enable JTA platform integration)
2025-12-16 15:01:09,657 INFO o.s.o.j.AbstractEntityManagerFactoryBean [restartedMain] Initialized JPA EntityManagerFactory for persistence unit 'postgresPU'
2025-12-16 15:01:09,703 INFO o.s.w.s.s.SaajSoapMessageFactory [restartedMain] Creating SAAJ 1.3 MessageFactory with SOAP 1.1 Protocol
2025-12-16 15:01:09,756 WARN o.s.b.a.o.j.JpaBaseConfiguration$JpaWebConfiguration [restartedMain] spring.jpa.open-in-view is enabled by default. Therefore, database queries may be performed during view rendering. Explicitly configure spring.jpa.open-in-view to disable this warning
2025-12-16 15:01:09,798 INFO o.s.v.b.OptionalValidatorFactoryBean [restartedMain] Failed to set up a Bean Validation provider: jakarta.validation.NoProviderFoundException: Unable to create a Configuration, because no Jakarta Bean Validation provider could be found. Add a provider like Hibernate Validator (RI) to your classpath.
2025-12-16 15:01:09,834 INFO o.s.w.s.a.s.AbstractAddressingEndpointMapping [restartedMain] Supporting [WS-Addressing August 2004, WS-Addressing 1.0]
2025-12-16 15:01:09,838 INFO o.s.b.d.a.OptionalLiveReloadServer [restartedMain] LiveReload server is running on port 35729
2025-12-16 15:01:09,842 INFO o.s.c.l.CompositeLog [restartedMain] Starting...
2025-12-16 15:01:09,842 INFO o.s.c.l.CompositeLog [restartedMain] BrokerAvailabilityEvent[available=true, SimpleBrokerMessageHandler [org.springframework.messaging.simp.broker.DefaultSubscriptionRegistry@5bdbd977]]
2025-12-16 15:01:09,842 INFO o.s.c.l.CompositeLog [restartedMain] Started.
2025-12-16 15:01:09,842 INFO o.a.j.l.DirectJDKLog [restartedMain] Starting ProtocolHandler ["http-nio-8090"]
2025-12-16 15:01:09,843 INFO o.s.b.w.e.t.TomcatWebServer [restartedMain] Tomcat started on port 8090 (http) with context path '/'
2025-12-16 15:01:09,843 INFO o.s.a.r.c.AbstractConnectionFactory [restartedMain] Attempting to connect to: [localhost:5672]
2025-12-16 15:01:09,845 INFO o.s.a.r.c.AbstractConnectionFactory [restartedMain] Created new connection: rabbitConnectionFactory#34cb2e03:0/SimpleConnection@665050f [delegate=amqp://guest@127.0.0.1:5672/, localPort=57748]
2025-12-16 15:01:09,850 INFO c.e.a.s.NotificationService [MessageBroker-1] ⏰ [Scheduler] Báo cáo hệ thống lúc: 2025-12-16T15:01:09.850514721 - Bởi: MessageBroker-1
2025-12-16 15:01:09,850 INFO o.s.b.StartupInfoLogger [restartedMain] Started AdvancedApplication in 0.421 seconds (process running for 251.176)
2025-12-16 15:01:09,851 INFO o.s.b.d.a.ConditionEvaluationDeltaLoggingListener [restartedMain] Condition evaluation unchanged
2025-12-16 15:01:31,282 INFO o.s.b.d.a.LocalDevToolsAutoConfiguration$RestartingClassPathChangeChangedEventListener [File Watcher] Restarting due to 1 class path change (0 additions, 0 deletions, 1 modification)
2025-12-16 15:01:31,284 INFO o.s.a.r.l.SimpleMessageListenerContainer [org.springframework.amqp.rabbit.RabbitListenerEndpointContainer#0-2] Waiting for workers to finish.
2025-12-16 15:01:31,853 INFO o.s.a.r.l.SimpleMessageListenerContainer [org.springframework.amqp.rabbit.RabbitListenerEndpointContainer#0-2] Successfully waited for workers to finish.
2025-12-16 15:01:31,854 INFO o.s.b.w.e.t.GracefulShutdown [Thread-31] Commencing graceful shutdown. Waiting for active requests to complete
2025-12-16 15:01:31,855 INFO o.a.j.l.DirectJDKLog [tomcat-shutdown] Pausing ProtocolHandler ["http-nio-8090"]
2025-12-16 15:01:31,857 INFO o.s.b.w.e.t.GracefulShutdown [tomcat-shutdown] Graceful shutdown complete
2025-12-16 15:01:31,858 INFO o.a.j.l.DirectJDKLog [Thread-31] Stopping ProtocolHandler ["http-nio-8090"]
2025-12-16 15:01:31,859 INFO o.s.c.l.CompositeLog [Thread-31] Stopping...
2025-12-16 15:01:31,859 INFO o.s.c.l.CompositeLog [Thread-31] BrokerAvailabilityEvent[available=false, SimpleBrokerMessageHandler [org.springframework.messaging.simp.broker.DefaultSubscriptionRegistry@5bdbd977]]
2025-12-16 15:01:31,860 INFO o.s.c.l.CompositeLog [Thread-31] Stopped.
2025-12-16 15:01:31,863 INFO o.s.o.j.AbstractEntityManagerFactoryBean [Thread-31] Closing JPA EntityManagerFactory for persistence unit 'postgresPU'
2025-12-16 15:01:31,864 INFO c.z.h.HikariDataSource [Thread-31] HikariPool-16 - Shutdown initiated...
2025-12-16 15:01:31,868 INFO c.z.h.HikariDataSource [Thread-31] HikariPool-16 - Shutdown completed.
2025-12-16 15:01:31,868 INFO o.s.o.j.AbstractEntityManagerFactoryBean [Thread-31] Closing JPA EntityManagerFactory for persistence unit 'mysqlPU'
2025-12-16 15:01:31,869 INFO c.z.h.HikariDataSource [Thread-31] HikariPool-15 - Shutdown initiated...
2025-12-16 15:01:31,871 INFO c.z.h.HikariDataSource [Thread-31] HikariPool-15 - Shutdown completed.
2025-12-16 15:01:31,950 INFO o.s.b.StartupInfoLogger [restartedMain] Starting AdvancedApplication using Java 21.0.8 with PID 103324 (/home/cao.thanh.sang@sun-asterisk.com/Downloads/advanced/target/classes started by cao.thanh.sang@sun-asterisk.com in /home/cao.thanh.sang@sun-asterisk.com/Downloads/advanced)
2025-12-16 15:01:31,950 DEBUG o.s.b.StartupInfoLogger [restartedMain] Running with Spring Boot v3.5.8, Spring v6.2.14
2025-12-16 15:01:31,950 INFO o.s.b.SpringApplication [restartedMain] No active profile set, falling back to 1 default profile: "default"
2025-12-16 15:01:31,992 INFO o.s.d.r.c.RepositoryConfigurationDelegate [restartedMain] Bootstrapping Spring Data JPA repositories in DEFAULT mode.
2025-12-16 15:01:31,994 INFO o.s.d.r.c.RepositoryConfigurationDelegate [restartedMain] Finished Spring Data repository scanning in 1 ms. Found 1 JPA repository interface.
2025-12-16 15:01:31,994 INFO o.s.d.r.c.RepositoryConfigurationDelegate [restartedMain] Bootstrapping Spring Data JPA repositories in DEFAULT mode.
2025-12-16 15:01:31,996 INFO o.s.d.r.c.RepositoryConfigurationDelegate [restartedMain] Finished Spring Data repository scanning in 0 ms. Found 1 JPA repository interface.
2025-12-16 15:01:32,053 INFO o.s.b.w.e.t.TomcatWebServer [restartedMain] Tomcat initialized with port 8090 (http)
2025-12-16 15:01:32,054 INFO o.a.j.l.DirectJDKLog [restartedMain] Initializing ProtocolHandler ["http-nio-8090"]
2025-12-16 15:01:32,054 INFO o.a.j.l.DirectJDKLog [restartedMain] Starting service [Tomcat]
2025-12-16 15:01:32,054 INFO o.a.j.l.DirectJDKLog [restartedMain] Starting Servlet engine: [Apache Tomcat/10.1.49]
2025-12-16 15:01:32,059 INFO o.a.j.l.DirectJDKLog [restartedMain] Initializing Spring embedded WebApplicationContext
2025-12-16 15:01:32,059 INFO o.s.b.w.s.c.ServletWebServerApplicationContext [restartedMain] Root WebApplicationContext: initialization completed in 109 ms
2025-12-16 15:01:32,074 INFO c.z.h.HikariDataSource [restartedMain] HikariPool-17 - Starting...
2025-12-16 15:01:32,076 INFO c.z.h.p.HikariPool [restartedMain] HikariPool-17 - Added connection com.mysql.cj.jdbc.ConnectionImpl@1b5d0b0
2025-12-16 15:01:32,076 INFO c.z.h.HikariDataSource [restartedMain] HikariPool-17 - Start completed.
2025-12-16 15:01:32,077 INFO o.h.j.i.u.LogHelper [restartedMain] HHH000204: Processing PersistenceUnitInfo [name: mysqlPU]
2025-12-16 15:01:32,078 INFO o.h.c.i.RegionFactoryInitiator [restartedMain] HHH000026: Second-level cache disabled
2025-12-16 15:01:32,081 INFO o.s.o.j.p.SpringPersistenceUnitInfo [restartedMain] No LoadTimeWeaver setup: ignoring JPA class transformer
2025-12-16 15:01:32,082 WARN o.h.e.j.d.i.DialectFactoryImpl [restartedMain] HHH90000025: MySQLDialect does not need to be specified explicitly using 'hibernate.dialect' (remove the property setting and it will be selected by default)
2025-12-16 15:01:32,082 INFO o.h.e.j.e.i.JdbcEnvironmentInitiator [restartedMain] HHH10001005: Database info:
	Database JDBC URL [Connecting through datasource 'HikariDataSource (HikariPool-17)']
	Database driver: undefined/unknown
	Database version: 8.0.44
	Autocommit mode: undefined/unknown
	Isolation level: undefined/unknown
	Minimum pool size: undefined/unknown
	Maximum pool size: undefined/unknown
2025-12-16 15:01:32,095 INFO o.h.e.t.j.p.i.JtaPlatformInitiator [restartedMain] HHH000489: No JTA platform available (set 'hibernate.transaction.jta.platform' to enable JTA platform integration)
2025-12-16 15:01:32,101 INFO o.s.o.j.AbstractEntityManagerFactoryBean [restartedMain] Initialized JPA EntityManagerFactory for persistence unit 'mysqlPU'
2025-12-16 15:01:32,107 INFO c.z.h.HikariDataSource [restartedMain] HikariPool-18 - Starting...
2025-12-16 15:01:32,119 INFO c.z.h.p.HikariPool [restartedMain] HikariPool-18 - Added connection org.postgresql.jdbc.PgConnection@7e33d597
2025-12-16 15:01:32,119 INFO c.z.h.HikariDataSource [restartedMain] HikariPool-18 - Start completed.
2025-12-16 15:01:32,120 INFO o.h.j.i.u.LogHelper [restartedMain] HHH000204: Processing PersistenceUnitInfo [name: postgresPU]
2025-12-16 15:01:32,121 INFO o.h.c.i.RegionFactoryInitiator [restartedMain] HHH000026: Second-level cache disabled
2025-12-16 15:01:32,123 INFO o.s.o.j.p.SpringPersistenceUnitInfo [restartedMain] No LoadTimeWeaver setup: ignoring JPA class transformer
2025-12-16 15:01:32,127 WARN o.h.e.j.d.i.DialectFactoryImpl [restartedMain] HHH90000025: PostgreSQLDialect does not need to be specified explicitly using 'hibernate.dialect' (remove the property setting and it will be selected by default)
2025-12-16 15:01:32,128 INFO o.h.e.j.e.i.JdbcEnvironmentInitiator [restartedMain] HHH10001005: Database info:
	Database JDBC URL [Connecting through datasource 'HikariDataSource (HikariPool-18)']
	Database driver: undefined/unknown
	Database version: 14.20
	Autocommit mode: undefined/unknown
	Isolation level: undefined/unknown
	Minimum pool size: undefined/unknown
	Maximum pool size: undefined/unknown
2025-12-16 15:01:32,140 INFO o.h.e.t.j.p.i.JtaPlatformInitiator [restartedMain] HHH000489: No JTA platform available (set 'hibernate.transaction.jta.platform' to enable JTA platform integration)
2025-12-16 15:01:32,146 INFO o.s.o.j.AbstractEntityManagerFactoryBean [restartedMain] Initialized JPA EntityManagerFactory for persistence unit 'postgresPU'
2025-12-16 15:01:32,182 INFO o.s.w.s.s.SaajSoapMessageFactory [restartedMain] Creating SAAJ 1.3 MessageFactory with SOAP 1.1 Protocol
2025-12-16 15:01:32,254 WARN o.s.b.a.o.j.JpaBaseConfiguration$JpaWebConfiguration [restartedMain] spring.jpa.open-in-view is enabled by default. Therefore, database queries may be performed during view rendering. Explicitly configure spring.jpa.open-in-view to disable this warning
2025-12-16 15:01:32,296 INFO o.s.v.b.OptionalValidatorFactoryBean [restartedMain] Failed to set up a Bean Validation provider: jakarta.validation.NoProviderFoundException: Unable to create a Configuration, because no Jakarta Bean Validation provider could be found. Add a provider like Hibernate Validator (RI) to your classpath.
2025-12-16 15:01:32,339 INFO o.s.w.s.a.s.AbstractAddressingEndpointMapping [restartedMain] Supporting [WS-Addressing August 2004, WS-Addressing 1.0]
2025-12-16 15:01:32,342 INFO o.s.b.d.a.OptionalLiveReloadServer [restartedMain] LiveReload server is running on port 35729
2025-12-16 15:01:32,346 INFO o.s.c.l.CompositeLog [restartedMain] Starting...
2025-12-16 15:01:32,346 INFO o.s.c.l.CompositeLog [restartedMain] BrokerAvailabilityEvent[available=true, SimpleBrokerMessageHandler [org.springframework.messaging.simp.broker.DefaultSubscriptionRegistry@10ff8314]]
2025-12-16 15:01:32,346 INFO o.s.c.l.CompositeLog [restartedMain] Started.
2025-12-16 15:01:32,346 INFO o.a.j.l.DirectJDKLog [restartedMain] Starting ProtocolHandler ["http-nio-8090"]
2025-12-16 15:01:32,348 INFO o.s.b.w.e.t.TomcatWebServer [restartedMain] Tomcat started on port 8090 (http) with context path '/'
2025-12-16 15:01:32,349 INFO o.s.a.r.c.AbstractConnectionFactory [restartedMain] Attempting to connect to: [localhost:5672]
2025-12-16 15:01:32,352 INFO o.s.a.r.c.AbstractConnectionFactory [restartedMain] Created new connection: rabbitConnectionFactory#2ce28faa:0/SimpleConnection@1ae0a64 [delegate=amqp://guest@127.0.0.1:5672/, localPort=37696]
2025-12-16 15:01:32,358 INFO c.e.a.s.NotificationService [MessageBroker-1] ⏰ [Scheduler] Báo cáo hệ thống lúc: 2025-12-16T15:01:32.357990053 - Bởi: MessageBroker-1
2025-12-16 15:01:32,358 INFO o.s.b.StartupInfoLogger [restartedMain] Started AdvancedApplication in 0.423 seconds (process running for 273.683)
2025-12-16 15:01:32,358 INFO o.s.b.d.a.ConditionEvaluationDeltaLoggingListener [restartedMain] Condition evaluation unchanged
2025-12-16 15:01:46,769 INFO o.s.b.d.a.LocalDevToolsAutoConfiguration$RestartingClassPathChangeChangedEventListener [File Watcher] Restarting due to 1 class path change (0 additions, 0 deletions, 1 modification)
2025-12-16 15:01:46,773 INFO o.s.a.r.l.SimpleMessageListenerContainer [org.springframework.amqp.rabbit.RabbitListenerEndpointContainer#0-2] Waiting for workers to finish.
2025-12-16 15:01:47,359 INFO o.s.a.r.l.SimpleMessageListenerContainer [org.springframework.amqp.rabbit.RabbitListenerEndpointContainer#0-2] Successfully waited for workers to finish.
2025-12-16 15:01:47,360 INFO o.s.b.w.e.t.GracefulShutdown [Thread-35] Commencing graceful shutdown. Waiting for active requests to complete
2025-12-16 15:01:47,362 INFO o.a.j.l.DirectJDKLog [tomcat-shutdown] Pausing ProtocolHandler ["http-nio-8090"]
2025-12-16 15:01:47,364 INFO o.s.b.w.e.t.GracefulShutdown [tomcat-shutdown] Graceful shutdown complete
2025-12-16 15:01:47,364 INFO o.a.j.l.DirectJDKLog [Thread-35] Stopping ProtocolHandler ["http-nio-8090"]
2025-12-16 15:01:47,366 INFO o.s.c.l.CompositeLog [Thread-35] Stopping...
2025-12-16 15:01:47,366 INFO o.s.c.l.CompositeLog [Thread-35] BrokerAvailabilityEvent[available=false, SimpleBrokerMessageHandler [org.springframework.messaging.simp.broker.DefaultSubscriptionRegistry@10ff8314]]
2025-12-16 15:01:47,366 INFO o.s.c.l.CompositeLog [Thread-35] Stopped.
2025-12-16 15:01:47,369 INFO o.s.o.j.AbstractEntityManagerFactoryBean [Thread-35] Closing JPA EntityManagerFactory for persistence unit 'postgresPU'
2025-12-16 15:01:47,369 INFO c.z.h.HikariDataSource [Thread-35] HikariPool-18 - Shutdown initiated...
2025-12-16 15:01:47,372 INFO c.z.h.HikariDataSource [Thread-35] HikariPool-18 - Shutdown completed.
2025-12-16 15:01:47,373 INFO o.s.o.j.AbstractEntityManagerFactoryBean [Thread-35] Closing JPA EntityManagerFactory for persistence unit 'mysqlPU'
2025-12-16 15:01:47,373 INFO c.z.h.HikariDataSource [Thread-35] HikariPool-17 - Shutdown initiated...
2025-12-16 15:01:47,375 INFO c.z.h.HikariDataSource [Thread-35] HikariPool-17 - Shutdown completed.
2025-12-16 15:01:47,439 INFO o.s.b.StartupInfoLogger [restartedMain] Starting AdvancedApplication using Java 21.0.8 with PID 103324 (/home/cao.thanh.sang@sun-asterisk.com/Downloads/advanced/target/classes started by cao.thanh.sang@sun-asterisk.com in /home/cao.thanh.sang@sun-asterisk.com/Downloads/advanced)
2025-12-16 15:01:47,440 DEBUG o.s.b.StartupInfoLogger [restartedMain] Running with Spring Boot v3.5.8, Spring v6.2.14
2025-12-16 15:01:47,440 INFO o.s.b.SpringApplication [restartedMain] No active profile set, falling back to 1 default profile: "default"
2025-12-16 15:01:47,483 INFO o.s.d.r.c.RepositoryConfigurationDelegate [restartedMain] Bootstrapping Spring Data JPA repositories in DEFAULT mode.
2025-12-16 15:01:47,485 INFO o.s.d.r.c.RepositoryConfigurationDelegate [restartedMain] Finished Spring Data repository scanning in 1 ms. Found 1 JPA repository interface.
2025-12-16 15:01:47,485 INFO o.s.d.r.c.RepositoryConfigurationDelegate [restartedMain] Bootstrapping Spring Data JPA repositories in DEFAULT mode.
2025-12-16 15:01:47,486 INFO o.s.d.r.c.RepositoryConfigurationDelegate [restartedMain] Finished Spring Data repository scanning in 0 ms. Found 1 JPA repository interface.
2025-12-16 15:01:47,541 INFO o.s.b.w.e.t.TomcatWebServer [restartedMain] Tomcat initialized with port 8090 (http)
2025-12-16 15:01:47,542 INFO o.a.j.l.DirectJDKLog [restartedMain] Initializing ProtocolHandler ["http-nio-8090"]
2025-12-16 15:01:47,542 INFO o.a.j.l.DirectJDKLog [restartedMain] Starting service [Tomcat]
2025-12-16 15:01:47,542 INFO o.a.j.l.DirectJDKLog [restartedMain] Starting Servlet engine: [Apache Tomcat/10.1.49]
2025-12-16 15:01:47,547 INFO o.a.j.l.DirectJDKLog [restartedMain] Initializing Spring embedded WebApplicationContext
2025-12-16 15:01:47,547 INFO o.s.b.w.s.c.ServletWebServerApplicationContext [restartedMain] Root WebApplicationContext: initialization completed in 107 ms
2025-12-16 15:01:47,560 INFO c.z.h.HikariDataSource [restartedMain] HikariPool-19 - Starting...
2025-12-16 15:01:47,562 INFO c.z.h.p.HikariPool [restartedMain] HikariPool-19 - Added connection com.mysql.cj.jdbc.ConnectionImpl@6053d1d1
2025-12-16 15:01:47,562 INFO c.z.h.HikariDataSource [restartedMain] HikariPool-19 - Start completed.
2025-12-16 15:01:47,563 INFO o.h.j.i.u.LogHelper [restartedMain] HHH000204: Processing PersistenceUnitInfo [name: mysqlPU]
2025-12-16 15:01:47,564 INFO o.h.c.i.RegionFactoryInitiator [restartedMain] HHH000026: Second-level cache disabled
2025-12-16 15:01:47,566 INFO o.s.o.j.p.SpringPersistenceUnitInfo [restartedMain] No LoadTimeWeaver setup: ignoring JPA class transformer
2025-12-16 15:01:47,567 WARN o.h.e.j.d.i.DialectFactoryImpl [restartedMain] HHH90000025: MySQLDialect does not need to be specified explicitly using 'hibernate.dialect' (remove the property setting and it will be selected by default)
2025-12-16 15:01:47,568 INFO o.h.e.j.e.i.JdbcEnvironmentInitiator [restartedMain] HHH10001005: Database info:
	Database JDBC URL [Connecting through datasource 'HikariDataSource (HikariPool-19)']
	Database driver: undefined/unknown
	Database version: 8.0.44
	Autocommit mode: undefined/unknown
	Isolation level: undefined/unknown
	Minimum pool size: undefined/unknown
	Maximum pool size: undefined/unknown
2025-12-16 15:01:47,581 INFO o.h.e.t.j.p.i.JtaPlatformInitiator [restartedMain] HHH000489: No JTA platform available (set 'hibernate.transaction.jta.platform' to enable JTA platform integration)
2025-12-16 15:01:47,588 INFO o.s.o.j.AbstractEntityManagerFactoryBean [restartedMain] Initialized JPA EntityManagerFactory for persistence unit 'mysqlPU'
2025-12-16 15:01:47,593 INFO c.z.h.HikariDataSource [restartedMain] HikariPool-20 - Starting...
2025-12-16 15:01:47,603 INFO c.z.h.p.HikariPool [restartedMain] HikariPool-20 - Added connection org.postgresql.jdbc.PgConnection@256ddabd
2025-12-16 15:01:47,603 INFO c.z.h.HikariDataSource [restartedMain] HikariPool-20 - Start completed.
2025-12-16 15:01:47,604 INFO o.h.j.i.u.LogHelper [restartedMain] HHH000204: Processing PersistenceUnitInfo [name: postgresPU]
2025-12-16 15:01:47,605 INFO o.h.c.i.RegionFactoryInitiator [restartedMain] HHH000026: Second-level cache disabled
2025-12-16 15:01:47,607 INFO o.s.o.j.p.SpringPersistenceUnitInfo [restartedMain] No LoadTimeWeaver setup: ignoring JPA class transformer
2025-12-16 15:01:47,611 WARN o.h.e.j.d.i.DialectFactoryImpl [restartedMain] HHH90000025: PostgreSQLDialect does not need to be specified explicitly using 'hibernate.dialect' (remove the property setting and it will be selected by default)
2025-12-16 15:01:47,611 INFO o.h.e.j.e.i.JdbcEnvironmentInitiator [restartedMain] HHH10001005: Database info:
	Database JDBC URL [Connecting through datasource 'HikariDataSource (HikariPool-20)']
	Database driver: undefined/unknown
	Database version: 14.20
	Autocommit mode: undefined/unknown
	Isolation level: undefined/unknown
	Minimum pool size: undefined/unknown
	Maximum pool size: undefined/unknown
2025-12-16 15:01:47,623 INFO o.h.e.t.j.p.i.JtaPlatformInitiator [restartedMain] HHH000489: No JTA platform available (set 'hibernate.transaction.jta.platform' to enable JTA platform integration)
2025-12-16 15:01:47,631 INFO o.s.o.j.AbstractEntityManagerFactoryBean [restartedMain] Initialized JPA EntityManagerFactory for persistence unit 'postgresPU'
2025-12-16 15:01:47,665 INFO o.s.w.s.s.SaajSoapMessageFactory [restartedMain] Creating SAAJ 1.3 MessageFactory with SOAP 1.1 Protocol
2025-12-16 15:01:47,715 WARN o.s.b.a.o.j.JpaBaseConfiguration$JpaWebConfiguration [restartedMain] spring.jpa.open-in-view is enabled by default. Therefore, database queries may be performed during view rendering. Explicitly configure spring.jpa.open-in-view to disable this warning
2025-12-16 15:01:47,755 INFO o.s.v.b.OptionalValidatorFactoryBean [restartedMain] Failed to set up a Bean Validation provider: jakarta.validation.NoProviderFoundException: Unable to create a Configuration, because no Jakarta Bean Validation provider could be found. Add a provider like Hibernate Validator (RI) to your classpath.
2025-12-16 15:01:47,791 INFO o.s.w.s.a.s.AbstractAddressingEndpointMapping [restartedMain] Supporting [WS-Addressing August 2004, WS-Addressing 1.0]
2025-12-16 15:01:47,795 INFO o.s.b.d.a.OptionalLiveReloadServer [restartedMain] LiveReload server is running on port 35729
2025-12-16 15:01:47,799 INFO o.s.c.l.CompositeLog [restartedMain] Starting...
2025-12-16 15:01:47,799 INFO o.s.c.l.CompositeLog [restartedMain] BrokerAvailabilityEvent[available=true, SimpleBrokerMessageHandler [org.springframework.messaging.simp.broker.DefaultSubscriptionRegistry@4f600ecc]]
2025-12-16 15:01:47,799 INFO o.s.c.l.CompositeLog [restartedMain] Started.
2025-12-16 15:01:47,799 INFO o.a.j.l.DirectJDKLog [restartedMain] Starting ProtocolHandler ["http-nio-8090"]
2025-12-16 15:01:47,800 INFO o.s.b.w.e.t.TomcatWebServer [restartedMain] Tomcat started on port 8090 (http) with context path '/'
2025-12-16 15:01:47,800 INFO o.s.a.r.c.AbstractConnectionFactory [restartedMain] Attempting to connect to: [localhost:5672]
2025-12-16 15:01:47,806 INFO o.s.a.r.c.AbstractConnectionFactory [restartedMain] Created new connection: rabbitConnectionFactory#209262fd:0/SimpleConnection@bbf559 [delegate=amqp://guest@127.0.0.1:5672/, localPort=42544]
2025-12-16 15:01:47,812 INFO o.s.b.StartupInfoLogger [restartedMain] Started AdvancedApplication in 0.383 seconds (process running for 289.138)
2025-12-16 15:01:47,812 INFO c.e.a.s.NotificationService [MessageBroker-1] ⏰ [Scheduler] Báo cáo hệ thống lúc: 2025-12-16T15:01:47.812206829 - Bởi: MessageBroker-1
2025-12-16 15:01:47,812 INFO o.s.b.d.a.ConditionEvaluationDeltaLoggingListener [restartedMain] Condition evaluation unchanged
2025-12-16 15:02:17,812 INFO c.e.a.s.NotificationService [MessageBroker-2] ⏰ [Scheduler] Báo cáo hệ thống lúc: 2025-12-16T15:02:17.812921020 - Bởi: MessageBroker-2
2025-12-16 15:02:25,277 INFO o.s.b.d.a.LocalDevToolsAutoConfiguration$RestartingClassPathChangeChangedEventListener [File Watcher] Restarting due to 1 class path change (0 additions, 0 deletions, 1 modification)
2025-12-16 15:02:25,283 INFO o.s.a.r.l.SimpleMessageListenerContainer [org.springframework.amqp.rabbit.RabbitListenerEndpointContainer#0-2] Waiting for workers to finish.
2025-12-16 15:02:25,819 INFO o.s.a.r.l.SimpleMessageListenerContainer [org.springframework.amqp.rabbit.RabbitListenerEndpointContainer#0-2] Successfully waited for workers to finish.
2025-12-16 15:02:25,820 INFO o.s.b.w.e.t.GracefulShutdown [Thread-39] Commencing graceful shutdown. Waiting for active requests to complete
2025-12-16 15:02:25,822 INFO o.a.j.l.DirectJDKLog [tomcat-shutdown] Pausing ProtocolHandler ["http-nio-8090"]
2025-12-16 15:02:25,823 INFO o.s.b.w.e.t.GracefulShutdown [tomcat-shutdown] Graceful shutdown complete
2025-12-16 15:02:25,824 INFO o.a.j.l.DirectJDKLog [Thread-39] Stopping ProtocolHandler ["http-nio-8090"]
2025-12-16 15:02:25,825 INFO o.s.c.l.CompositeLog [Thread-39] Stopping...
2025-12-16 15:02:25,825 INFO o.s.c.l.CompositeLog [Thread-39] BrokerAvailabilityEvent[available=false, SimpleBrokerMessageHandler [org.springframework.messaging.simp.broker.DefaultSubscriptionRegistry@4f600ecc]]
2025-12-16 15:02:25,826 INFO o.s.c.l.CompositeLog [Thread-39] Stopped.
2025-12-16 15:02:25,828 INFO o.s.o.j.AbstractEntityManagerFactoryBean [Thread-39] Closing JPA EntityManagerFactory for persistence unit 'postgresPU'
2025-12-16 15:02:25,829 INFO c.z.h.HikariDataSource [Thread-39] HikariPool-20 - Shutdown initiated...
2025-12-16 15:02:25,832 INFO c.z.h.HikariDataSource [Thread-39] HikariPool-20 - Shutdown completed.
2025-12-16 15:02:25,832 INFO o.s.o.j.AbstractEntityManagerFactoryBean [Thread-39] Closing JPA EntityManagerFactory for persistence unit 'mysqlPU'
2025-12-16 15:02:25,833 INFO c.z.h.HikariDataSource [Thread-39] HikariPool-19 - Shutdown initiated...
2025-12-16 15:02:25,835 INFO c.z.h.HikariDataSource [Thread-39] HikariPool-19 - Shutdown completed.
2025-12-16 15:02:25,907 INFO o.s.b.StartupInfoLogger [restartedMain] Starting AdvancedApplication using Java 21.0.8 with PID 103324 (/home/cao.thanh.sang@sun-asterisk.com/Downloads/advanced/target/classes started by cao.thanh.sang@sun-asterisk.com in /home/cao.thanh.sang@sun-asterisk.com/Downloads/advanced)
2025-12-16 15:02:25,907 DEBUG o.s.b.StartupInfoLogger [restartedMain] Running with Spring Boot v3.5.8, Spring v6.2.14
2025-12-16 15:02:25,907 INFO o.s.b.SpringApplication [restartedMain] No active profile set, falling back to 1 default profile: "default"
2025-12-16 15:02:25,955 INFO o.s.d.r.c.RepositoryConfigurationDelegate [restartedMain] Bootstrapping Spring Data JPA repositories in DEFAULT mode.
2025-12-16 15:02:25,957 INFO o.s.d.r.c.RepositoryConfigurationDelegate [restartedMain] Finished Spring Data repository scanning in 1 ms. Found 1 JPA repository interface.
2025-12-16 15:02:25,957 INFO o.s.d.r.c.RepositoryConfigurationDelegate [restartedMain] Bootstrapping Spring Data JPA repositories in DEFAULT mode.
2025-12-16 15:02:25,959 INFO o.s.d.r.c.RepositoryConfigurationDelegate [restartedMain] Finished Spring Data repository scanning in 1 ms. Found 1 JPA repository interface.
2025-12-16 15:02:26,016 INFO o.s.b.w.e.t.TomcatWebServer [restartedMain] Tomcat initialized with port 8090 (http)
2025-12-16 15:02:26,016 INFO o.a.j.l.DirectJDKLog [restartedMain] Initializing ProtocolHandler ["http-nio-8090"]
2025-12-16 15:02:26,016 INFO o.a.j.l.DirectJDKLog [restartedMain] Starting service [Tomcat]
2025-12-16 15:02:26,016 INFO o.a.j.l.DirectJDKLog [restartedMain] Starting Servlet engine: [Apache Tomcat/10.1.49]
2025-12-16 15:02:26,021 INFO o.a.j.l.DirectJDKLog [restartedMain] Initializing Spring embedded WebApplicationContext
2025-12-16 15:02:26,021 INFO o.s.b.w.s.c.ServletWebServerApplicationContext [restartedMain] Root WebApplicationContext: initialization completed in 113 ms
2025-12-16 15:02:26,034 INFO c.z.h.HikariDataSource [restartedMain] HikariPool-21 - Starting...
2025-12-16 15:02:26,036 INFO c.z.h.p.HikariPool [restartedMain] HikariPool-21 - Added connection com.mysql.cj.jdbc.ConnectionImpl@78e3bb1a
2025-12-16 15:02:26,036 INFO c.z.h.HikariDataSource [restartedMain] HikariPool-21 - Start completed.
2025-12-16 15:02:26,037 INFO o.h.j.i.u.LogHelper [restartedMain] HHH000204: Processing PersistenceUnitInfo [name: mysqlPU]
2025-12-16 15:02:26,038 INFO o.h.c.i.RegionFactoryInitiator [restartedMain] HHH000026: Second-level cache disabled
2025-12-16 15:02:26,040 INFO o.s.o.j.p.SpringPersistenceUnitInfo [restartedMain] No LoadTimeWeaver setup: ignoring JPA class transformer
2025-12-16 15:02:26,041 WARN o.h.e.j.d.i.DialectFactoryImpl [restartedMain] HHH90000025: MySQLDialect does not need to be specified explicitly using 'hibernate.dialect' (remove the property setting and it will be selected by default)
2025-12-16 15:02:26,041 INFO o.h.e.j.e.i.JdbcEnvironmentInitiator [restartedMain] HHH10001005: Database info:
	Database JDBC URL [Connecting through datasource 'HikariDataSource (HikariPool-21)']
	Database driver: undefined/unknown
	Database version: 8.0.44
	Autocommit mode: undefined/unknown
	Isolation level: undefined/unknown
	Minimum pool size: undefined/unknown
	Maximum pool size: undefined/unknown
2025-12-16 15:02:26,053 INFO o.h.e.t.j.p.i.JtaPlatformInitiator [restartedMain] HHH000489: No JTA platform available (set 'hibernate.transaction.jta.platform' to enable JTA platform integration)
2025-12-16 15:02:26,058 INFO o.s.o.j.AbstractEntityManagerFactoryBean [restartedMain] Initialized JPA EntityManagerFactory for persistence unit 'mysqlPU'
2025-12-16 15:02:26,063 INFO c.z.h.HikariDataSource [restartedMain] HikariPool-22 - Starting...
2025-12-16 15:02:26,077 INFO c.z.h.p.HikariPool [restartedMain] HikariPool-22 - Added connection org.postgresql.jdbc.PgConnection@2dcd3756
2025-12-16 15:02:26,077 INFO c.z.h.HikariDataSource [restartedMain] HikariPool-22 - Start completed.
2025-12-16 15:02:26,078 INFO o.h.j.i.u.LogHelper [restartedMain] HHH000204: Processing PersistenceUnitInfo [name: postgresPU]
2025-12-16 15:02:26,078 INFO o.h.c.i.RegionFactoryInitiator [restartedMain] HHH000026: Second-level cache disabled
2025-12-16 15:02:26,081 INFO o.s.o.j.p.SpringPersistenceUnitInfo [restartedMain] No LoadTimeWeaver setup: ignoring JPA class transformer
2025-12-16 15:02:26,086 WARN o.h.e.j.d.i.DialectFactoryImpl [restartedMain] HHH90000025: PostgreSQLDialect does not need to be specified explicitly using 'hibernate.dialect' (remove the property setting and it will be selected by default)
2025-12-16 15:02:26,087 INFO o.h.e.j.e.i.JdbcEnvironmentInitiator [restartedMain] HHH10001005: Database info:
	Database JDBC URL [Connecting through datasource 'HikariDataSource (HikariPool-22)']
	Database driver: undefined/unknown
	Database version: 14.20
	Autocommit mode: undefined/unknown
	Isolation level: undefined/unknown
	Minimum pool size: undefined/unknown
	Maximum pool size: undefined/unknown
2025-12-16 15:02:26,099 INFO o.h.e.t.j.p.i.JtaPlatformInitiator [restartedMain] HHH000489: No JTA platform available (set 'hibernate.transaction.jta.platform' to enable JTA platform integration)
2025-12-16 15:02:26,105 INFO o.s.o.j.AbstractEntityManagerFactoryBean [restartedMain] Initialized JPA EntityManagerFactory for persistence unit 'postgresPU'
2025-12-16 15:02:26,139 INFO o.s.w.s.s.SaajSoapMessageFactory [restartedMain] Creating SAAJ 1.3 MessageFactory with SOAP 1.1 Protocol
2025-12-16 15:02:26,191 WARN o.s.b.a.o.j.JpaBaseConfiguration$JpaWebConfiguration [restartedMain] spring.jpa.open-in-view is enabled by default. Therefore, database queries may be performed during view rendering. Explicitly configure spring.jpa.open-in-view to disable this warning
2025-12-16 15:02:26,231 INFO o.s.v.b.OptionalValidatorFactoryBean [restartedMain] Failed to set up a Bean Validation provider: jakarta.validation.NoProviderFoundException: Unable to create a Configuration, because no Jakarta Bean Validation provider could be found. Add a provider like Hibernate Validator (RI) to your classpath.
2025-12-16 15:02:26,268 INFO o.s.w.s.a.s.AbstractAddressingEndpointMapping [restartedMain] Supporting [WS-Addressing August 2004, WS-Addressing 1.0]
2025-12-16 15:02:26,271 INFO o.s.b.d.a.OptionalLiveReloadServer [restartedMain] LiveReload server is running on port 35729
2025-12-16 15:02:26,275 INFO o.s.c.l.CompositeLog [restartedMain] Starting...
2025-12-16 15:02:26,275 INFO o.s.c.l.CompositeLog [restartedMain] BrokerAvailabilityEvent[available=true, SimpleBrokerMessageHandler [org.springframework.messaging.simp.broker.DefaultSubscriptionRegistry@31b60ef9]]
2025-12-16 15:02:26,275 INFO o.s.c.l.CompositeLog [restartedMain] Started.
2025-12-16 15:02:26,275 INFO o.a.j.l.DirectJDKLog [restartedMain] Starting ProtocolHandler ["http-nio-8090"]
2025-12-16 15:02:26,276 INFO o.s.b.w.e.t.TomcatWebServer [restartedMain] Tomcat started on port 8090 (http) with context path '/'
2025-12-16 15:02:26,277 INFO o.s.a.r.c.AbstractConnectionFactory [restartedMain] Attempting to connect to: [localhost:5672]
2025-12-16 15:02:26,279 INFO o.s.a.r.c.AbstractConnectionFactory [restartedMain] Created new connection: rabbitConnectionFactory#2a59a8cf:0/SimpleConnection@36168089 [delegate=amqp://guest@127.0.0.1:5672/, localPort=41354]
2025-12-16 15:02:26,287 INFO c.e.a.s.NotificationService [MessageBroker-1] ⏰ [Scheduler] Báo cáo hệ thống lúc: 2025-12-16T15:02:26.286971071 - Bởi: MessageBroker-1
2025-12-16 15:02:26,287 INFO o.s.b.StartupInfoLogger [restartedMain] Started AdvancedApplication in 0.397 seconds (process running for 327.613)
2025-12-16 15:02:26,288 INFO o.s.b.d.a.ConditionEvaluationDeltaLoggingListener [restartedMain] Condition evaluation unchanged
2025-12-16 15:02:56,287 INFO c.e.a.s.NotificationService [MessageBroker-2] ⏰ [Scheduler] Báo cáo hệ thống lúc: 2025-12-16T15:02:56.287455224 - Bởi: MessageBroker-2
2025-12-16 15:03:26,274 INFO o.s.w.s.c.WebSocketMessageBrokerStats [MessageBroker-1] WebSocketSession[0 current WS(0)-HttpStream(0)-HttpPoll(0), 0 total, 0 closed abnormally (0 connect failure, 0 send limit, 0 transport error)], stompSubProtocol[processed CONNECT(0)-CONNECTED(0)-DISCONNECT(0)], stompBrokerRelay[null], inboundChannel[pool size = 0, active threads = 0, queued tasks = 0, completed tasks = 0], outboundChannel[pool size = 0, active threads = 0, queued tasks = 0, completed tasks = 0], sockJsScheduler[pool size = 4, active threads = 1, queued tasks = 1, completed tasks = 2]
2025-12-16 15:03:26,287 INFO c.e.a.s.NotificationService [MessageBroker-3] ⏰ [Scheduler] Báo cáo hệ thống lúc: 2025-12-16T15:03:26.287056894 - Bởi: MessageBroker-3
2025-12-16 15:03:42,835 INFO o.s.b.d.a.LocalDevToolsAutoConfiguration$RestartingClassPathChangeChangedEventListener [File Watcher] Restarting due to 1 class path change (0 additions, 0 deletions, 1 modification)
2025-12-16 15:03:42,840 INFO o.s.a.r.l.SimpleMessageListenerContainer [org.springframework.amqp.rabbit.RabbitListenerEndpointContainer#0-2] Waiting for workers to finish.
2025-12-16 15:03:43,310 INFO o.s.a.r.l.SimpleMessageListenerContainer [org.springframework.amqp.rabbit.RabbitListenerEndpointContainer#0-2] Successfully waited for workers to finish.
2025-12-16 15:03:43,311 INFO o.s.b.w.e.t.GracefulShutdown [Thread-43] Commencing graceful shutdown. Waiting for active requests to complete
2025-12-16 15:03:43,312 INFO o.a.j.l.DirectJDKLog [tomcat-shutdown] Pausing ProtocolHandler ["http-nio-8090"]
2025-12-16 15:03:43,313 INFO o.s.b.w.e.t.GracefulShutdown [tomcat-shutdown] Graceful shutdown complete
2025-12-16 15:03:43,313 INFO o.a.j.l.DirectJDKLog [Thread-43] Stopping ProtocolHandler ["http-nio-8090"]
2025-12-16 15:03:43,314 INFO o.s.c.l.CompositeLog [Thread-43] Stopping...
2025-12-16 15:03:43,314 INFO o.s.c.l.CompositeLog [Thread-43] BrokerAvailabilityEvent[available=false, SimpleBrokerMessageHandler [org.springframework.messaging.simp.broker.DefaultSubscriptionRegistry@31b60ef9]]
2025-12-16 15:03:43,314 INFO o.s.c.l.CompositeLog [Thread-43] Stopped.
2025-12-16 15:03:43,317 INFO o.s.o.j.AbstractEntityManagerFactoryBean [Thread-43] Closing JPA EntityManagerFactory for persistence unit 'postgresPU'
2025-12-16 15:03:43,317 INFO c.z.h.HikariDataSource [Thread-43] HikariPool-22 - Shutdown initiated...
2025-12-16 15:03:43,320 INFO c.z.h.HikariDataSource [Thread-43] HikariPool-22 - Shutdown completed.
2025-12-16 15:03:43,320 INFO o.s.o.j.AbstractEntityManagerFactoryBean [Thread-43] Closing JPA EntityManagerFactory for persistence unit 'mysqlPU'
2025-12-16 15:03:43,320 INFO c.z.h.HikariDataSource [Thread-43] HikariPool-21 - Shutdown initiated...
2025-12-16 15:03:43,322 INFO c.z.h.HikariDataSource [Thread-43] HikariPool-21 - Shutdown completed.
2025-12-16 15:03:43,385 INFO o.s.b.StartupInfoLogger [restartedMain] Starting AdvancedApplication using Java 21.0.8 with PID 103324 (/home/cao.thanh.sang@sun-asterisk.com/Downloads/advanced/target/classes started by cao.thanh.sang@sun-asterisk.com in /home/cao.thanh.sang@sun-asterisk.com/Downloads/advanced)
2025-12-16 15:03:43,385 DEBUG o.s.b.StartupInfoLogger [restartedMain] Running with Spring Boot v3.5.8, Spring v6.2.14
2025-12-16 15:03:43,385 INFO o.s.b.SpringApplication [restartedMain] No active profile set, falling back to 1 default profile: "default"
2025-12-16 15:03:43,430 INFO o.s.d.r.c.RepositoryConfigurationDelegate [restartedMain] Bootstrapping Spring Data JPA repositories in DEFAULT mode.
2025-12-16 15:03:43,432 INFO o.s.d.r.c.RepositoryConfigurationDelegate [restartedMain] Finished Spring Data repository scanning in 1 ms. Found 1 JPA repository interface.
2025-12-16 15:03:43,433 INFO o.s.d.r.c.RepositoryConfigurationDelegate [restartedMain] Bootstrapping Spring Data JPA repositories in DEFAULT mode.
2025-12-16 15:03:43,434 INFO o.s.d.r.c.RepositoryConfigurationDelegate [restartedMain] Finished Spring Data repository scanning in 1 ms. Found 1 JPA repository interface.
2025-12-16 15:03:43,496 INFO o.s.b.w.e.t.TomcatWebServer [restartedMain] Tomcat initialized with port 8090 (http)
2025-12-16 15:03:43,496 INFO o.a.j.l.DirectJDKLog [restartedMain] Initializing ProtocolHandler ["http-nio-8090"]
2025-12-16 15:03:43,497 INFO o.a.j.l.DirectJDKLog [restartedMain] Starting service [Tomcat]
2025-12-16 15:03:43,497 INFO o.a.j.l.DirectJDKLog [restartedMain] Starting Servlet engine: [Apache Tomcat/10.1.49]
2025-12-16 15:03:43,501 INFO o.a.j.l.DirectJDKLog [restartedMain] Initializing Spring embedded WebApplicationContext
2025-12-16 15:03:43,502 INFO o.s.b.w.s.c.ServletWebServerApplicationContext [restartedMain] Root WebApplicationContext: initialization completed in 116 ms
2025-12-16 15:03:43,517 INFO c.z.h.HikariDataSource [restartedMain] HikariPool-23 - Starting...
2025-12-16 15:03:43,520 INFO c.z.h.p.HikariPool [restartedMain] HikariPool-23 - Added connection com.mysql.cj.jdbc.ConnectionImpl@2877b9b7
2025-12-16 15:03:43,520 INFO c.z.h.HikariDataSource [restartedMain] HikariPool-23 - Start completed.
2025-12-16 15:03:43,520 INFO o.h.j.i.u.LogHelper [restartedMain] HHH000204: Processing PersistenceUnitInfo [name: mysqlPU]
2025-12-16 15:03:43,521 INFO o.h.c.i.RegionFactoryInitiator [restartedMain] HHH000026: Second-level cache disabled
2025-12-16 15:03:43,524 INFO o.s.o.j.p.SpringPersistenceUnitInfo [restartedMain] No LoadTimeWeaver setup: ignoring JPA class transformer
2025-12-16 15:03:43,525 WARN o.h.e.j.d.i.DialectFactoryImpl [restartedMain] HHH90000025: MySQLDialect does not need to be specified explicitly using 'hibernate.dialect' (remove the property setting and it will be selected by default)
2025-12-16 15:03:43,525 INFO o.h.e.j.e.i.JdbcEnvironmentInitiator [restartedMain] HHH10001005: Database info:
	Database JDBC URL [Connecting through datasource 'HikariDataSource (HikariPool-23)']
	Database driver: undefined/unknown
	Database version: 8.0.44
	Autocommit mode: undefined/unknown
	Isolation level: undefined/unknown
	Minimum pool size: undefined/unknown
	Maximum pool size: undefined/unknown
2025-12-16 15:03:43,538 INFO o.h.e.t.j.p.i.JtaPlatformInitiator [restartedMain] HHH000489: No JTA platform available (set 'hibernate.transaction.jta.platform' to enable JTA platform integration)
2025-12-16 15:03:43,543 INFO o.s.o.j.AbstractEntityManagerFactoryBean [restartedMain] Initialized JPA EntityManagerFactory for persistence unit 'mysqlPU'
2025-12-16 15:03:43,548 INFO c.z.h.HikariDataSource [restartedMain] HikariPool-24 - Starting...
2025-12-16 15:03:43,558 INFO c.z.h.p.HikariPool [restartedMain] HikariPool-24 - Added connection org.postgresql.jdbc.PgConnection@6976097f
2025-12-16 15:03:43,558 INFO c.z.h.HikariDataSource [restartedMain] HikariPool-24 - Start completed.
2025-12-16 15:03:43,559 INFO o.h.j.i.u.LogHelper [restartedMain] HHH000204: Processing PersistenceUnitInfo [name: postgresPU]
2025-12-16 15:03:43,559 INFO o.h.c.i.RegionFactoryInitiator [restartedMain] HHH000026: Second-level cache disabled
2025-12-16 15:03:43,562 INFO o.s.o.j.p.SpringPersistenceUnitInfo [restartedMain] No LoadTimeWeaver setup: ignoring JPA class transformer
2025-12-16 15:03:43,565 WARN o.h.e.j.d.i.DialectFactoryImpl [restartedMain] HHH90000025: PostgreSQLDialect does not need to be specified explicitly using 'hibernate.dialect' (remove the property setting and it will be selected by default)
2025-12-16 15:03:43,566 INFO o.h.e.j.e.i.JdbcEnvironmentInitiator [restartedMain] HHH10001005: Database info:
	Database JDBC URL [Connecting through datasource 'HikariDataSource (HikariPool-24)']
	Database driver: undefined/unknown
	Database version: 14.20
	Autocommit mode: undefined/unknown
	Isolation level: undefined/unknown
	Minimum pool size: undefined/unknown
	Maximum pool size: undefined/unknown
2025-12-16 15:03:43,578 INFO o.h.e.t.j.p.i.JtaPlatformInitiator [restartedMain] HHH000489: No JTA platform available (set 'hibernate.transaction.jta.platform' to enable JTA platform integration)
2025-12-16 15:03:43,583 INFO o.s.o.j.AbstractEntityManagerFactoryBean [restartedMain] Initialized JPA EntityManagerFactory for persistence unit 'postgresPU'
2025-12-16 15:03:43,617 INFO o.s.w.s.s.SaajSoapMessageFactory [restartedMain] Creating SAAJ 1.3 MessageFactory with SOAP 1.1 Protocol
2025-12-16 15:03:43,671 WARN o.s.b.a.o.j.JpaBaseConfiguration$JpaWebConfiguration [restartedMain] spring.jpa.open-in-view is enabled by default. Therefore, database queries may be performed during view rendering. Explicitly configure spring.jpa.open-in-view to disable this warning
2025-12-16 15:03:43,716 INFO o.s.v.b.OptionalValidatorFactoryBean [restartedMain] Failed to set up a Bean Validation provider: jakarta.validation.NoProviderFoundException: Unable to create a Configuration, because no Jakarta Bean Validation provider could be found. Add a provider like Hibernate Validator (RI) to your classpath.
2025-12-16 15:03:43,756 INFO o.s.w.s.a.s.AbstractAddressingEndpointMapping [restartedMain] Supporting [WS-Addressing August 2004, WS-Addressing 1.0]
2025-12-16 15:03:43,760 INFO o.s.b.d.a.OptionalLiveReloadServer [restartedMain] LiveReload server is running on port 35729
2025-12-16 15:03:43,765 INFO o.s.c.l.CompositeLog [restartedMain] Starting...
2025-12-16 15:03:43,765 INFO o.s.c.l.CompositeLog [restartedMain] BrokerAvailabilityEvent[available=true, SimpleBrokerMessageHandler [org.springframework.messaging.simp.broker.DefaultSubscriptionRegistry@1d0e6af5]]
2025-12-16 15:03:43,765 INFO o.s.c.l.CompositeLog [restartedMain] Started.
2025-12-16 15:03:43,765 INFO o.a.j.l.DirectJDKLog [restartedMain] Starting ProtocolHandler ["http-nio-8090"]
2025-12-16 15:03:43,766 INFO o.s.b.w.e.t.TomcatWebServer [restartedMain] Tomcat started on port 8090 (http) with context path '/'
2025-12-16 15:03:43,767 INFO o.s.a.r.c.AbstractConnectionFactory [restartedMain] Attempting to connect to: [localhost:5672]
2025-12-16 15:03:43,769 INFO o.s.a.r.c.AbstractConnectionFactory [restartedMain] Created new connection: rabbitConnectionFactory#5606c8b1:0/SimpleConnection@c89c9f [delegate=amqp://guest@127.0.0.1:5672/, localPort=48086]
2025-12-16 15:03:43,775 INFO o.s.b.StartupInfoLogger [restartedMain] Started AdvancedApplication in 0.4 seconds (process running for 405.101)
2025-12-16 15:03:43,775 INFO c.e.a.s.NotificationService [MessageBroker-1] ⏰ [Scheduler] Báo cáo hệ thống lúc: 2025-12-16T15:03:43.775087006 - Bởi: MessageBroker-1
2025-12-16 15:03:43,775 INFO o.s.b.d.a.ConditionEvaluationDeltaLoggingListener [restartedMain] Condition evaluation unchanged
2025-12-16 15:03:47,170 INFO o.s.b.d.a.LocalDevToolsAutoConfiguration$RestartingClassPathChangeChangedEventListener [File Watcher] Restarting due to 1 class path change (0 additions, 0 deletions, 1 modification)
2025-12-16 15:03:47,175 INFO o.s.a.r.l.SimpleMessageListenerContainer [org.springframework.amqp.rabbit.RabbitListenerEndpointContainer#0-2] Waiting for workers to finish.
2025-12-16 15:03:47,774 INFO o.s.a.r.l.SimpleMessageListenerContainer [org.springframework.amqp.rabbit.RabbitListenerEndpointContainer#0-2] Successfully waited for workers to finish.
2025-12-16 15:03:47,774 INFO o.s.b.w.e.t.GracefulShutdown [Thread-47] Commencing graceful shutdown. Waiting for active requests to complete
2025-12-16 15:03:47,775 INFO o.a.j.l.DirectJDKLog [tomcat-shutdown] Pausing ProtocolHandler ["http-nio-8090"]
2025-12-16 15:03:47,776 INFO o.s.b.w.e.t.GracefulShutdown [tomcat-shutdown] Graceful shutdown complete
2025-12-16 15:03:47,777 INFO o.a.j.l.DirectJDKLog [Thread-47] Stopping ProtocolHandler ["http-nio-8090"]
2025-12-16 15:03:47,778 INFO o.s.c.l.CompositeLog [Thread-47] Stopping...
2025-12-16 15:03:47,778 INFO o.s.c.l.CompositeLog [Thread-47] BrokerAvailabilityEvent[available=false, SimpleBrokerMessageHandler [org.springframework.messaging.simp.broker.DefaultSubscriptionRegistry@1d0e6af5]]
2025-12-16 15:03:47,778 INFO o.s.c.l.CompositeLog [Thread-47] Stopped.
2025-12-16 15:03:47,780 INFO o.s.o.j.AbstractEntityManagerFactoryBean [Thread-47] Closing JPA EntityManagerFactory for persistence unit 'postgresPU'
2025-12-16 15:03:47,780 INFO c.z.h.HikariDataSource [Thread-47] HikariPool-24 - Shutdown initiated...
2025-12-16 15:03:47,784 INFO c.z.h.HikariDataSource [Thread-47] HikariPool-24 - Shutdown completed.
2025-12-16 15:03:47,785 INFO o.s.o.j.AbstractEntityManagerFactoryBean [Thread-47] Closing JPA EntityManagerFactory for persistence unit 'mysqlPU'
2025-12-16 15:03:47,785 INFO c.z.h.HikariDataSource [Thread-47] HikariPool-23 - Shutdown initiated...
2025-12-16 15:03:47,787 INFO c.z.h.HikariDataSource [Thread-47] HikariPool-23 - Shutdown completed.
2025-12-16 15:03:47,853 INFO o.s.b.StartupInfoLogger [restartedMain] Starting AdvancedApplication using Java 21.0.8 with PID 103324 (/home/cao.thanh.sang@sun-asterisk.com/Downloads/advanced/target/classes started by cao.thanh.sang@sun-asterisk.com in /home/cao.thanh.sang@sun-asterisk.com/Downloads/advanced)
2025-12-16 15:03:47,853 DEBUG o.s.b.StartupInfoLogger [restartedMain] Running with Spring Boot v3.5.8, Spring v6.2.14
2025-12-16 15:03:47,853 INFO o.s.b.SpringApplication [restartedMain] No active profile set, falling back to 1 default profile: "default"
2025-12-16 15:03:47,913 INFO o.s.d.r.c.RepositoryConfigurationDelegate [restartedMain] Bootstrapping Spring Data JPA repositories in DEFAULT mode.
2025-12-16 15:03:47,915 INFO o.s.d.r.c.RepositoryConfigurationDelegate [restartedMain] Finished Spring Data repository scanning in 1 ms. Found 1 JPA repository interface.
2025-12-16 15:03:47,916 INFO o.s.d.r.c.RepositoryConfigurationDelegate [restartedMain] Bootstrapping Spring Data JPA repositories in DEFAULT mode.
2025-12-16 15:03:47,917 INFO o.s.d.r.c.RepositoryConfigurationDelegate [restartedMain] Finished Spring Data repository scanning in 1 ms. Found 1 JPA repository interface.
2025-12-16 15:03:47,974 INFO o.s.b.w.e.t.TomcatWebServer [restartedMain] Tomcat initialized with port 8090 (http)
2025-12-16 15:03:47,974 INFO o.a.j.l.DirectJDKLog [restartedMain] Initializing ProtocolHandler ["http-nio-8090"]
2025-12-16 15:03:47,974 INFO o.a.j.l.DirectJDKLog [restartedMain] Starting service [Tomcat]
2025-12-16 15:03:47,974 INFO o.a.j.l.DirectJDKLog [restartedMain] Starting Servlet engine: [Apache Tomcat/10.1.49]
2025-12-16 15:03:47,979 INFO o.a.j.l.DirectJDKLog [restartedMain] Initializing Spring embedded WebApplicationContext
2025-12-16 15:03:47,979 INFO o.s.b.w.s.c.ServletWebServerApplicationContext [restartedMain] Root WebApplicationContext: initialization completed in 125 ms
2025-12-16 15:03:47,993 INFO c.z.h.HikariDataSource [restartedMain] HikariPool-25 - Starting...
2025-12-16 15:03:47,996 INFO c.z.h.p.HikariPool [restartedMain] HikariPool-25 - Added connection com.mysql.cj.jdbc.ConnectionImpl@7b3aa23f
2025-12-16 15:03:47,996 INFO c.z.h.HikariDataSource [restartedMain] HikariPool-25 - Start completed.
2025-12-16 15:03:47,997 INFO o.h.j.i.u.LogHelper [restartedMain] HHH000204: Processing PersistenceUnitInfo [name: mysqlPU]
2025-12-16 15:03:47,998 INFO o.h.c.i.RegionFactoryInitiator [restartedMain] HHH000026: Second-level cache disabled
2025-12-16 15:03:48,000 INFO o.s.o.j.p.SpringPersistenceUnitInfo [restartedMain] No LoadTimeWeaver setup: ignoring JPA class transformer
2025-12-16 15:03:48,001 WARN o.h.e.j.d.i.DialectFactoryImpl [restartedMain] HHH90000025: MySQLDialect does not need to be specified explicitly using 'hibernate.dialect' (remove the property setting and it will be selected by default)
2025-12-16 15:03:48,002 INFO o.h.e.j.e.i.JdbcEnvironmentInitiator [restartedMain] HHH10001005: Database info:
	Database JDBC URL [Connecting through datasource 'HikariDataSource (HikariPool-25)']
	Database driver: undefined/unknown
	Database version: 8.0.44
	Autocommit mode: undefined/unknown
	Isolation level: undefined/unknown
	Minimum pool size: undefined/unknown
	Maximum pool size: undefined/unknown
2025-12-16 15:03:48,014 INFO o.h.e.t.j.p.i.JtaPlatformInitiator [restartedMain] HHH000489: No JTA platform available (set 'hibernate.transaction.jta.platform' to enable JTA platform integration)
2025-12-16 15:03:48,021 INFO o.s.o.j.AbstractEntityManagerFactoryBean [restartedMain] Initialized JPA EntityManagerFactory for persistence unit 'mysqlPU'
2025-12-16 15:03:48,026 INFO c.z.h.HikariDataSource [restartedMain] HikariPool-26 - Starting...
2025-12-16 15:03:48,037 INFO c.z.h.p.HikariPool [restartedMain] HikariPool-26 - Added connection org.postgresql.jdbc.PgConnection@67d42e53
2025-12-16 15:03:48,037 INFO c.z.h.HikariDataSource [restartedMain] HikariPool-26 - Start completed.
2025-12-16 15:03:48,039 INFO o.h.j.i.u.LogHelper [restartedMain] HHH000204: Processing PersistenceUnitInfo [name: postgresPU]
2025-12-16 15:03:48,040 INFO o.h.c.i.RegionFactoryInitiator [restartedMain] HHH000026: Second-level cache disabled
2025-12-16 15:03:48,045 INFO o.s.o.j.p.SpringPersistenceUnitInfo [restartedMain] No LoadTimeWeaver setup: ignoring JPA class transformer
2025-12-16 15:03:48,048 WARN o.h.e.j.d.i.DialectFactoryImpl [restartedMain] HHH90000025: PostgreSQLDialect does not need to be specified explicitly using 'hibernate.dialect' (remove the property setting and it will be selected by default)
2025-12-16 15:03:48,049 INFO o.h.e.j.e.i.JdbcEnvironmentInitiator [restartedMain] HHH10001005: Database info:
	Database JDBC URL [Connecting through datasource 'HikariDataSource (HikariPool-26)']
	Database driver: undefined/unknown
	Database version: 14.20
	Autocommit mode: undefined/unknown
	Isolation level: undefined/unknown
	Minimum pool size: undefined/unknown
	Maximum pool size: undefined/unknown
2025-12-16 15:03:48,065 INFO o.h.e.t.j.p.i.JtaPlatformInitiator [restartedMain] HHH000489: No JTA platform available (set 'hibernate.transaction.jta.platform' to enable JTA platform integration)
2025-12-16 15:03:48,072 INFO o.s.o.j.AbstractEntityManagerFactoryBean [restartedMain] Initialized JPA EntityManagerFactory for persistence unit 'postgresPU'
2025-12-16 15:03:48,124 INFO o.s.w.s.s.SaajSoapMessageFactory [restartedMain] Creating SAAJ 1.3 MessageFactory with SOAP 1.1 Protocol
2025-12-16 15:03:48,182 WARN o.s.b.a.o.j.JpaBaseConfiguration$JpaWebConfiguration [restartedMain] spring.jpa.open-in-view is enabled by default. Therefore, database queries may be performed during view rendering. Explicitly configure spring.jpa.open-in-view to disable this warning
2025-12-16 15:03:48,225 INFO o.s.v.b.OptionalValidatorFactoryBean [restartedMain] Failed to set up a Bean Validation provider: jakarta.validation.NoProviderFoundException: Unable to create a Configuration, because no Jakarta Bean Validation provider could be found. Add a provider like Hibernate Validator (RI) to your classpath.
2025-12-16 15:03:48,264 INFO o.s.w.s.a.s.AbstractAddressingEndpointMapping [restartedMain] Supporting [WS-Addressing August 2004, WS-Addressing 1.0]
2025-12-16 15:03:48,267 INFO o.s.b.d.a.OptionalLiveReloadServer [restartedMain] LiveReload server is running on port 35729
2025-12-16 15:03:48,271 INFO o.s.c.l.CompositeLog [restartedMain] Starting...
2025-12-16 15:03:48,272 INFO o.s.c.l.CompositeLog [restartedMain] BrokerAvailabilityEvent[available=true, SimpleBrokerMessageHandler [org.springframework.messaging.simp.broker.DefaultSubscriptionRegistry@4b8fbd77]]
2025-12-16 15:03:48,272 INFO o.s.c.l.CompositeLog [restartedMain] Started.
2025-12-16 15:03:48,272 INFO o.a.j.l.DirectJDKLog [restartedMain] Starting ProtocolHandler ["http-nio-8090"]
2025-12-16 15:03:48,273 INFO o.s.b.w.e.t.TomcatWebServer [restartedMain] Tomcat started on port 8090 (http) with context path '/'
2025-12-16 15:03:48,274 INFO o.s.a.r.c.AbstractConnectionFactory [restartedMain] Attempting to connect to: [localhost:5672]
2025-12-16 15:03:48,276 INFO o.s.a.r.c.AbstractConnectionFactory [restartedMain] Created new connection: rabbitConnectionFactory#63a0a324:0/SimpleConnection@4f03daaf [delegate=amqp://guest@127.0.0.1:5672/, localPort=57568]
2025-12-16 15:03:48,281 INFO o.s.b.StartupInfoLogger [restartedMain] Started AdvancedApplication in 0.441 seconds (process running for 409.607)
2025-12-16 15:03:48,281 INFO c.e.a.s.NotificationService [MessageBroker-1] ⏰ [Scheduler] Báo cáo hệ thống lúc: 2025-12-16T15:03:48.281257443 - Bởi: MessageBroker-1
2025-12-16 15:03:48,281 INFO o.s.b.d.a.ConditionEvaluationDeltaLoggingListener [restartedMain] Condition evaluation unchanged
2025-12-16 15:04:04,241 INFO o.a.j.l.DirectJDKLog [http-nio-8090-exec-1] Initializing Spring DispatcherServlet 'dispatcherServlet'
2025-12-16 15:04:04,242 INFO o.s.w.s.FrameworkServlet [http-nio-8090-exec-1] Initializing Servlet 'dispatcherServlet'
2025-12-16 15:04:04,243 INFO o.s.w.s.FrameworkServlet [http-nio-8090-exec-1] Completed initialization in 1 ms
2025-12-16 15:04:18,281 INFO c.e.a.s.NotificationService [MessageBroker-2] ⏰ [Scheduler] Báo cáo hệ thống lúc: 2025-12-16T15:04:18.281466518 - Bởi: MessageBroker-2
2025-12-16 15:04:48,270 INFO o.s.w.s.c.WebSocketMessageBrokerStats [MessageBroker-1] WebSocketSession[0 current WS(0)-HttpStream(0)-HttpPoll(0), 0 total, 0 closed abnormally (0 connect failure, 0 send limit, 0 transport error)], stompSubProtocol[processed CONNECT(0)-CONNECTED(0)-DISCONNECT(0)], stompBrokerRelay[null], inboundChannel[pool size = 0, active threads = 0, queued tasks = 0, completed tasks = 0], outboundChannel[pool size = 0, active threads = 0, queued tasks = 0, completed tasks = 0], sockJsScheduler[pool size = 4, active threads = 1, queued tasks = 1, completed tasks = 2]
2025-12-16 15:04:48,281 INFO c.e.a.s.NotificationService [MessageBroker-3] ⏰ [Scheduler] Báo cáo hệ thống lúc: 2025-12-16T15:04:48.281293379 - Bởi: MessageBroker-3
2025-12-16 15:05:18,281 INFO c.e.a.s.NotificationService [MessageBroker-4] ⏰ [Scheduler] Báo cáo hệ thống lúc: 2025-12-16T15:05:18.281387961 - Bởi: MessageBroker-4
2025-12-16 15:05:48,281 INFO c.e.a.s.NotificationService [MessageBroker-5] ⏰ [Scheduler] Báo cáo hệ thống lúc: 2025-12-16T15:05:48.281564678 - Bởi: MessageBroker-5
2025-12-16 15:06:18,281 INFO c.e.a.s.NotificationService [MessageBroker-3] ⏰ [Scheduler] Báo cáo hệ thống lúc: 2025-12-16T15:06:18.281546827 - Bởi: MessageBroker-3
2025-12-16 15:06:48,281 INFO c.e.a.s.NotificationService [MessageBroker-1] ⏰ [Scheduler] Báo cáo hệ thống lúc: 2025-12-16T15:06:48.281583209 - Bởi: MessageBroker-1
2025-12-16 15:07:18,281 INFO c.e.a.s.NotificationService [MessageBroker-7] ⏰ [Scheduler] Báo cáo hệ thống lúc: 2025-12-16T15:07:18.281433113 - Bởi: MessageBroker-7
2025-12-16 15:07:48,281 INFO c.e.a.s.NotificationService [MessageBroker-5] ⏰ [Scheduler] Báo cáo hệ thống lúc: 2025-12-16T15:07:48.281612265 - Bởi: MessageBroker-5
2025-12-16 15:08:18,281 INFO c.e.a.s.NotificationService [MessageBroker-6] ⏰ [Scheduler] Báo cáo hệ thống lúc: 2025-12-16T15:08:18.281616644 - Bởi: MessageBroker-6
2025-12-16 15:08:48,281 INFO c.e.a.s.NotificationService [MessageBroker-9] ⏰ [Scheduler] Báo cáo hệ thống lúc: 2025-12-16T15:08:48.281486891 - Bởi: MessageBroker-9
2025-12-16 15:09:18,281 INFO c.e.a.s.NotificationService [MessageBroker-1] ⏰ [Scheduler] Báo cáo hệ thống lúc: 2025-12-16T15:09:18.281424577 - Bởi: MessageBroker-1
2025-12-16 15:09:48,281 INFO c.e.a.s.NotificationService [MessageBroker-2] ⏰ [Scheduler] Báo cáo hệ thống lúc: 2025-12-16T15:09:48.281460588 - Bởi: MessageBroker-2
2025-12-16 15:10:18,282 INFO c.e.a.s.NotificationService [MessageBroker-11] ⏰ [Scheduler] Báo cáo hệ thống lúc: 2025-12-16T15:10:18.282020649 - Bởi: MessageBroker-11
2025-12-16 15:10:48,281 INFO c.e.a.s.NotificationService [MessageBroker-11] ⏰ [Scheduler] Báo cáo hệ thống lúc: 2025-12-16T15:10:48.281326279 - Bởi: MessageBroker-11
2025-12-16 15:11:18,281 INFO c.e.a.s.NotificationService [MessageBroker-11] ⏰ [Scheduler] Báo cáo hệ thống lúc: 2025-12-16T15:11:18.281359456 - Bởi: MessageBroker-11
2025-12-16 15:11:48,281 INFO c.e.a.s.NotificationService [MessageBroker-11] ⏰ [Scheduler] Báo cáo hệ thống lúc: 2025-12-16T15:11:48.281618790 - Bởi: MessageBroker-11
2025-12-16 15:12:18,281 INFO c.e.a.s.NotificationService [MessageBroker-11] ⏰ [Scheduler] Báo cáo hệ thống lúc: 2025-12-16T15:12:18.281558166 - Bởi: MessageBroker-11
2025-12-16 15:12:48,281 INFO c.e.a.s.NotificationService [MessageBroker-11] ⏰ [Scheduler] Báo cáo hệ thống lúc: 2025-12-16T15:12:48.281581017 - Bởi: MessageBroker-11
2025-12-16 15:13:18,281 INFO c.e.a.s.NotificationService [MessageBroker-11] ⏰ [Scheduler] Báo cáo hệ thống lúc: 2025-12-16T15:13:18.281586355 - Bởi: MessageBroker-11
2025-12-16 15:13:48,281 INFO c.e.a.s.NotificationService [MessageBroker-11] ⏰ [Scheduler] Báo cáo hệ thống lúc: 2025-12-16T15:13:48.281550444 - Bởi: MessageBroker-11
2025-12-16 15:14:18,281 INFO c.e.a.s.NotificationService [MessageBroker-11] ⏰ [Scheduler] Báo cáo hệ thống lúc: 2025-12-16T15:14:18.281283571 - Bởi: MessageBroker-11
2025-12-16 15:14:48,281 INFO c.e.a.s.NotificationService [MessageBroker-11] ⏰ [Scheduler] Báo cáo hệ thống lúc: 2025-12-16T15:14:48.281452630 - Bởi: MessageBroker-11
2025-12-16 15:15:18,281 INFO c.e.a.s.NotificationService [MessageBroker-11] ⏰ [Scheduler] Báo cáo hệ thống lúc: 2025-12-16T15:15:18.281144517 - Bởi: MessageBroker-11
2025-12-16 15:15:48,281 INFO c.e.a.s.NotificationService [MessageBroker-11] ⏰ [Scheduler] Báo cáo hệ thống lúc: 2025-12-16T15:15:48.281462601 - Bởi: MessageBroker-11
2025-12-16 15:16:18,281 INFO c.e.a.s.NotificationService [MessageBroker-11] ⏰ [Scheduler] Báo cáo hệ thống lúc: 2025-12-16T15:16:18.281307452 - Bởi: MessageBroker-11
2025-12-16 15:16:48,281 INFO c.e.a.s.NotificationService [MessageBroker-11] ⏰ [Scheduler] Báo cáo hệ thống lúc: 2025-12-16T15:16:48.281344406 - Bởi: MessageBroker-11
2025-12-16 15:17:18,281 INFO c.e.a.s.NotificationService [MessageBroker-11] ⏰ [Scheduler] Báo cáo hệ thống lúc: 2025-12-16T15:17:18.281306550 - Bởi: MessageBroker-11
2025-12-16 15:17:48,281 INFO c.e.a.s.NotificationService [MessageBroker-11] ⏰ [Scheduler] Báo cáo hệ thống lúc: 2025-12-16T15:17:48.281279731 - Bởi: MessageBroker-11
2025-12-16 15:18:18,281 INFO c.e.a.s.NotificationService [MessageBroker-11] ⏰ [Scheduler] Báo cáo hệ thống lúc: 2025-12-16T15:18:18.281330050 - Bởi: MessageBroker-11
2025-12-16 15:18:48,281 INFO c.e.a.s.NotificationService [MessageBroker-11] ⏰ [Scheduler] Báo cáo hệ thống lúc: 2025-12-16T15:18:48.281308759 - Bởi: MessageBroker-11
2025-12-16 15:19:18,281 INFO c.e.a.s.NotificationService [MessageBroker-11] ⏰ [Scheduler] Báo cáo hệ thống lúc: 2025-12-16T15:19:18.281233973 - Bởi: MessageBroker-11
2025-12-16 15:19:48,281 INFO c.e.a.s.NotificationService [MessageBroker-11] ⏰ [Scheduler] Báo cáo hệ thống lúc: 2025-12-16T15:19:48.281376376 - Bởi: MessageBroker-11
2025-12-16 15:20:18,281 INFO c.e.a.s.NotificationService [MessageBroker-11] ⏰ [Scheduler] Báo cáo hệ thống lúc: 2025-12-16T15:20:18.281209831 - Bởi: MessageBroker-11
2025-12-16 15:20:48,281 INFO c.e.a.s.NotificationService [MessageBroker-11] ⏰ [Scheduler] Báo cáo hệ thống lúc: 2025-12-16T15:20:48.281328832 - Bởi: MessageBroker-11
2025-12-16 15:21:18,281 INFO c.e.a.s.NotificationService [MessageBroker-11] ⏰ [Scheduler] Báo cáo hệ thống lúc: 2025-12-16T15:21:18.281198880 - Bởi: MessageBroker-11
2025-12-16 15:21:48,281 INFO c.e.a.s.NotificationService [MessageBroker-11] ⏰ [Scheduler] Báo cáo hệ thống lúc: 2025-12-16T15:21:48.281328677 - Bởi: MessageBroker-11
2025-12-16 15:22:18,281 INFO c.e.a.s.NotificationService [MessageBroker-11] ⏰ [Scheduler] Báo cáo hệ thống lúc: 2025-12-16T15:22:18.281321075 - Bởi: MessageBroker-11
2025-12-16 15:22:48,281 INFO c.e.a.s.NotificationService [MessageBroker-11] ⏰ [Scheduler] Báo cáo hệ thống lúc: 2025-12-16T15:22:48.281224878 - Bởi: MessageBroker-11
2025-12-16 15:23:18,281 INFO c.e.a.s.NotificationService [MessageBroker-11] ⏰ [Scheduler] Báo cáo hệ thống lúc: 2025-12-16T15:23:18.281095597 - Bởi: MessageBroker-11
2025-12-16 15:23:48,281 INFO c.e.a.s.NotificationService [MessageBroker-11] ⏰ [Scheduler] Báo cáo hệ thống lúc: 2025-12-16T15:23:48.281358992 - Bởi: MessageBroker-11
2025-12-16 15:24:18,281 INFO c.e.a.s.NotificationService [MessageBroker-11] ⏰ [Scheduler] Báo cáo hệ thống lúc: 2025-12-16T15:24:18.281352273 - Bởi: MessageBroker-11
2025-12-16 15:24:48,281 INFO c.e.a.s.NotificationService [MessageBroker-11] ⏰ [Scheduler] Báo cáo hệ thống lúc: 2025-12-16T15:24:48.281562062 - Bởi: MessageBroker-11
2025-12-16 15:25:18,281 INFO c.e.a.s.NotificationService [MessageBroker-11] ⏰ [Scheduler] Báo cáo hệ thống lúc: 2025-12-16T15:25:18.281401285 - Bởi: MessageBroker-11
2025-12-16 15:25:48,281 INFO c.e.a.s.NotificationService [MessageBroker-11] ⏰ [Scheduler] Báo cáo hệ thống lúc: 2025-12-16T15:25:48.281329862 - Bởi: MessageBroker-11
2025-12-16 15:26:18,281 INFO c.e.a.s.NotificationService [MessageBroker-11] ⏰ [Scheduler] Báo cáo hệ thống lúc: 2025-12-16T15:26:18.281233811 - Bởi: MessageBroker-11
2025-12-16 15:26:48,281 INFO c.e.a.s.NotificationService [MessageBroker-11] ⏰ [Scheduler] Báo cáo hệ thống lúc: 2025-12-16T15:26:48.281459158 - Bởi: MessageBroker-11
2025-12-16 15:27:18,281 INFO c.e.a.s.NotificationService [MessageBroker-11] ⏰ [Scheduler] Báo cáo hệ thống lúc: 2025-12-16T15:27:18.281534474 - Bởi: MessageBroker-11
2025-12-16 15:27:48,281 INFO c.e.a.s.NotificationService [MessageBroker-11] ⏰ [Scheduler] Báo cáo hệ thống lúc: 2025-12-16T15:27:48.281221288 - Bởi: MessageBroker-11
2025-12-16 15:28:18,281 INFO c.e.a.s.NotificationService [MessageBroker-11] ⏰ [Scheduler] Báo cáo hệ thống lúc: 2025-12-16T15:28:18.281371490 - Bởi: MessageBroker-11
2025-12-16 15:28:48,281 INFO c.e.a.s.NotificationService [MessageBroker-11] ⏰ [Scheduler] Báo cáo hệ thống lúc: 2025-12-16T15:28:48.281568207 - Bởi: MessageBroker-11
2025-12-16 15:29:18,281 INFO c.e.a.s.NotificationService [MessageBroker-11] ⏰ [Scheduler] Báo cáo hệ thống lúc: 2025-12-16T15:29:18.281290109 - Bởi: MessageBroker-11
2025-12-16 15:29:48,281 INFO c.e.a.s.NotificationService [MessageBroker-11] ⏰ [Scheduler] Báo cáo hệ thống lúc: 2025-12-16T15:29:48.281296743 - Bởi: MessageBroker-11
2025-12-16 15:30:18,281 INFO c.e.a.s.NotificationService [MessageBroker-11] ⏰ [Scheduler] Báo cáo hệ thống lúc: 2025-12-16T15:30:18.281392307 - Bởi: MessageBroker-11
2025-12-16 15:30:48,281 INFO c.e.a.s.NotificationService [MessageBroker-11] ⏰ [Scheduler] Báo cáo hệ thống lúc: 2025-12-16T15:30:48.281375093 - Bởi: MessageBroker-11
2025-12-16 15:31:18,281 INFO c.e.a.s.NotificationService [MessageBroker-11] ⏰ [Scheduler] Báo cáo hệ thống lúc: 2025-12-16T15:31:18.281301724 - Bởi: MessageBroker-11
2025-12-16 15:31:48,281 INFO c.e.a.s.NotificationService [MessageBroker-11] ⏰ [Scheduler] Báo cáo hệ thống lúc: 2025-12-16T15:31:48.281342780 - Bởi: MessageBroker-11
2025-12-16 15:32:18,281 INFO c.e.a.s.NotificationService [MessageBroker-11] ⏰ [Scheduler] Báo cáo hệ thống lúc: 2025-12-16T15:32:18.281565376 - Bởi: MessageBroker-11
2025-12-16 15:32:48,281 INFO c.e.a.s.NotificationService [MessageBroker-11] ⏰ [Scheduler] Báo cáo hệ thống lúc: 2025-12-16T15:32:48.281298875 - Bởi: MessageBroker-11
2025-12-16 15:33:18,281 INFO c.e.a.s.NotificationService [MessageBroker-11] ⏰ [Scheduler] Báo cáo hệ thống lúc: 2025-12-16T15:33:18.281185402 - Bởi: MessageBroker-11
2025-12-16 15:33:48,281 INFO c.e.a.s.NotificationService [MessageBroker-11] ⏰ [Scheduler] Báo cáo hệ thống lúc: 2025-12-16T15:33:48.281380636 - Bởi: MessageBroker-11
2025-12-16 15:34:18,281 INFO c.e.a.s.NotificationService [MessageBroker-11] ⏰ [Scheduler] Báo cáo hệ thống lúc: 2025-12-16T15:34:18.281299462 - Bởi: MessageBroker-11
2025-12-16 15:34:48,271 INFO o.s.w.s.c.WebSocketMessageBrokerStats [MessageBroker-4] WebSocketSession[0 current WS(0)-HttpStream(0)-HttpPoll(0), 0 total, 0 closed abnormally (0 connect failure, 0 send limit, 0 transport error)], stompSubProtocol[processed CONNECT(0)-CONNECTED(0)-DISCONNECT(0)], stompBrokerRelay[null], inboundChannel[pool size = 0, active threads = 0, queued tasks = 0, completed tasks = 0], outboundChannel[pool size = 0, active threads = 0, queued tasks = 0, completed tasks = 0], sockJsScheduler[pool size = 16, active threads = 1, queued tasks = 1, completed tasks = 63]
2025-12-16 15:34:48,281 INFO c.e.a.s.NotificationService [MessageBroker-9] ⏰ [Scheduler] Báo cáo hệ thống lúc: 2025-12-16T15:34:48.281214519 - Bởi: MessageBroker-9
2025-12-16 15:35:18,282 INFO c.e.a.s.NotificationService [MessageBroker-9] ⏰ [Scheduler] Báo cáo hệ thống lúc: 2025-12-16T15:35:18.282047109 - Bởi: MessageBroker-9
2025-12-16 15:35:48,281 INFO c.e.a.s.NotificationService [MessageBroker-9] ⏰ [Scheduler] Báo cáo hệ thống lúc: 2025-12-16T15:35:48.281325478 - Bởi: MessageBroker-9
2025-12-16 15:36:18,281 INFO c.e.a.s.NotificationService [MessageBroker-9] ⏰ [Scheduler] Báo cáo hệ thống lúc: 2025-12-16T15:36:18.281111379 - Bởi: MessageBroker-9
2025-12-16 15:36:48,281 INFO c.e.a.s.NotificationService [MessageBroker-9] ⏰ [Scheduler] Báo cáo hệ thống lúc: 2025-12-16T15:36:48.281255978 - Bởi: MessageBroker-9
2025-12-16 15:37:18,281 INFO c.e.a.s.NotificationService [MessageBroker-9] ⏰ [Scheduler] Báo cáo hệ thống lúc: 2025-12-16T15:37:18.281291826 - Bởi: MessageBroker-9
2025-12-16 15:37:48,281 INFO c.e.a.s.NotificationService [MessageBroker-9] ⏰ [Scheduler] Báo cáo hệ thống lúc: 2025-12-16T15:37:48.281222251 - Bởi: MessageBroker-9
2025-12-16 15:38:18,281 INFO c.e.a.s.NotificationService [MessageBroker-9] ⏰ [Scheduler] Báo cáo hệ thống lúc: 2025-12-16T15:38:18.281308520 - Bởi: MessageBroker-9
2025-12-16 15:38:48,281 INFO c.e.a.s.NotificationService [MessageBroker-9] ⏰ [Scheduler] Báo cáo hệ thống lúc: 2025-12-16T15:38:48.281098373 - Bởi: MessageBroker-9
2025-12-16 15:39:18,281 INFO c.e.a.s.NotificationService [MessageBroker-9] ⏰ [Scheduler] Báo cáo hệ thống lúc: 2025-12-16T15:39:18.281330813 - Bởi: MessageBroker-9
2025-12-16 15:39:48,281 INFO c.e.a.s.NotificationService [MessageBroker-9] ⏰ [Scheduler] Báo cáo hệ thống lúc: 2025-12-16T15:39:48.281113293 - Bởi: MessageBroker-9
2025-12-16 15:40:18,281 INFO c.e.a.s.NotificationService [MessageBroker-9] ⏰ [Scheduler] Báo cáo hệ thống lúc: 2025-12-16T15:40:18.281397600 - Bởi: MessageBroker-9
2025-12-16 15:40:48,281 INFO c.e.a.s.NotificationService [MessageBroker-9] ⏰ [Scheduler] Báo cáo hệ thống lúc: 2025-12-16T15:40:48.281275413 - Bởi: MessageBroker-9
2025-12-16 15:41:18,281 INFO c.e.a.s.NotificationService [MessageBroker-9] ⏰ [Scheduler] Báo cáo hệ thống lúc: 2025-12-16T15:41:18.281331740 - Bởi: MessageBroker-9
2025-12-16 15:41:48,281 INFO c.e.a.s.NotificationService [MessageBroker-9] ⏰ [Scheduler] Báo cáo hệ thống lúc: 2025-12-16T15:41:48.281264328 - Bởi: MessageBroker-9
2025-12-16 15:42:18,281 INFO c.e.a.s.NotificationService [MessageBroker-9] ⏰ [Scheduler] Báo cáo hệ thống lúc: 2025-12-16T15:42:18.281365980 - Bởi: MessageBroker-9
2025-12-16 15:42:48,281 INFO c.e.a.s.NotificationService [MessageBroker-9] ⏰ [Scheduler] Báo cáo hệ thống lúc: 2025-12-16T15:42:48.281240551 - Bởi: MessageBroker-9
2025-12-16 15:43:18,281 INFO c.e.a.s.NotificationService [MessageBroker-9] ⏰ [Scheduler] Báo cáo hệ thống lúc: 2025-12-16T15:43:18.281340046 - Bởi: MessageBroker-9
2025-12-16 15:43:48,281 INFO c.e.a.s.NotificationService [MessageBroker-9] ⏰ [Scheduler] Báo cáo hệ thống lúc: 2025-12-16T15:43:48.281329899 - Bởi: MessageBroker-9
2025-12-16 15:44:18,281 INFO c.e.a.s.NotificationService [MessageBroker-9] ⏰ [Scheduler] Báo cáo hệ thống lúc: 2025-12-16T15:44:18.281202989 - Bởi: MessageBroker-9
2025-12-16 15:44:48,281 INFO c.e.a.s.NotificationService [MessageBroker-9] ⏰ [Scheduler] Báo cáo hệ thống lúc: 2025-12-16T15:44:48.281273397 - Bởi: MessageBroker-9
2025-12-16 15:45:18,281 INFO c.e.a.s.NotificationService [MessageBroker-9] ⏰ [Scheduler] Báo cáo hệ thống lúc: 2025-12-16T15:45:18.281318211 - Bởi: MessageBroker-9
2025-12-16 15:45:48,281 INFO c.e.a.s.NotificationService [MessageBroker-9] ⏰ [Scheduler] Báo cáo hệ thống lúc: 2025-12-16T15:45:48.281219742 - Bởi: MessageBroker-9
2025-12-16 15:46:18,281 INFO c.e.a.s.NotificationService [MessageBroker-9] ⏰ [Scheduler] Báo cáo hệ thống lúc: 2025-12-16T15:46:18.281313735 - Bởi: MessageBroker-9
2025-12-16 15:46:48,281 INFO c.e.a.s.NotificationService [MessageBroker-9] ⏰ [Scheduler] Báo cáo hệ thống lúc: 2025-12-16T15:46:48.281314093 - Bởi: MessageBroker-9
2025-12-16 15:47:18,281 INFO c.e.a.s.NotificationService [MessageBroker-9] ⏰ [Scheduler] Báo cáo hệ thống lúc: 2025-12-16T15:47:18.281312931 - Bởi: MessageBroker-9
2025-12-16 15:47:48,281 INFO c.e.a.s.NotificationService [MessageBroker-9] ⏰ [Scheduler] Báo cáo hệ thống lúc: 2025-12-16T15:47:48.281263427 - Bởi: MessageBroker-9
2025-12-16 15:48:18,281 INFO c.e.a.s.NotificationService [MessageBroker-9] ⏰ [Scheduler] Báo cáo hệ thống lúc: 2025-12-16T15:48:18.281305731 - Bởi: MessageBroker-9
2025-12-16 15:48:48,281 INFO c.e.a.s.NotificationService [MessageBroker-9] ⏰ [Scheduler] Báo cáo hệ thống lúc: 2025-12-16T15:48:48.281327892 - Bởi: MessageBroker-9
2025-12-16 15:49:18,281 INFO c.e.a.s.NotificationService [MessageBroker-9] ⏰ [Scheduler] Báo cáo hệ thống lúc: 2025-12-16T15:49:18.281287463 - Bởi: MessageBroker-9
2025-12-16 15:49:48,281 INFO c.e.a.s.NotificationService [MessageBroker-9] ⏰ [Scheduler] Báo cáo hệ thống lúc: 2025-12-16T15:49:48.281295861 - Bởi: MessageBroker-9
2025-12-16 15:50:18,281 INFO c.e.a.s.NotificationService [MessageBroker-9] ⏰ [Scheduler] Báo cáo hệ thống lúc: 2025-12-16T15:50:18.281331328 - Bởi: MessageBroker-9
2025-12-16 15:50:48,281 INFO c.e.a.s.NotificationService [MessageBroker-9] ⏰ [Scheduler] Báo cáo hệ thống lúc: 2025-12-16T15:50:48.281308328 - Bởi: MessageBroker-9
2025-12-16 15:51:18,281 INFO c.e.a.s.NotificationService [MessageBroker-9] ⏰ [Scheduler] Báo cáo hệ thống lúc: 2025-12-16T15:51:18.281334459 - Bởi: MessageBroker-9
2025-12-16 15:51:48,281 INFO c.e.a.s.NotificationService [MessageBroker-9] ⏰ [Scheduler] Báo cáo hệ thống lúc: 2025-12-16T15:51:48.281286129 - Bởi: MessageBroker-9
2025-12-16 15:52:18,281 INFO c.e.a.s.NotificationService [MessageBroker-9] ⏰ [Scheduler] Báo cáo hệ thống lúc: 2025-12-16T15:52:18.281303727 - Bởi: MessageBroker-9
2025-12-16 15:52:48,281 INFO c.e.a.s.NotificationService [MessageBroker-9] ⏰ [Scheduler] Báo cáo hệ thống lúc: 2025-12-16T15:52:48.281322231 - Bởi: MessageBroker-9
2025-12-16 15:53:18,281 INFO c.e.a.s.NotificationService [MessageBroker-9] ⏰ [Scheduler] Báo cáo hệ thống lúc: 2025-12-16T15:53:18.281288454 - Bởi: MessageBroker-9
2025-12-16 15:53:48,281 INFO c.e.a.s.NotificationService [MessageBroker-9] ⏰ [Scheduler] Báo cáo hệ thống lúc: 2025-12-16T15:53:48.281310575 - Bởi: MessageBroker-9
2025-12-16 15:54:18,281 INFO c.e.a.s.NotificationService [MessageBroker-9] ⏰ [Scheduler] Báo cáo hệ thống lúc: 2025-12-16T15:54:18.281228957 - Bởi: MessageBroker-9
2025-12-16 15:54:48,281 INFO c.e.a.s.NotificationService [MessageBroker-9] ⏰ [Scheduler] Báo cáo hệ thống lúc: 2025-12-16T15:54:48.281334375 - Bởi: MessageBroker-9
2025-12-16 15:55:18,281 INFO c.e.a.s.NotificationService [MessageBroker-9] ⏰ [Scheduler] Báo cáo hệ thống lúc: 2025-12-16T15:55:18.281462412 - Bởi: MessageBroker-9
2025-12-16 15:55:48,281 INFO c.e.a.s.NotificationService [MessageBroker-9] ⏰ [Scheduler] Báo cáo hệ thống lúc: 2025-12-16T15:55:48.281344211 - Bởi: MessageBroker-9
2025-12-16 15:56:18,281 INFO c.e.a.s.NotificationService [MessageBroker-9] ⏰ [Scheduler] Báo cáo hệ thống lúc: 2025-12-16T15:56:18.281397323 - Bởi: MessageBroker-9
2025-12-16 15:56:48,281 INFO c.e.a.s.NotificationService [MessageBroker-9] ⏰ [Scheduler] Báo cáo hệ thống lúc: 2025-12-16T15:56:48.281319437 - Bởi: MessageBroker-9
2025-12-16 15:57:18,281 INFO c.e.a.s.NotificationService [MessageBroker-9] ⏰ [Scheduler] Báo cáo hệ thống lúc: 2025-12-16T15:57:18.281364787 - Bởi: MessageBroker-9
2025-12-16 15:57:48,281 INFO c.e.a.s.NotificationService [MessageBroker-9] ⏰ [Scheduler] Báo cáo hệ thống lúc: 2025-12-16T15:57:48.281325197 - Bởi: MessageBroker-9
2025-12-16 15:58:18,281 INFO c.e.a.s.NotificationService [MessageBroker-9] ⏰ [Scheduler] Báo cáo hệ thống lúc: 2025-12-16T15:58:18.281337216 - Bởi: MessageBroker-9
2025-12-16 15:58:48,281 INFO c.e.a.s.NotificationService [MessageBroker-9] ⏰ [Scheduler] Báo cáo hệ thống lúc: 2025-12-16T15:58:48.281534945 - Bởi: MessageBroker-9
2025-12-16 16:00:31,351 INFO c.e.a.s.NotificationService [MessageBroker-9] ⏰ [Scheduler] Báo cáo hệ thống lúc: 2025-12-16T16:00:31.351031226 - Bởi: MessageBroker-9
2025-12-16 16:01:19,033 INFO c.e.a.s.NotificationService [MessageBroker-9] ⏰ [Scheduler] Báo cáo hệ thống lúc: 2025-12-16T16:01:19.033242315 - Bởi: MessageBroker-9
2025-12-16 16:01:49,033 INFO c.e.a.s.NotificationService [MessageBroker-9] ⏰ [Scheduler] Báo cáo hệ thống lúc: 2025-12-16T16:01:49.033308084 - Bởi: MessageBroker-9
2025-12-16 16:02:19,033 INFO c.e.a.s.NotificationService [MessageBroker-9] ⏰ [Scheduler] Báo cáo hệ thống lúc: 2025-12-16T16:02:19.033279341 - Bởi: MessageBroker-9
2025-12-16 16:02:49,033 INFO c.e.a.s.NotificationService [MessageBroker-9] ⏰ [Scheduler] Báo cáo hệ thống lúc: 2025-12-16T16:02:49.033288086 - Bởi: MessageBroker-9
2025-12-16 16:03:19,033 INFO c.e.a.s.NotificationService [MessageBroker-9] ⏰ [Scheduler] Báo cáo hệ thống lúc: 2025-12-16T16:03:19.033257710 - Bởi: MessageBroker-9
2025-12-16 16:03:49,033 INFO c.e.a.s.NotificationService [MessageBroker-9] ⏰ [Scheduler] Báo cáo hệ thống lúc: 2025-12-16T16:03:49.033262438 - Bởi: MessageBroker-9
2025-12-16 16:04:19,033 INFO c.e.a.s.NotificationService [MessageBroker-9] ⏰ [Scheduler] Báo cáo hệ thống lúc: 2025-12-16T16:04:19.033289279 - Bởi: MessageBroker-9
2025-12-16 16:04:49,033 INFO c.e.a.s.NotificationService [MessageBroker-9] ⏰ [Scheduler] Báo cáo hệ thống lúc: 2025-12-16T16:04:49.033352986 - Bởi: MessageBroker-9
2025-12-16 16:05:19,033 INFO c.e.a.s.NotificationService [MessageBroker-9] ⏰ [Scheduler] Báo cáo hệ thống lúc: 2025-12-16T16:05:19.033280528 - Bởi: MessageBroker-9
2025-12-16 16:05:49,033 INFO c.e.a.s.NotificationService [MessageBroker-9] ⏰ [Scheduler] Báo cáo hệ thống lúc: 2025-12-16T16:05:49.033271482 - Bởi: MessageBroker-9
2025-12-16 16:06:19,024 INFO o.s.w.s.c.WebSocketMessageBrokerStats [MessageBroker-4] WebSocketSession[0 current WS(0)-HttpStream(0)-HttpPoll(0), 0 total, 0 closed abnormally (0 connect failure, 0 send limit, 0 transport error)], stompSubProtocol[processed CONNECT(0)-CONNECTED(0)-DISCONNECT(0)], stompBrokerRelay[null], inboundChannel[pool size = 0, active threads = 0, queued tasks = 0, completed tasks = 0], outboundChannel[pool size = 0, active threads = 0, queued tasks = 0, completed tasks = 0], sockJsScheduler[pool size = 16, active threads = 1, queued tasks = 1, completed tasks = 124]
2025-12-16 16:06:19,033 INFO c.e.a.s.NotificationService [MessageBroker-12] ⏰ [Scheduler] Báo cáo hệ thống lúc: 2025-12-16T16:06:19.033361261 - Bởi: MessageBroker-12
2025-12-16 16:06:49,033 INFO c.e.a.s.NotificationService [MessageBroker-12] ⏰ [Scheduler] Báo cáo hệ thống lúc: 2025-12-16T16:06:49.033480263 - Bởi: MessageBroker-12
2025-12-16 16:07:19,033 INFO c.e.a.s.NotificationService [MessageBroker-12] ⏰ [Scheduler] Báo cáo hệ thống lúc: 2025-12-16T16:07:19.033461529 - Bởi: MessageBroker-12
2025-12-16 16:07:49,033 INFO c.e.a.s.NotificationService [MessageBroker-12] ⏰ [Scheduler] Báo cáo hệ thống lúc: 2025-12-16T16:07:49.033358811 - Bởi: MessageBroker-12
2025-12-16 16:08:19,033 INFO c.e.a.s.NotificationService [MessageBroker-12] ⏰ [Scheduler] Báo cáo hệ thống lúc: 2025-12-16T16:08:19.033388803 - Bởi: MessageBroker-12
2025-12-16 16:08:49,033 INFO c.e.a.s.NotificationService [MessageBroker-12] ⏰ [Scheduler] Báo cáo hệ thống lúc: 2025-12-16T16:08:49.033409691 - Bởi: MessageBroker-12
2025-12-16 16:09:19,033 INFO c.e.a.s.NotificationService [MessageBroker-12] ⏰ [Scheduler] Báo cáo hệ thống lúc: 2025-12-16T16:09:19.033263372 - Bởi: MessageBroker-12
2025-12-16 16:09:49,033 INFO c.e.a.s.NotificationService [MessageBroker-12] ⏰ [Scheduler] Báo cáo hệ thống lúc: 2025-12-16T16:09:49.033247786 - Bởi: MessageBroker-12
2025-12-16 16:10:19,033 INFO c.e.a.s.NotificationService [MessageBroker-12] ⏰ [Scheduler] Báo cáo hệ thống lúc: 2025-12-16T16:10:19.033266441 - Bởi: MessageBroker-12
2025-12-16 16:10:49,033 INFO c.e.a.s.NotificationService [MessageBroker-12] ⏰ [Scheduler] Báo cáo hệ thống lúc: 2025-12-16T16:10:49.033262100 - Bởi: MessageBroker-12
2025-12-16 16:11:19,033 INFO c.e.a.s.NotificationService [MessageBroker-12] ⏰ [Scheduler] Báo cáo hệ thống lúc: 2025-12-16T16:11:19.033406197 - Bởi: MessageBroker-12
2025-12-16 16:11:49,033 INFO c.e.a.s.NotificationService [MessageBroker-12] ⏰ [Scheduler] Báo cáo hệ thống lúc: 2025-12-16T16:11:49.033269977 - Bởi: MessageBroker-12
2025-12-16 16:12:19,033 INFO c.e.a.s.NotificationService [MessageBroker-12] ⏰ [Scheduler] Báo cáo hệ thống lúc: 2025-12-16T16:12:19.033285963 - Bởi: MessageBroker-12
2025-12-16 16:12:49,033 INFO c.e.a.s.NotificationService [MessageBroker-12] ⏰ [Scheduler] Báo cáo hệ thống lúc: 2025-12-16T16:12:49.033181610 - Bởi: MessageBroker-12
2025-12-16 16:13:19,033 INFO c.e.a.s.NotificationService [MessageBroker-12] ⏰ [Scheduler] Báo cáo hệ thống lúc: 2025-12-16T16:13:19.033264809 - Bởi: MessageBroker-12
2025-12-16 16:13:49,033 INFO c.e.a.s.NotificationService [MessageBroker-12] ⏰ [Scheduler] Báo cáo hệ thống lúc: 2025-12-16T16:13:49.033253365 - Bởi: MessageBroker-12
2025-12-16 16:14:19,033 INFO c.e.a.s.NotificationService [MessageBroker-12] ⏰ [Scheduler] Báo cáo hệ thống lúc: 2025-12-16T16:14:19.033232001 - Bởi: MessageBroker-12
2025-12-16 16:14:49,033 INFO c.e.a.s.NotificationService [MessageBroker-12] ⏰ [Scheduler] Báo cáo hệ thống lúc: 2025-12-16T16:14:49.033252282 - Bởi: MessageBroker-12
2025-12-16 16:15:19,033 INFO c.e.a.s.NotificationService [MessageBroker-12] ⏰ [Scheduler] Báo cáo hệ thống lúc: 2025-12-16T16:15:19.033241848 - Bởi: MessageBroker-12
2025-12-16 16:15:49,033 INFO c.e.a.s.NotificationService [MessageBroker-12] ⏰ [Scheduler] Báo cáo hệ thống lúc: 2025-12-16T16:15:49.033192613 - Bởi: MessageBroker-12
2025-12-16 16:16:19,033 INFO c.e.a.s.NotificationService [MessageBroker-12] ⏰ [Scheduler] Báo cáo hệ thống lúc: 2025-12-16T16:16:19.033219014 - Bởi: MessageBroker-12
2025-12-16 16:16:49,033 INFO c.e.a.s.NotificationService [MessageBroker-12] ⏰ [Scheduler] Báo cáo hệ thống lúc: 2025-12-16T16:16:49.033240886 - Bởi: MessageBroker-12
2025-12-16 16:17:19,033 INFO c.e.a.s.NotificationService [MessageBroker-12] ⏰ [Scheduler] Báo cáo hệ thống lúc: 2025-12-16T16:17:19.033475815 - Bởi: MessageBroker-12
2025-12-16 16:17:49,033 INFO c.e.a.s.NotificationService [MessageBroker-12] ⏰ [Scheduler] Báo cáo hệ thống lúc: 2025-12-16T16:17:49.033273166 - Bởi: MessageBroker-12
2025-12-16 16:18:19,033 INFO c.e.a.s.NotificationService [MessageBroker-12] ⏰ [Scheduler] Báo cáo hệ thống lúc: 2025-12-16T16:18:19.033219755 - Bởi: MessageBroker-12
2025-12-16 16:18:49,033 INFO c.e.a.s.NotificationService [MessageBroker-12] ⏰ [Scheduler] Báo cáo hệ thống lúc: 2025-12-16T16:18:49.033309785 - Bởi: MessageBroker-12
2025-12-16 16:19:19,033 INFO c.e.a.s.NotificationService [MessageBroker-12] ⏰ [Scheduler] Báo cáo hệ thống lúc: 2025-12-16T16:19:19.033274482 - Bởi: MessageBroker-12
2025-12-16 16:19:49,033 INFO c.e.a.s.NotificationService [MessageBroker-12] ⏰ [Scheduler] Báo cáo hệ thống lúc: 2025-12-16T16:19:49.033269152 - Bởi: MessageBroker-12
2025-12-16 16:20:19,033 INFO c.e.a.s.NotificationService [MessageBroker-12] ⏰ [Scheduler] Báo cáo hệ thống lúc: 2025-12-16T16:20:19.033246628 - Bởi: MessageBroker-12
2025-12-16 16:20:49,033 INFO c.e.a.s.NotificationService [MessageBroker-12] ⏰ [Scheduler] Báo cáo hệ thống lúc: 2025-12-16T16:20:49.033235790 - Bởi: MessageBroker-12
2025-12-16 16:21:19,033 INFO c.e.a.s.NotificationService [MessageBroker-12] ⏰ [Scheduler] Báo cáo hệ thống lúc: 2025-12-16T16:21:19.033221815 - Bởi: MessageBroker-12
2025-12-16 16:21:49,033 INFO c.e.a.s.NotificationService [MessageBroker-12] ⏰ [Scheduler] Báo cáo hệ thống lúc: 2025-12-16T16:21:49.033185426 - Bởi: MessageBroker-12
2025-12-16 16:22:19,033 INFO c.e.a.s.NotificationService [MessageBroker-12] ⏰ [Scheduler] Báo cáo hệ thống lúc: 2025-12-16T16:22:19.033229059 - Bởi: MessageBroker-12
2025-12-16 16:22:49,033 INFO c.e.a.s.NotificationService [MessageBroker-12] ⏰ [Scheduler] Báo cáo hệ thống lúc: 2025-12-16T16:22:49.033166063 - Bởi: MessageBroker-12
2025-12-16 16:23:19,033 INFO c.e.a.s.NotificationService [MessageBroker-12] ⏰ [Scheduler] Báo cáo hệ thống lúc: 2025-12-16T16:23:19.033081924 - Bởi: MessageBroker-12
2025-12-16 16:23:49,033 INFO c.e.a.s.NotificationService [MessageBroker-12] ⏰ [Scheduler] Báo cáo hệ thống lúc: 2025-12-16T16:23:49.033106359 - Bởi: MessageBroker-12
2025-12-16 16:24:19,033 INFO c.e.a.s.NotificationService [MessageBroker-12] ⏰ [Scheduler] Báo cáo hệ thống lúc: 2025-12-16T16:24:19.033165221 - Bởi: MessageBroker-12
2025-12-16 16:24:49,033 INFO c.e.a.s.NotificationService [MessageBroker-12] ⏰ [Scheduler] Báo cáo hệ thống lúc: 2025-12-16T16:24:49.033197358 - Bởi: MessageBroker-12
2025-12-16 16:25:19,033 INFO c.e.a.s.NotificationService [MessageBroker-12] ⏰ [Scheduler] Báo cáo hệ thống lúc: 2025-12-16T16:25:19.033119519 - Bởi: MessageBroker-12
2025-12-16 16:25:49,033 INFO c.e.a.s.NotificationService [MessageBroker-12] ⏰ [Scheduler] Báo cáo hệ thống lúc: 2025-12-16T16:25:49.033264402 - Bởi: MessageBroker-12
2025-12-16 16:26:19,033 INFO c.e.a.s.NotificationService [MessageBroker-12] ⏰ [Scheduler] Báo cáo hệ thống lúc: 2025-12-16T16:26:19.033287591 - Bởi: MessageBroker-12
2025-12-16 16:26:49,033 INFO c.e.a.s.NotificationService [MessageBroker-12] ⏰ [Scheduler] Báo cáo hệ thống lúc: 2025-12-16T16:26:49.033279765 - Bởi: MessageBroker-12
2025-12-16 16:27:19,033 INFO c.e.a.s.NotificationService [MessageBroker-12] ⏰ [Scheduler] Báo cáo hệ thống lúc: 2025-12-16T16:27:19.033353482 - Bởi: MessageBroker-12
2025-12-16 16:27:49,033 INFO c.e.a.s.NotificationService [MessageBroker-12] ⏰ [Scheduler] Báo cáo hệ thống lúc: 2025-12-16T16:27:49.033197094 - Bởi: MessageBroker-12
2025-12-16 16:28:19,033 INFO c.e.a.s.NotificationService [MessageBroker-12] ⏰ [Scheduler] Báo cáo hệ thống lúc: 2025-12-16T16:28:19.033334689 - Bởi: MessageBroker-12
2025-12-16 16:28:49,033 INFO c.e.a.s.NotificationService [MessageBroker-12] ⏰ [Scheduler] Báo cáo hệ thống lúc: 2025-12-16T16:28:49.033215438 - Bởi: MessageBroker-12
2025-12-16 16:29:19,033 INFO c.e.a.s.NotificationService [MessageBroker-12] ⏰ [Scheduler] Báo cáo hệ thống lúc: 2025-12-16T16:29:19.033273537 - Bởi: MessageBroker-12
2025-12-16 16:29:49,033 INFO c.e.a.s.NotificationService [MessageBroker-12] ⏰ [Scheduler] Báo cáo hệ thống lúc: 2025-12-16T16:29:49.033281179 - Bởi: MessageBroker-12
2025-12-16 16:30:19,033 INFO c.e.a.s.NotificationService [MessageBroker-12] ⏰ [Scheduler] Báo cáo hệ thống lúc: 2025-12-16T16:30:19.033238296 - Bởi: MessageBroker-12
2025-12-16 16:30:49,033 INFO c.e.a.s.NotificationService [MessageBroker-12] ⏰ [Scheduler] Báo cáo hệ thống lúc: 2025-12-16T16:30:49.033273671 - Bởi: MessageBroker-12
2025-12-16 16:31:19,033 INFO c.e.a.s.NotificationService [MessageBroker-12] ⏰ [Scheduler] Báo cáo hệ thống lúc: 2025-12-16T16:31:19.033323179 - Bởi: MessageBroker-12
2025-12-16 16:31:49,033 INFO c.e.a.s.NotificationService [MessageBroker-12] ⏰ [Scheduler] Báo cáo hệ thống lúc: 2025-12-16T16:31:49.033266468 - Bởi: MessageBroker-12
2025-12-16 16:32:19,033 INFO c.e.a.s.NotificationService [MessageBroker-12] ⏰ [Scheduler] Báo cáo hệ thống lúc: 2025-12-16T16:32:19.033256616 - Bởi: MessageBroker-12
2025-12-16 16:32:49,033 INFO c.e.a.s.NotificationService [MessageBroker-12] ⏰ [Scheduler] Báo cáo hệ thống lúc: 2025-12-16T16:32:49.033271547 - Bởi: MessageBroker-12
2025-12-16 16:33:19,033 INFO c.e.a.s.NotificationService [MessageBroker-12] ⏰ [Scheduler] Báo cáo hệ thống lúc: 2025-12-16T16:33:19.033307126 - Bởi: MessageBroker-12
2025-12-16 16:33:49,033 INFO c.e.a.s.NotificationService [MessageBroker-12] ⏰ [Scheduler] Báo cáo hệ thống lúc: 2025-12-16T16:33:49.033286188 - Bởi: MessageBroker-12
2025-12-16 16:34:19,033 INFO c.e.a.s.NotificationService [MessageBroker-12] ⏰ [Scheduler] Báo cáo hệ thống lúc: 2025-12-16T16:34:19.033279994 - Bởi: MessageBroker-12
2025-12-16 16:34:49,934 INFO c.e.a.s.NotificationService [MessageBroker-12] ⏰ [Scheduler] Báo cáo hệ thống lúc: 2025-12-16T16:34:49.934194611 - Bởi: MessageBroker-12
2025-12-16 16:35:19,934 INFO c.e.a.s.NotificationService [MessageBroker-12] ⏰ [Scheduler] Báo cáo hệ thống lúc: 2025-12-16T16:35:19.934196213 - Bởi: MessageBroker-12
2025-12-16 16:35:49,934 INFO c.e.a.s.NotificationService [MessageBroker-12] ⏰ [Scheduler] Báo cáo hệ thống lúc: 2025-12-16T16:35:49.934230783 - Bởi: MessageBroker-12
2025-12-16 16:36:19,926 INFO o.s.w.s.c.WebSocketMessageBrokerStats [MessageBroker-9] WebSocketSession[0 current WS(0)-HttpStream(0)-HttpPoll(0), 0 total, 0 closed abnormally (0 connect failure, 0 send limit, 0 transport error)], stompSubProtocol[processed CONNECT(0)-CONNECTED(0)-DISCONNECT(0)], stompBrokerRelay[null], inboundChannel[pool size = 0, active threads = 0, queued tasks = 0, completed tasks = 0], outboundChannel[pool size = 0, active threads = 0, queued tasks = 0, completed tasks = 0], sockJsScheduler[pool size = 16, active threads = 1, queued tasks = 1, completed tasks = 185]
2025-12-16 16:36:19,934 INFO c.e.a.s.NotificationService [MessageBroker-16] ⏰ [Scheduler] Báo cáo hệ thống lúc: 2025-12-16T16:36:19.934235132 - Bởi: MessageBroker-16
2025-12-16 16:36:49,934 INFO c.e.a.s.NotificationService [MessageBroker-16] ⏰ [Scheduler] Báo cáo hệ thống lúc: 2025-12-16T16:36:49.934301 - Bởi: MessageBroker-16
2025-12-16 16:37:19,934 INFO c.e.a.s.NotificationService [MessageBroker-16] ⏰ [Scheduler] Báo cáo hệ thống lúc: 2025-12-16T16:37:19.934331905 - Bởi: MessageBroker-16
2025-12-16 16:37:49,934 INFO c.e.a.s.NotificationService [MessageBroker-16] ⏰ [Scheduler] Báo cáo hệ thống lúc: 2025-12-16T16:37:49.934243792 - Bởi: MessageBroker-16
2025-12-16 16:38:19,934 INFO c.e.a.s.NotificationService [MessageBroker-16] ⏰ [Scheduler] Báo cáo hệ thống lúc: 2025-12-16T16:38:19.934256960 - Bởi: MessageBroker-16
2025-12-16 16:38:49,934 INFO c.e.a.s.NotificationService [MessageBroker-16] ⏰ [Scheduler] Báo cáo hệ thống lúc: 2025-12-16T16:38:49.934097087 - Bởi: MessageBroker-16
2025-12-16 16:39:19,934 INFO c.e.a.s.NotificationService [MessageBroker-16] ⏰ [Scheduler] Báo cáo hệ thống lúc: 2025-12-16T16:39:19.934114202 - Bởi: MessageBroker-16
2025-12-16 16:39:49,934 INFO c.e.a.s.NotificationService [MessageBroker-16] ⏰ [Scheduler] Báo cáo hệ thống lúc: 2025-12-16T16:39:49.934304587 - Bởi: MessageBroker-16
2025-12-16 16:40:19,934 INFO c.e.a.s.NotificationService [MessageBroker-16] ⏰ [Scheduler] Báo cáo hệ thống lúc: 2025-12-16T16:40:19.934182449 - Bởi: MessageBroker-16
2025-12-16 16:40:49,934 INFO c.e.a.s.NotificationService [MessageBroker-16] ⏰ [Scheduler] Báo cáo hệ thống lúc: 2025-12-16T16:40:49.934176501 - Bởi: MessageBroker-16
2025-12-16 16:41:19,934 INFO c.e.a.s.NotificationService [MessageBroker-16] ⏰ [Scheduler] Báo cáo hệ thống lúc: 2025-12-16T16:41:19.934327871 - Bởi: MessageBroker-16
2025-12-16 16:41:49,934 INFO c.e.a.s.NotificationService [MessageBroker-16] ⏰ [Scheduler] Báo cáo hệ thống lúc: 2025-12-16T16:41:49.934186653 - Bởi: MessageBroker-16
2025-12-16 16:42:19,934 INFO c.e.a.s.NotificationService [MessageBroker-16] ⏰ [Scheduler] Báo cáo hệ thống lúc: 2025-12-16T16:42:19.934106555 - Bởi: MessageBroker-16
2025-12-16 16:42:49,934 INFO c.e.a.s.NotificationService [MessageBroker-16] ⏰ [Scheduler] Báo cáo hệ thống lúc: 2025-12-16T16:42:49.934166442 - Bởi: MessageBroker-16
2025-12-16 16:43:19,934 INFO c.e.a.s.NotificationService [MessageBroker-16] ⏰ [Scheduler] Báo cáo hệ thống lúc: 2025-12-16T16:43:19.934283315 - Bởi: MessageBroker-16
2025-12-16 16:43:49,934 INFO c.e.a.s.NotificationService [MessageBroker-16] ⏰ [Scheduler] Báo cáo hệ thống lúc: 2025-12-16T16:43:49.934186848 - Bởi: MessageBroker-16
2025-12-16 16:44:19,934 INFO c.e.a.s.NotificationService [MessageBroker-16] ⏰ [Scheduler] Báo cáo hệ thống lúc: 2025-12-16T16:44:19.934159921 - Bởi: MessageBroker-16
2025-12-16 16:44:49,934 INFO c.e.a.s.NotificationService [MessageBroker-16] ⏰ [Scheduler] Báo cáo hệ thống lúc: 2025-12-16T16:44:49.934258860 - Bởi: MessageBroker-16
2025-12-16 16:45:19,934 INFO c.e.a.s.NotificationService [MessageBroker-16] ⏰ [Scheduler] Báo cáo hệ thống lúc: 2025-12-16T16:45:19.934297448 - Bởi: MessageBroker-16
2025-12-16 16:45:49,934 INFO c.e.a.s.NotificationService [MessageBroker-16] ⏰ [Scheduler] Báo cáo hệ thống lúc: 2025-12-16T16:45:49.934414581 - Bởi: MessageBroker-16
2025-12-16 16:46:19,934 INFO c.e.a.s.NotificationService [MessageBroker-16] ⏰ [Scheduler] Báo cáo hệ thống lúc: 2025-12-16T16:46:19.934416874 - Bởi: MessageBroker-16
2025-12-16 16:46:49,934 INFO c.e.a.s.NotificationService [MessageBroker-16] ⏰ [Scheduler] Báo cáo hệ thống lúc: 2025-12-16T16:46:49.934497945 - Bởi: MessageBroker-16
2025-12-16 16:47:19,934 INFO c.e.a.s.NotificationService [MessageBroker-16] ⏰ [Scheduler] Báo cáo hệ thống lúc: 2025-12-16T16:47:19.934194228 - Bởi: MessageBroker-16
2025-12-16 16:47:49,934 INFO c.e.a.s.NotificationService [MessageBroker-16] ⏰ [Scheduler] Báo cáo hệ thống lúc: 2025-12-16T16:47:49.934189345 - Bởi: MessageBroker-16
2025-12-16 16:48:19,934 INFO c.e.a.s.NotificationService [MessageBroker-16] ⏰ [Scheduler] Báo cáo hệ thống lúc: 2025-12-16T16:48:19.934372497 - Bởi: MessageBroker-16
2025-12-16 16:48:49,934 INFO c.e.a.s.NotificationService [MessageBroker-16] ⏰ [Scheduler] Báo cáo hệ thống lúc: 2025-12-16T16:48:49.934273520 - Bởi: MessageBroker-16
2025-12-16 16:49:19,934 INFO c.e.a.s.NotificationService [MessageBroker-16] ⏰ [Scheduler] Báo cáo hệ thống lúc: 2025-12-16T16:49:19.934142809 - Bởi: MessageBroker-16
2025-12-16 16:49:49,934 INFO c.e.a.s.NotificationService [MessageBroker-16] ⏰ [Scheduler] Báo cáo hệ thống lúc: 2025-12-16T16:49:49.934150876 - Bởi: MessageBroker-16
2025-12-16 16:50:19,934 INFO c.e.a.s.NotificationService [MessageBroker-16] ⏰ [Scheduler] Báo cáo hệ thống lúc: 2025-12-16T16:50:19.934306293 - Bởi: MessageBroker-16
2025-12-16 16:50:49,934 INFO c.e.a.s.NotificationService [MessageBroker-16] ⏰ [Scheduler] Báo cáo hệ thống lúc: 2025-12-16T16:50:49.934151767 - Bởi: MessageBroker-16
2025-12-16 16:51:19,934 INFO c.e.a.s.NotificationService [MessageBroker-16] ⏰ [Scheduler] Báo cáo hệ thống lúc: 2025-12-16T16:51:19.934407354 - Bởi: MessageBroker-16
2025-12-16 16:51:49,934 INFO c.e.a.s.NotificationService [MessageBroker-16] ⏰ [Scheduler] Báo cáo hệ thống lúc: 2025-12-16T16:51:49.934163795 - Bởi: MessageBroker-16
2025-12-16 16:52:19,934 INFO c.e.a.s.NotificationService [MessageBroker-16] ⏰ [Scheduler] Báo cáo hệ thống lúc: 2025-12-16T16:52:19.934184797 - Bởi: MessageBroker-16
2025-12-16 16:52:49,934 INFO c.e.a.s.NotificationService [MessageBroker-16] ⏰ [Scheduler] Báo cáo hệ thống lúc: 2025-12-16T16:52:49.934156098 - Bởi: MessageBroker-16
2025-12-16 16:53:19,934 INFO c.e.a.s.NotificationService [MessageBroker-16] ⏰ [Scheduler] Báo cáo hệ thống lúc: 2025-12-16T16:53:19.934173509 - Bởi: MessageBroker-16
2025-12-16 16:53:49,934 INFO c.e.a.s.NotificationService [MessageBroker-16] ⏰ [Scheduler] Báo cáo hệ thống lúc: 2025-12-16T16:53:49.934116457 - Bởi: MessageBroker-16
2025-12-16 16:54:19,934 INFO c.e.a.s.NotificationService [MessageBroker-16] ⏰ [Scheduler] Báo cáo hệ thống lúc: 2025-12-16T16:54:19.934245593 - Bởi: MessageBroker-16
2025-12-16 16:54:49,934 INFO c.e.a.s.NotificationService [MessageBroker-16] ⏰ [Scheduler] Báo cáo hệ thống lúc: 2025-12-16T16:54:49.934208886 - Bởi: MessageBroker-16
2025-12-16 16:55:19,934 INFO c.e.a.s.NotificationService [MessageBroker-16] ⏰ [Scheduler] Báo cáo hệ thống lúc: 2025-12-16T16:55:19.934121002 - Bởi: MessageBroker-16
2025-12-16 16:55:49,934 INFO c.e.a.s.NotificationService [MessageBroker-16] ⏰ [Scheduler] Báo cáo hệ thống lúc: 2025-12-16T16:55:49.934148620 - Bởi: MessageBroker-16
2025-12-16 16:56:19,934 INFO c.e.a.s.NotificationService [MessageBroker-16] ⏰ [Scheduler] Báo cáo hệ thống lúc: 2025-12-16T16:56:19.934385676 - Bởi: MessageBroker-16
2025-12-16 16:56:49,934 INFO c.e.a.s.NotificationService [MessageBroker-16] ⏰ [Scheduler] Báo cáo hệ thống lúc: 2025-12-16T16:56:49.934378846 - Bởi: MessageBroker-16
2025-12-16 16:57:19,934 INFO c.e.a.s.NotificationService [MessageBroker-16] ⏰ [Scheduler] Báo cáo hệ thống lúc: 2025-12-16T16:57:19.934240912 - Bởi: MessageBroker-16
2025-12-16 16:57:49,934 INFO c.e.a.s.NotificationService [MessageBroker-16] ⏰ [Scheduler] Báo cáo hệ thống lúc: 2025-12-16T16:57:49.934239961 - Bởi: MessageBroker-16
2025-12-16 16:58:19,934 INFO c.e.a.s.NotificationService [MessageBroker-16] ⏰ [Scheduler] Báo cáo hệ thống lúc: 2025-12-16T16:58:19.934374455 - Bởi: MessageBroker-16
2025-12-16 16:58:49,934 INFO c.e.a.s.NotificationService [MessageBroker-16] ⏰ [Scheduler] Báo cáo hệ thống lúc: 2025-12-16T16:58:49.934146757 - Bởi: MessageBroker-16
2025-12-16 16:59:19,934 INFO c.e.a.s.NotificationService [MessageBroker-16] ⏰ [Scheduler] Báo cáo hệ thống lúc: 2025-12-16T16:59:19.934225672 - Bởi: MessageBroker-16
2025-12-16 16:59:49,934 INFO c.e.a.s.NotificationService [MessageBroker-16] ⏰ [Scheduler] Báo cáo hệ thống lúc: 2025-12-16T16:59:49.934081784 - Bởi: MessageBroker-16
2025-12-16 17:00:19,934 INFO c.e.a.s.NotificationService [MessageBroker-16] ⏰ [Scheduler] Báo cáo hệ thống lúc: 2025-12-16T17:00:19.934085809 - Bởi: MessageBroker-16
2025-12-16 17:00:49,934 INFO c.e.a.s.NotificationService [MessageBroker-16] ⏰ [Scheduler] Báo cáo hệ thống lúc: 2025-12-16T17:00:49.934133976 - Bởi: MessageBroker-16
2025-12-16 17:01:19,934 INFO c.e.a.s.NotificationService [MessageBroker-16] ⏰ [Scheduler] Báo cáo hệ thống lúc: 2025-12-16T17:01:19.934081573 - Bởi: MessageBroker-16
2025-12-16 17:01:49,934 INFO c.e.a.s.NotificationService [MessageBroker-16] ⏰ [Scheduler] Báo cáo hệ thống lúc: 2025-12-16T17:01:49.934300217 - Bởi: MessageBroker-16
2025-12-16 17:02:19,934 INFO c.e.a.s.NotificationService [MessageBroker-16] ⏰ [Scheduler] Báo cáo hệ thống lúc: 2025-12-16T17:02:19.934466416 - Bởi: MessageBroker-16
2025-12-16 17:02:49,934 INFO c.e.a.s.NotificationService [MessageBroker-16] ⏰ [Scheduler] Báo cáo hệ thống lúc: 2025-12-16T17:02:49.934433001 - Bởi: MessageBroker-16
2025-12-16 17:03:19,934 INFO c.e.a.s.NotificationService [MessageBroker-16] ⏰ [Scheduler] Báo cáo hệ thống lúc: 2025-12-16T17:03:19.934097957 - Bởi: MessageBroker-16
2025-12-16 17:03:49,934 INFO c.e.a.s.NotificationService [MessageBroker-16] ⏰ [Scheduler] Báo cáo hệ thống lúc: 2025-12-16T17:03:49.934165816 - Bởi: MessageBroker-16
2025-12-16 17:04:19,934 INFO c.e.a.s.NotificationService [MessageBroker-16] ⏰ [Scheduler] Báo cáo hệ thống lúc: 2025-12-16T17:04:19.934136852 - Bởi: MessageBroker-16
2025-12-16 17:04:49,934 INFO c.e.a.s.NotificationService [MessageBroker-16] ⏰ [Scheduler] Báo cáo hệ thống lúc: 2025-12-16T17:04:49.934056896 - Bởi: MessageBroker-16
2025-12-16 17:05:19,934 INFO c.e.a.s.NotificationService [MessageBroker-16] ⏰ [Scheduler] Báo cáo hệ thống lúc: 2025-12-16T17:05:19.934073450 - Bởi: MessageBroker-16
2025-12-16 17:05:49,934 INFO c.e.a.s.NotificationService [MessageBroker-16] ⏰ [Scheduler] Báo cáo hệ thống lúc: 2025-12-16T17:05:49.934005279 - Bởi: MessageBroker-16
2025-12-16 17:06:19,927 INFO o.s.w.s.c.WebSocketMessageBrokerStats [MessageBroker-12] WebSocketSession[0 current WS(0)-HttpStream(0)-HttpPoll(0), 0 total, 0 closed abnormally (0 connect failure, 0 send limit, 0 transport error)], stompSubProtocol[processed CONNECT(0)-CONNECTED(0)-DISCONNECT(0)], stompBrokerRelay[null], inboundChannel[pool size = 0, active threads = 0, queued tasks = 0, completed tasks = 0], outboundChannel[pool size = 0, active threads = 0, queued tasks = 0, completed tasks = 0], sockJsScheduler[pool size = 16, active threads = 1, queued tasks = 1, completed tasks = 246]
2025-12-16 17:06:19,934 INFO c.e.a.s.NotificationService [MessageBroker-8] ⏰ [Scheduler] Báo cáo hệ thống lúc: 2025-12-16T17:06:19.934049651 - Bởi: MessageBroker-8
2025-12-16 17:06:49,934 INFO c.e.a.s.NotificationService [MessageBroker-8] ⏰ [Scheduler] Báo cáo hệ thống lúc: 2025-12-16T17:06:49.934167199 - Bởi: MessageBroker-8
2025-12-16 17:07:19,934 INFO c.e.a.s.NotificationService [MessageBroker-8] ⏰ [Scheduler] Báo cáo hệ thống lúc: 2025-12-16T17:07:19.934129003 - Bởi: MessageBroker-8
2025-12-16 17:07:49,934 INFO c.e.a.s.NotificationService [MessageBroker-8] ⏰ [Scheduler] Báo cáo hệ thống lúc: 2025-12-16T17:07:49.934234429 - Bởi: MessageBroker-8
2025-12-16 17:08:19,934 INFO c.e.a.s.NotificationService [MessageBroker-8] ⏰ [Scheduler] Báo cáo hệ thống lúc: 2025-12-16T17:08:19.934241309 - Bởi: MessageBroker-8
2025-12-16 17:08:49,934 INFO c.e.a.s.NotificationService [MessageBroker-8] ⏰ [Scheduler] Báo cáo hệ thống lúc: 2025-12-16T17:08:49.934122965 - Bởi: MessageBroker-8
2025-12-16 17:09:19,934 INFO c.e.a.s.NotificationService [MessageBroker-8] ⏰ [Scheduler] Báo cáo hệ thống lúc: 2025-12-16T17:09:19.934225216 - Bởi: MessageBroker-8
2025-12-16 17:09:49,934 INFO c.e.a.s.NotificationService [MessageBroker-8] ⏰ [Scheduler] Báo cáo hệ thống lúc: 2025-12-16T17:09:49.934148648 - Bởi: MessageBroker-8
2025-12-16 17:10:19,934 INFO c.e.a.s.NotificationService [MessageBroker-8] ⏰ [Scheduler] Báo cáo hệ thống lúc: 2025-12-16T17:10:19.934132496 - Bởi: MessageBroker-8
2025-12-16 17:10:49,934 INFO c.e.a.s.NotificationService [MessageBroker-8] ⏰ [Scheduler] Báo cáo hệ thống lúc: 2025-12-16T17:10:49.934027972 - Bởi: MessageBroker-8
2025-12-16 17:11:19,934 INFO c.e.a.s.NotificationService [MessageBroker-8] ⏰ [Scheduler] Báo cáo hệ thống lúc: 2025-12-16T17:11:19.934134779 - Bởi: MessageBroker-8
2025-12-16 17:11:49,934 INFO c.e.a.s.NotificationService [MessageBroker-8] ⏰ [Scheduler] Báo cáo hệ thống lúc: 2025-12-16T17:11:49.934069031 - Bởi: MessageBroker-8
2025-12-16 17:12:19,934 INFO c.e.a.s.NotificationService [MessageBroker-8] ⏰ [Scheduler] Báo cáo hệ thống lúc: 2025-12-16T17:12:19.934050037 - Bởi: MessageBroker-8
2025-12-16 17:12:32,274 INFO o.s.b.d.a.LocalDevToolsAutoConfiguration$RestartingClassPathChangeChangedEventListener [File Watcher] Restarting due to 3 class path changes (0 additions, 0 deletions, 3 modifications)
2025-12-16 17:12:32,280 INFO o.s.a.r.l.SimpleMessageListenerContainer [org.springframework.amqp.rabbit.RabbitListenerEndpointContainer#0-2] Waiting for workers to finish.
2025-12-16 17:12:32,433 INFO o.s.a.r.l.SimpleMessageListenerContainer [org.springframework.amqp.rabbit.RabbitListenerEndpointContainer#0-2] Successfully waited for workers to finish.
2025-12-16 17:12:32,434 INFO o.s.b.w.e.t.GracefulShutdown [Thread-51] Commencing graceful shutdown. Waiting for active requests to complete
2025-12-16 17:12:32,435 INFO o.a.j.l.DirectJDKLog [tomcat-shutdown] Pausing ProtocolHandler ["http-nio-8090"]
2025-12-16 17:12:32,436 INFO o.s.b.w.e.t.GracefulShutdown [tomcat-shutdown] Graceful shutdown complete
2025-12-16 17:12:32,436 INFO o.a.j.l.DirectJDKLog [Thread-51] Stopping ProtocolHandler ["http-nio-8090"]
2025-12-16 17:12:32,438 INFO o.s.c.l.CompositeLog [Thread-51] Stopping...
2025-12-16 17:12:32,438 INFO o.s.c.l.CompositeLog [Thread-51] BrokerAvailabilityEvent[available=false, SimpleBrokerMessageHandler [org.springframework.messaging.simp.broker.DefaultSubscriptionRegistry@4b8fbd77]]
2025-12-16 17:12:32,438 INFO o.s.c.l.CompositeLog [Thread-51] Stopped.
2025-12-16 17:12:32,440 INFO o.s.o.j.AbstractEntityManagerFactoryBean [Thread-51] Closing JPA EntityManagerFactory for persistence unit 'postgresPU'
2025-12-16 17:12:32,440 INFO c.z.h.HikariDataSource [Thread-51] HikariPool-26 - Shutdown initiated...
2025-12-16 17:12:32,446 INFO c.z.h.HikariDataSource [Thread-51] HikariPool-26 - Shutdown completed.
2025-12-16 17:12:32,446 INFO o.s.o.j.AbstractEntityManagerFactoryBean [Thread-51] Closing JPA EntityManagerFactory for persistence unit 'mysqlPU'
2025-12-16 17:12:32,446 INFO c.z.h.HikariDataSource [Thread-51] HikariPool-25 - Shutdown initiated...
2025-12-16 17:12:32,448 INFO c.z.h.HikariDataSource [Thread-51] HikariPool-25 - Shutdown completed.
2025-12-16 17:12:32,530 INFO o.s.b.StartupInfoLogger [restartedMain] Starting AdvancedApplication using Java 21.0.8 with PID 103324 (/home/cao.thanh.sang@sun-asterisk.com/Downloads/advanced/target/classes started by cao.thanh.sang@sun-asterisk.com in /home/cao.thanh.sang@sun-asterisk.com/Downloads/advanced)
2025-12-16 17:12:32,530 DEBUG o.s.b.StartupInfoLogger [restartedMain] Running with Spring Boot v3.5.8, Spring v6.2.14
2025-12-16 17:12:32,530 INFO o.s.b.SpringApplication [restartedMain] No active profile set, falling back to 1 default profile: "default"
2025-12-16 17:12:32,583 INFO o.s.d.r.c.RepositoryConfigurationDelegate [restartedMain] Bootstrapping Spring Data JPA repositories in DEFAULT mode.
2025-12-16 17:12:32,585 INFO o.s.d.r.c.RepositoryConfigurationDelegate [restartedMain] Finished Spring Data repository scanning in 2 ms. Found 1 JPA repository interface.
2025-12-16 17:12:32,585 INFO o.s.d.r.c.RepositoryConfigurationDelegate [restartedMain] Bootstrapping Spring Data JPA repositories in DEFAULT mode.
2025-12-16 17:12:32,587 INFO o.s.d.r.c.RepositoryConfigurationDelegate [restartedMain] Finished Spring Data repository scanning in 1 ms. Found 1 JPA repository interface.
2025-12-16 17:12:32,665 INFO o.s.b.w.e.t.TomcatWebServer [restartedMain] Tomcat initialized with port 8090 (http)
2025-12-16 17:12:32,666 INFO o.a.j.l.DirectJDKLog [restartedMain] Initializing ProtocolHandler ["http-nio-8090"]
2025-12-16 17:12:32,666 INFO o.a.j.l.DirectJDKLog [restartedMain] Starting service [Tomcat]
2025-12-16 17:12:32,666 INFO o.a.j.l.DirectJDKLog [restartedMain] Starting Servlet engine: [Apache Tomcat/10.1.49]
2025-12-16 17:12:32,671 INFO o.a.j.l.DirectJDKLog [restartedMain] Initializing Spring embedded WebApplicationContext
2025-12-16 17:12:32,672 INFO o.s.b.w.s.c.ServletWebServerApplicationContext [restartedMain] Root WebApplicationContext: initialization completed in 141 ms
2025-12-16 17:12:32,690 INFO c.z.h.HikariDataSource [restartedMain] HikariPool-27 - Starting...
2025-12-16 17:12:32,693 INFO c.z.h.p.HikariPool [restartedMain] HikariPool-27 - Added connection com.mysql.cj.jdbc.ConnectionImpl@c62baa9
2025-12-16 17:12:32,693 INFO c.z.h.HikariDataSource [restartedMain] HikariPool-27 - Start completed.
2025-12-16 17:12:32,694 INFO o.h.j.i.u.LogHelper [restartedMain] HHH000204: Processing PersistenceUnitInfo [name: mysqlPU]
2025-12-16 17:12:32,695 INFO o.h.c.i.RegionFactoryInitiator [restartedMain] HHH000026: Second-level cache disabled
2025-12-16 17:12:32,698 INFO o.s.o.j.p.SpringPersistenceUnitInfo [restartedMain] No LoadTimeWeaver setup: ignoring JPA class transformer
2025-12-16 17:12:32,699 WARN o.h.e.j.d.i.DialectFactoryImpl [restartedMain] HHH90000025: MySQLDialect does not need to be specified explicitly using 'hibernate.dialect' (remove the property setting and it will be selected by default)
2025-12-16 17:12:32,700 INFO o.h.e.j.e.i.JdbcEnvironmentInitiator [restartedMain] HHH10001005: Database info:
	Database JDBC URL [Connecting through datasource 'HikariDataSource (HikariPool-27)']
	Database driver: undefined/unknown
	Database version: 8.0.44
	Autocommit mode: undefined/unknown
	Isolation level: undefined/unknown
	Minimum pool size: undefined/unknown
	Maximum pool size: undefined/unknown
2025-12-16 17:12:32,721 INFO o.h.e.t.j.p.i.JtaPlatformInitiator [restartedMain] HHH000489: No JTA platform available (set 'hibernate.transaction.jta.platform' to enable JTA platform integration)
2025-12-16 17:12:32,731 INFO o.s.o.j.AbstractEntityManagerFactoryBean [restartedMain] Initialized JPA EntityManagerFactory for persistence unit 'mysqlPU'
2025-12-16 17:12:32,738 INFO c.z.h.HikariDataSource [restartedMain] HikariPool-28 - Starting...
2025-12-16 17:12:32,751 INFO c.z.h.p.HikariPool [restartedMain] HikariPool-28 - Added connection org.postgresql.jdbc.PgConnection@5594c296
2025-12-16 17:12:32,751 INFO c.z.h.HikariDataSource [restartedMain] HikariPool-28 - Start completed.
2025-12-16 17:12:32,752 INFO o.h.j.i.u.LogHelper [restartedMain] HHH000204: Processing PersistenceUnitInfo [name: postgresPU]
2025-12-16 17:12:32,753 INFO o.h.c.i.RegionFactoryInitiator [restartedMain] HHH000026: Second-level cache disabled
2025-12-16 17:12:32,755 INFO o.s.o.j.p.SpringPersistenceUnitInfo [restartedMain] No LoadTimeWeaver setup: ignoring JPA class transformer
2025-12-16 17:12:32,759 WARN o.h.e.j.d.i.DialectFactoryImpl [restartedMain] HHH90000025: PostgreSQLDialect does not need to be specified explicitly using 'hibernate.dialect' (remove the property setting and it will be selected by default)
2025-12-16 17:12:32,760 INFO o.h.e.j.e.i.JdbcEnvironmentInitiator [restartedMain] HHH10001005: Database info:
	Database JDBC URL [Connecting through datasource 'HikariDataSource (HikariPool-28)']
	Database driver: undefined/unknown
	Database version: 14.20
	Autocommit mode: undefined/unknown
	Isolation level: undefined/unknown
	Minimum pool size: undefined/unknown
	Maximum pool size: undefined/unknown
2025-12-16 17:12:32,772 INFO o.h.e.t.j.p.i.JtaPlatformInitiator [restartedMain] HHH000489: No JTA platform available (set 'hibernate.transaction.jta.platform' to enable JTA platform integration)
2025-12-16 17:12:32,778 INFO o.s.o.j.AbstractEntityManagerFactoryBean [restartedMain] Initialized JPA EntityManagerFactory for persistence unit 'postgresPU'
2025-12-16 17:12:32,826 INFO o.s.w.s.s.SaajSoapMessageFactory [restartedMain] Creating SAAJ 1.3 MessageFactory with SOAP 1.1 Protocol
2025-12-16 17:12:32,887 WARN o.s.b.a.o.j.JpaBaseConfiguration$JpaWebConfiguration [restartedMain] spring.jpa.open-in-view is enabled by default. Therefore, database queries may be performed during view rendering. Explicitly configure spring.jpa.open-in-view to disable this warning
2025-12-16 17:12:32,947 INFO o.s.v.b.OptionalValidatorFactoryBean [restartedMain] Failed to set up a Bean Validation provider: jakarta.validation.NoProviderFoundException: Unable to create a Configuration, because no Jakarta Bean Validation provider could be found. Add a provider like Hibernate Validator (RI) to your classpath.
2025-12-16 17:12:33,014 INFO o.s.w.s.a.s.AbstractAddressingEndpointMapping [restartedMain] Supporting [WS-Addressing August 2004, WS-Addressing 1.0]
2025-12-16 17:12:33,019 INFO o.s.b.d.a.OptionalLiveReloadServer [restartedMain] LiveReload server is running on port 35729
2025-12-16 17:12:33,025 INFO o.s.c.l.CompositeLog [restartedMain] Starting...
2025-12-16 17:12:33,025 INFO o.s.c.l.CompositeLog [restartedMain] BrokerAvailabilityEvent[available=true, SimpleBrokerMessageHandler [org.springframework.messaging.simp.broker.DefaultSubscriptionRegistry@251eef63]]
2025-12-16 17:12:33,025 INFO o.s.c.l.CompositeLog [restartedMain] Started.
2025-12-16 17:12:33,025 INFO o.a.j.l.DirectJDKLog [restartedMain] Starting ProtocolHandler ["http-nio-8090"]
2025-12-16 17:12:33,026 INFO o.s.b.w.e.t.TomcatWebServer [restartedMain] Tomcat started on port 8090 (http) with context path '/'
2025-12-16 17:12:33,027 INFO o.s.a.r.c.AbstractConnectionFactory [restartedMain] Attempting to connect to: [localhost:5672]
2025-12-16 17:12:33,034 INFO o.s.a.r.c.AbstractConnectionFactory [restartedMain] Created new connection: rabbitConnectionFactory#1629397b:0/SimpleConnection@fb1abae [delegate=amqp://guest@127.0.0.1:5672/, localPort=51246]
2025-12-16 17:12:33,042 INFO c.e.a.s.NotificationService [MessageBroker-1] ⏰ [Scheduler] Báo cáo hệ thống lúc: 2025-12-16T17:12:33.042029846 - Bởi: MessageBroker-1
2025-12-16 17:12:33,042 INFO o.s.b.StartupInfoLogger [restartedMain] Started AdvancedApplication in 0.526 seconds (process running for 8042.715)
2025-12-16 17:12:33,043 INFO o.s.b.d.a.ConditionEvaluationDeltaLoggingListener [restartedMain] Condition evaluation unchanged
2025-12-16 17:13:03,042 INFO c.e.a.s.NotificationService [MessageBroker-2] ⏰ [Scheduler] Báo cáo hệ thống lúc: 2025-12-16T17:13:03.042185137 - Bởi: MessageBroker-2
2025-12-16 17:13:33,023 INFO o.s.w.s.c.WebSocketMessageBrokerStats [MessageBroker-1] WebSocketSession[0 current WS(0)-HttpStream(0)-HttpPoll(0), 0 total, 0 closed abnormally (0 connect failure, 0 send limit, 0 transport error)], stompSubProtocol[processed CONNECT(0)-CONNECTED(0)-DISCONNECT(0)], stompBrokerRelay[null], inboundChannel[pool size = 0, active threads = 0, queued tasks = 0, completed tasks = 0], outboundChannel[pool size = 0, active threads = 0, queued tasks = 0, completed tasks = 0], sockJsScheduler[pool size = 4, active threads = 1, queued tasks = 1, completed tasks = 2]
2025-12-16 17:13:33,042 INFO c.e.a.s.NotificationService [MessageBroker-3] ⏰ [Scheduler] Báo cáo hệ thống lúc: 2025-12-16T17:13:33.042259300 - Bởi: MessageBroker-3
2025-12-16 17:14:03,042 INFO c.e.a.s.NotificationService [MessageBroker-4] ⏰ [Scheduler] Báo cáo hệ thống lúc: 2025-12-16T17:14:03.042180878 - Bởi: MessageBroker-4
2025-12-16 17:14:33,042 INFO c.e.a.s.NotificationService [MessageBroker-5] ⏰ [Scheduler] Báo cáo hệ thống lúc: 2025-12-16T17:14:33.042006715 - Bởi: MessageBroker-5
2025-12-16 17:15:03,042 INFO c.e.a.s.NotificationService [MessageBroker-3] ⏰ [Scheduler] Báo cáo hệ thống lúc: 2025-12-16T17:15:03.042161820 - Bởi: MessageBroker-3
2025-12-16 17:15:33,042 INFO c.e.a.s.NotificationService [MessageBroker-1] ⏰ [Scheduler] Báo cáo hệ thống lúc: 2025-12-16T17:15:33.042162284 - Bởi: MessageBroker-1
2025-12-16 17:16:03,042 INFO c.e.a.s.NotificationService [MessageBroker-7] ⏰ [Scheduler] Báo cáo hệ thống lúc: 2025-12-16T17:16:03.042153944 - Bởi: MessageBroker-7
2025-12-16 17:16:33,042 INFO c.e.a.s.NotificationService [MessageBroker-5] ⏰ [Scheduler] Báo cáo hệ thống lúc: 2025-12-16T17:16:33.042015871 - Bởi: MessageBroker-5
2025-12-16 17:17:03,042 INFO c.e.a.s.NotificationService [MessageBroker-6] ⏰ [Scheduler] Báo cáo hệ thống lúc: 2025-12-16T17:17:03.042111474 - Bởi: MessageBroker-6
2025-12-16 17:17:33,042 INFO c.e.a.s.NotificationService [MessageBroker-9] ⏰ [Scheduler] Báo cáo hệ thống lúc: 2025-12-16T17:17:33.042213065 - Bởi: MessageBroker-9
2025-12-16 17:18:03,042 INFO c.e.a.s.NotificationService [MessageBroker-1] ⏰ [Scheduler] Báo cáo hệ thống lúc: 2025-12-16T17:18:03.042127331 - Bởi: MessageBroker-1
2025-12-16 17:18:33,042 INFO c.e.a.s.NotificationService [MessageBroker-2] ⏰ [Scheduler] Báo cáo hệ thống lúc: 2025-12-16T17:18:33.042231231 - Bởi: MessageBroker-2
2025-12-16 17:19:03,042 INFO c.e.a.s.NotificationService [MessageBroker-11] ⏰ [Scheduler] Báo cáo hệ thống lúc: 2025-12-16T17:19:03.042262793 - Bởi: MessageBroker-11
2025-12-16 17:19:33,042 INFO c.e.a.s.NotificationService [MessageBroker-11] ⏰ [Scheduler] Báo cáo hệ thống lúc: 2025-12-16T17:19:33.042251833 - Bởi: MessageBroker-11
2025-12-16 17:20:03,042 INFO c.e.a.s.NotificationService [MessageBroker-11] ⏰ [Scheduler] Báo cáo hệ thống lúc: 2025-12-16T17:20:03.042037801 - Bởi: MessageBroker-11
2025-12-16 17:20:33,042 INFO c.e.a.s.NotificationService [MessageBroker-11] ⏰ [Scheduler] Báo cáo hệ thống lúc: 2025-12-16T17:20:33.042074036 - Bởi: MessageBroker-11
2025-12-16 17:21:03,042 INFO c.e.a.s.NotificationService [MessageBroker-11] ⏰ [Scheduler] Báo cáo hệ thống lúc: 2025-12-16T17:21:03.042130158 - Bởi: MessageBroker-11
2025-12-16 17:21:33,042 INFO c.e.a.s.NotificationService [MessageBroker-11] ⏰ [Scheduler] Báo cáo hệ thống lúc: 2025-12-16T17:21:33.042079775 - Bởi: MessageBroker-11
2025-12-16 17:22:03,042 INFO c.e.a.s.NotificationService [MessageBroker-11] ⏰ [Scheduler] Báo cáo hệ thống lúc: 2025-12-16T17:22:03.042026476 - Bởi: MessageBroker-11
2025-12-16 17:22:33,042 INFO c.e.a.s.NotificationService [MessageBroker-11] ⏰ [Scheduler] Báo cáo hệ thống lúc: 2025-12-16T17:22:33.042049270 - Bởi: MessageBroker-11
2025-12-16 17:23:03,042 INFO c.e.a.s.NotificationService [MessageBroker-11] ⏰ [Scheduler] Báo cáo hệ thống lúc: 2025-12-16T17:23:03.042028682 - Bởi: MessageBroker-11
2025-12-16 17:23:33,042 INFO c.e.a.s.NotificationService [MessageBroker-11] ⏰ [Scheduler] Báo cáo hệ thống lúc: 2025-12-16T17:23:33.042137246 - Bởi: MessageBroker-11
2025-12-16 17:24:03,042 INFO c.e.a.s.NotificationService [MessageBroker-11] ⏰ [Scheduler] Báo cáo hệ thống lúc: 2025-12-16T17:24:03.042070311 - Bởi: MessageBroker-11
2025-12-16 17:24:33,042 INFO c.e.a.s.NotificationService [MessageBroker-11] ⏰ [Scheduler] Báo cáo hệ thống lúc: 2025-12-16T17:24:33.042168332 - Bởi: MessageBroker-11
2025-12-16 17:25:03,042 INFO c.e.a.s.NotificationService [MessageBroker-11] ⏰ [Scheduler] Báo cáo hệ thống lúc: 2025-12-16T17:25:03.042035722 - Bởi: MessageBroker-11
2025-12-16 17:25:33,042 INFO c.e.a.s.NotificationService [MessageBroker-11] ⏰ [Scheduler] Báo cáo hệ thống lúc: 2025-12-16T17:25:33.042073731 - Bởi: MessageBroker-11
2025-12-16 17:26:03,042 INFO c.e.a.s.NotificationService [MessageBroker-11] ⏰ [Scheduler] Báo cáo hệ thống lúc: 2025-12-16T17:26:03.042026850 - Bởi: MessageBroker-11
2025-12-16 17:26:33,042 INFO c.e.a.s.NotificationService [MessageBroker-11] ⏰ [Scheduler] Báo cáo hệ thống lúc: 2025-12-16T17:26:33.042029220 - Bởi: MessageBroker-11
2025-12-16 17:27:03,042 INFO c.e.a.s.NotificationService [MessageBroker-11] ⏰ [Scheduler] Báo cáo hệ thống lúc: 2025-12-16T17:27:03.041992357 - Bởi: MessageBroker-11
2025-12-16 17:27:33,042 INFO c.e.a.s.NotificationService [MessageBroker-11] ⏰ [Scheduler] Báo cáo hệ thống lúc: 2025-12-16T17:27:33.042250764 - Bởi: MessageBroker-11
2025-12-16 17:28:03,042 INFO c.e.a.s.NotificationService [MessageBroker-11] ⏰ [Scheduler] Báo cáo hệ thống lúc: 2025-12-16T17:28:03.042234744 - Bởi: MessageBroker-11
2025-12-16 17:28:33,042 INFO c.e.a.s.NotificationService [MessageBroker-11] ⏰ [Scheduler] Báo cáo hệ thống lúc: 2025-12-16T17:28:33.042066422 - Bởi: MessageBroker-11
2025-12-16 17:29:03,042 INFO c.e.a.s.NotificationService [MessageBroker-11] ⏰ [Scheduler] Báo cáo hệ thống lúc: 2025-12-16T17:29:03.042206024 - Bởi: MessageBroker-11
2025-12-16 17:29:33,042 INFO c.e.a.s.NotificationService [MessageBroker-11] ⏰ [Scheduler] Báo cáo hệ thống lúc: 2025-12-16T17:29:33.042080925 - Bởi: MessageBroker-11
2025-12-16 17:30:03,042 INFO c.e.a.s.NotificationService [MessageBroker-11] ⏰ [Scheduler] Báo cáo hệ thống lúc: 2025-12-16T17:30:03.042051769 - Bởi: MessageBroker-11
2025-12-16 17:30:33,042 INFO c.e.a.s.NotificationService [MessageBroker-11] ⏰ [Scheduler] Báo cáo hệ thống lúc: 2025-12-16T17:30:33.042031441 - Bởi: MessageBroker-11
2025-12-16 17:31:03,042 INFO c.e.a.s.NotificationService [MessageBroker-11] ⏰ [Scheduler] Báo cáo hệ thống lúc: 2025-12-16T17:31:03.042027195 - Bởi: MessageBroker-11
2025-12-16 17:31:33,042 INFO c.e.a.s.NotificationService [MessageBroker-11] ⏰ [Scheduler] Báo cáo hệ thống lúc: 2025-12-16T17:31:33.042034059 - Bởi: MessageBroker-11
2025-12-16 17:32:03,042 INFO c.e.a.s.NotificationService [MessageBroker-11] ⏰ [Scheduler] Báo cáo hệ thống lúc: 2025-12-16T17:32:03.042274591 - Bởi: MessageBroker-11
2025-12-16 17:32:33,042 INFO c.e.a.s.NotificationService [MessageBroker-11] ⏰ [Scheduler] Báo cáo hệ thống lúc: 2025-12-16T17:32:33.042095757 - Bởi: MessageBroker-11
2025-12-16 17:33:03,042 INFO c.e.a.s.NotificationService [MessageBroker-11] ⏰ [Scheduler] Báo cáo hệ thống lúc: 2025-12-16T17:33:03.042048563 - Bởi: MessageBroker-11
2025-12-16 17:33:33,042 INFO c.e.a.s.NotificationService [MessageBroker-11] ⏰ [Scheduler] Báo cáo hệ thống lúc: 2025-12-16T17:33:33.042065072 - Bởi: MessageBroker-11
2025-12-16 17:34:03,042 INFO c.e.a.s.NotificationService [MessageBroker-11] ⏰ [Scheduler] Báo cáo hệ thống lúc: 2025-12-16T17:34:03.042007215 - Bởi: MessageBroker-11
2025-12-16 17:34:33,042 INFO c.e.a.s.NotificationService [MessageBroker-11] ⏰ [Scheduler] Báo cáo hệ thống lúc: 2025-12-16T17:34:33.042029947 - Bởi: MessageBroker-11
2025-12-16 17:35:03,042 INFO c.e.a.s.NotificationService [MessageBroker-11] ⏰ [Scheduler] Báo cáo hệ thống lúc: 2025-12-16T17:35:03.042010066 - Bởi: MessageBroker-11
2025-12-16 17:35:33,042 INFO c.e.a.s.NotificationService [MessageBroker-11] ⏰ [Scheduler] Báo cáo hệ thống lúc: 2025-12-16T17:35:33.042031361 - Bởi: MessageBroker-11
2025-12-16 17:36:03,042 INFO c.e.a.s.NotificationService [MessageBroker-11] ⏰ [Scheduler] Báo cáo hệ thống lúc: 2025-12-16T17:36:03.042076412 - Bởi: MessageBroker-11
2025-12-16 17:36:33,042 INFO c.e.a.s.NotificationService [MessageBroker-11] ⏰ [Scheduler] Báo cáo hệ thống lúc: 2025-12-16T17:36:33.042020594 - Bởi: MessageBroker-11
2025-12-16 17:37:03,042 INFO c.e.a.s.NotificationService [MessageBroker-11] ⏰ [Scheduler] Báo cáo hệ thống lúc: 2025-12-16T17:37:03.042158768 - Bởi: MessageBroker-11
2025-12-16 17:37:33,042 INFO c.e.a.s.NotificationService [MessageBroker-11] ⏰ [Scheduler] Báo cáo hệ thống lúc: 2025-12-16T17:37:33.042168672 - Bởi: MessageBroker-11
2025-12-16 17:38:03,042 INFO c.e.a.s.NotificationService [MessageBroker-11] ⏰ [Scheduler] Báo cáo hệ thống lúc: 2025-12-16T17:38:03.042185270 - Bởi: MessageBroker-11
2025-12-16 17:38:33,042 INFO c.e.a.s.NotificationService [MessageBroker-11] ⏰ [Scheduler] Báo cáo hệ thống lúc: 2025-12-16T17:38:33.042141201 - Bởi: MessageBroker-11
2025-12-16 17:39:03,042 INFO c.e.a.s.NotificationService [MessageBroker-11] ⏰ [Scheduler] Báo cáo hệ thống lúc: 2025-12-16T17:39:03.042089830 - Bởi: MessageBroker-11
2025-12-16 17:39:33,042 INFO c.e.a.s.NotificationService [MessageBroker-11] ⏰ [Scheduler] Báo cáo hệ thống lúc: 2025-12-16T17:39:33.042205719 - Bởi: MessageBroker-11
2025-12-16 17:40:03,042 INFO c.e.a.s.NotificationService [MessageBroker-11] ⏰ [Scheduler] Báo cáo hệ thống lúc: 2025-12-16T17:40:03.042255808 - Bởi: MessageBroker-11
2025-12-16 17:40:33,042 INFO c.e.a.s.NotificationService [MessageBroker-11] ⏰ [Scheduler] Báo cáo hệ thống lúc: 2025-12-16T17:40:33.042188065 - Bởi: MessageBroker-11
2025-12-16 17:41:03,042 INFO c.e.a.s.NotificationService [MessageBroker-11] ⏰ [Scheduler] Báo cáo hệ thống lúc: 2025-12-16T17:41:03.042067415 - Bởi: MessageBroker-11
2025-12-16 17:41:33,042 INFO c.e.a.s.NotificationService [MessageBroker-11] ⏰ [Scheduler] Báo cáo hệ thống lúc: 2025-12-16T17:41:33.042032442 - Bởi: MessageBroker-11
2025-12-16 17:42:03,042 INFO c.e.a.s.NotificationService [MessageBroker-11] ⏰ [Scheduler] Báo cáo hệ thống lúc: 2025-12-16T17:42:03.042214236 - Bởi: MessageBroker-11
2025-12-16 17:42:33,042 INFO c.e.a.s.NotificationService [MessageBroker-11] ⏰ [Scheduler] Báo cáo hệ thống lúc: 2025-12-16T17:42:33.042158699 - Bởi: MessageBroker-11
2025-12-16 17:43:03,042 INFO c.e.a.s.NotificationService [MessageBroker-11] ⏰ [Scheduler] Báo cáo hệ thống lúc: 2025-12-16T17:43:03.042017884 - Bởi: MessageBroker-11
2025-12-16 17:43:33,024 INFO o.s.w.s.c.WebSocketMessageBrokerStats [MessageBroker-10] WebSocketSession[0 current WS(0)-HttpStream(0)-HttpPoll(0), 0 total, 0 closed abnormally (0 connect failure, 0 send limit, 0 transport error)], stompSubProtocol[processed CONNECT(0)-CONNECTED(0)-DISCONNECT(0)], stompBrokerRelay[null], inboundChannel[pool size = 0, active threads = 0, queued tasks = 0, completed tasks = 0], outboundChannel[pool size = 0, active threads = 0, queued tasks = 0, completed tasks = 0], sockJsScheduler[pool size = 16, active threads = 1, queued tasks = 1, completed tasks = 63]
2025-12-16 17:43:33,042 INFO c.e.a.s.NotificationService [MessageBroker-4] ⏰ [Scheduler] Báo cáo hệ thống lúc: 2025-12-16T17:43:33.042179077 - Bởi: MessageBroker-4
2025-12-16 17:44:03,043 INFO c.e.a.s.NotificationService [MessageBroker-4] ⏰ [Scheduler] Báo cáo hệ thống lúc: 2025-12-16T17:44:03.043569497 - Bởi: MessageBroker-4
2025-12-16 17:44:33,042 INFO c.e.a.s.NotificationService [MessageBroker-4] ⏰ [Scheduler] Báo cáo hệ thống lúc: 2025-12-16T17:44:33.042029619 - Bởi: MessageBroker-4
2025-12-16 17:45:03,042 INFO c.e.a.s.NotificationService [MessageBroker-4] ⏰ [Scheduler] Báo cáo hệ thống lúc: 2025-12-16T17:45:03.042163516 - Bởi: MessageBroker-4
2025-12-16 17:45:33,042 INFO c.e.a.s.NotificationService [MessageBroker-4] ⏰ [Scheduler] Báo cáo hệ thống lúc: 2025-12-16T17:45:33.042058786 - Bởi: MessageBroker-4
2025-12-16 17:46:03,042 INFO c.e.a.s.NotificationService [MessageBroker-4] ⏰ [Scheduler] Báo cáo hệ thống lúc: 2025-12-16T17:46:03.042246872 - Bởi: MessageBroker-4
2025-12-16 17:46:33,042 INFO c.e.a.s.NotificationService [MessageBroker-4] ⏰ [Scheduler] Báo cáo hệ thống lúc: 2025-12-16T17:46:33.042248023 - Bởi: MessageBroker-4
2025-12-16 17:47:00,519 INFO o.s.b.d.a.LocalDevToolsAutoConfiguration$RestartingClassPathChangeChangedEventListener [File Watcher] Restarting due to 1 class path change (0 additions, 0 deletions, 1 modification)
2025-12-16 17:47:00,524 INFO o.s.a.r.l.SimpleMessageListenerContainer [org.springframework.amqp.rabbit.RabbitListenerEndpointContainer#0-2] Waiting for workers to finish.
2025-12-16 17:47:01,423 INFO o.s.a.r.l.SimpleMessageListenerContainer [org.springframework.amqp.rabbit.RabbitListenerEndpointContainer#0-2] Successfully waited for workers to finish.
2025-12-16 17:47:01,424 INFO o.s.b.w.e.t.GracefulShutdown [Thread-55] Commencing graceful shutdown. Waiting for active requests to complete
2025-12-16 17:47:01,426 INFO o.a.j.l.DirectJDKLog [tomcat-shutdown] Pausing ProtocolHandler ["http-nio-8090"]
2025-12-16 17:47:01,427 INFO o.s.b.w.e.t.GracefulShutdown [tomcat-shutdown] Graceful shutdown complete
2025-12-16 17:47:01,428 INFO o.a.j.l.DirectJDKLog [Thread-55] Stopping ProtocolHandler ["http-nio-8090"]
2025-12-16 17:47:01,429 INFO o.s.c.l.CompositeLog [Thread-55] Stopping...
2025-12-16 17:47:01,430 INFO o.s.c.l.CompositeLog [Thread-55] BrokerAvailabilityEvent[available=false, SimpleBrokerMessageHandler [org.springframework.messaging.simp.broker.DefaultSubscriptionRegistry@251eef63]]
2025-12-16 17:47:01,430 INFO o.s.c.l.CompositeLog [Thread-55] Stopped.
2025-12-16 17:47:01,433 INFO o.s.o.j.AbstractEntityManagerFactoryBean [Thread-55] Closing JPA EntityManagerFactory for persistence unit 'postgresPU'
2025-12-16 17:47:01,434 INFO c.z.h.HikariDataSource [Thread-55] HikariPool-28 - Shutdown initiated...
2025-12-16 17:47:01,437 INFO c.z.h.HikariDataSource [Thread-55] HikariPool-28 - Shutdown completed.
2025-12-16 17:47:01,438 INFO o.s.o.j.AbstractEntityManagerFactoryBean [Thread-55] Closing JPA EntityManagerFactory for persistence unit 'mysqlPU'
2025-12-16 17:47:01,438 INFO c.z.h.HikariDataSource [Thread-55] HikariPool-27 - Shutdown initiated...
2025-12-16 17:47:01,440 INFO c.z.h.HikariDataSource [Thread-55] HikariPool-27 - Shutdown completed.
2025-12-16 17:47:01,523 INFO o.s.b.StartupInfoLogger [restartedMain] Starting AdvancedApplication using Java 21.0.8 with PID 103324 (/home/cao.thanh.sang@sun-asterisk.com/Downloads/advanced/target/classes started by cao.thanh.sang@sun-asterisk.com in /home/cao.thanh.sang@sun-asterisk.com/Downloads/advanced)
2025-12-16 17:47:01,523 DEBUG o.s.b.StartupInfoLogger [restartedMain] Running with Spring Boot v3.5.8, Spring v6.2.14
2025-12-16 17:47:01,523 INFO o.s.b.SpringApplication [restartedMain] No active profile set, falling back to 1 default profile: "default"
2025-12-16 17:47:01,566 INFO o.s.d.r.c.RepositoryConfigurationDelegate [restartedMain] Bootstrapping Spring Data JPA repositories in DEFAULT mode.
2025-12-16 17:47:01,569 INFO o.s.d.r.c.RepositoryConfigurationDelegate [restartedMain] Finished Spring Data repository scanning in 1 ms. Found 1 JPA repository interface.
2025-12-16 17:47:01,569 INFO o.s.d.r.c.RepositoryConfigurationDelegate [restartedMain] Bootstrapping Spring Data JPA repositories in DEFAULT mode.
2025-12-16 17:47:01,570 INFO o.s.d.r.c.RepositoryConfigurationDelegate [restartedMain] Finished Spring Data repository scanning in 0 ms. Found 1 JPA repository interface.
2025-12-16 17:47:01,623 INFO o.s.b.w.e.t.TomcatWebServer [restartedMain] Tomcat initialized with port 8090 (http)
2025-12-16 17:47:01,623 INFO o.a.j.l.DirectJDKLog [restartedMain] Initializing ProtocolHandler ["http-nio-8090"]
2025-12-16 17:47:01,623 INFO o.a.j.l.DirectJDKLog [restartedMain] Starting service [Tomcat]
2025-12-16 17:47:01,623 INFO o.a.j.l.DirectJDKLog [restartedMain] Starting Servlet engine: [Apache Tomcat/10.1.49]
2025-12-16 17:47:01,628 INFO o.a.j.l.DirectJDKLog [restartedMain] Initializing Spring embedded WebApplicationContext
2025-12-16 17:47:01,628 INFO o.s.b.w.s.c.ServletWebServerApplicationContext [restartedMain] Root WebApplicationContext: initialization completed in 104 ms
2025-12-16 17:47:01,640 INFO c.z.h.HikariDataSource [restartedMain] HikariPool-29 - Starting...
